CAS Reg. No.,PubChem SMILES,Mol. wt.,JR Tc /K,CRC Tc /K
75-07-0,CC=O,44.05300000000001,465.6075606990606,462.0
64-19-7,CC(=O)O,60.052000000000014,587.5519968560475,593.0
67-64-1,CC(=O)C,58.08000000000001,500.5590049525365,508.1
75-05-8,CC#N,41.053,541.6792346258255,545.47
98-86-2,CC(=O)C1=CC=CC=C1,120.15099999999994,685.08464,709.5
74-86-2,C#C,26.038,367.6284387855539,308.4
107-13-1,C=CC#N,53.06400000000001,564.8147555346306,540.0
463-49-0,C=C=C,40.06500000000001,429.0230550483101,394.0
107-18-6,C=CCO,58.08000000000002,522.5633213287666,539.8
107-11-9,C=CCN,57.09600000000002,523.5856035852014,540.0
557-31-3,CCOCC=C,86.13399999999994,500.88862996193086,518.0
90-41-5,C1=CC=C(C=C1)C2=CC=CC=C2N,169.2270000000001,864.1014361939148,838.0
929-06-6,C(COCCO)N,105.13699999999994,653.5993625,721.0
111-41-1,C(CNCCO)N,104.15299999999992,684.7412648970977,739.0
62-53-3,C1=CC=C(C=C1)N,93.12899999999996,666.3174417,704.0
100-66-3,COC1=CC=CC=C1,108.13999999999994,619.7171860917068,646.1
71-43-2,C1=CC=CC=C1,78.11399999999996,570.0275090971036,562.0
103-82-2,C1=CC=C(C=C1)CC(=O)O,136.15000000000006,783.1785394823377,766.0
1821-12-1,C1=CC=C(C=C1)CCCC(=O)O,164.2040000000001,820.5988889,783.0
3360-41-6,C1=CC=C(C=C1)CCCCO,150.22100000000012,739.7404703974047,746.0
60-12-8,C1=CC=C(C=C1)CCO,122.16699999999992,699.0597722729503,724.0
2270-20-4,C1=CC=C(C=C1)CCCCC(=O)O,178.2310000000001,839.6336947006937,790.0
501-52-0,C1=CC=C(C=C1)CCC(=O)O,150.17700000000008,801.7957471169163,776.0
122-97-4,C1=CC=C(C=C1)CCCO,136.19400000000005,719.3602212838631,732.0
100-47-0,C1=CC=C(C=C1)C#N,103.12399999999997,724.5657896526423,691.0
119-61-9,C1=CC=C(C=C1)C(=O)C2=CC=CC=C2,182.2220000000001,856.7352916923714,830.0
95-15-8,C1=CC=C2C(=C1)C=CS2,134.20300000000003,722.1662616786178,764.0
100-51-6,C1=CC=C(C=C1)CO,108.13999999999994,678.7813436985977,715.0
90-42-6,C1CCC(CC1)C2CCCCC2=O,180.29100000000017,828.4453706801168,787.0
1636-39-1,C1CCC(C1)C2CCCC2,138.25400000000005,681.1045314405663,690.0
92-52-4,C1=CC=C(C=C1)C2=CC=CC=C2,154.21200000000007,777.4835848855495,773.0
111-40-0,C(CNCCN)N,103.16899999999994,686.2596150249357,710.0
1691-17-4,C(OC(F)F)(F)F,118.029,396.4413687874884,420.25
117-81-7,CCCCC(CC)COC(=O)C1=CC=CC=C1C(=O)OCC(CC)CCCC,390.56399999999945,1099.818449059823,835.0
105-59-9,CN(CCO)CCO,119.16399999999992,667.7482410298194,742.0
353-59-3,C(F)(F)(Cl)Br,165.364,508.4497375728235,427.7
1511-62-2,C(F)(F)Br,130.919,454.14094292830697,411.98
74-96-4,CCBr,108.96599999999997,497.21020734632873,503.9
1072-85-1,C1=CC=C(C(=C1)F)Br,175.00000000000003,658.0933118,669.6
1073-06-9,C1=CC(=CC(=C1)Br)F,175.0,658.0933118,652.0
460-00-4,C1=CC(=CC=C1F)Br,175.00000000000003,658.0933118,654.8
106-94-5,CCCBr,122.99299999999997,520.3317127116663,536.9
75-63-8,C(F)(F)(F)Br,148.909,447.7123946920677,340.06
392-83-6,C1=CC=C(C(=C1)C(F)(F)F)Br,225.00700000000003,663.4489918784282,656.5
401-78-5,C1=CC(=CC(=C1)Br)C(F)(F)F,225.007,663.4489918784282,627.1
402-43-7,C1=CC(=CC=C1C(F)(F)F)Br,225.00700000000003,663.4489918784282,629.8
106-99-0,C=CC=C,54.09200000000001,452.73162296011367,425.0
123-72-8,CCCC=O,72.10699999999996,512.8035166567421,537.0
106-97-8,CCCC,58.12400000000002,452.5176657848023,425.13
110-60-1,C(CCN)CN,88.15399999999995,633.5889962304811,651.0
26171-83-5,CCC(CO)O,90.12199999999994,636.7399515,680.0
107-88-0,CC(CCO)O,90.12199999999994,636.7399515,679.0
110-63-4,C(CCO)CO,90.12199999999996,634.0743117810654,724.0
109-74-0,CCCC#N,69.10699999999997,585.4280961564159,585.4
109-79-5,CCCCS,90.19099999999996,544.7083982730907,570.1
107-92-6,CCCC(=O)O,88.10599999999995,629.8268744212078,623.0
71-36-3,CCCCO,74.12299999999995,545.3646572314833,563.0
78-92-2,CCC(C)O,74.12299999999995,548.6277399575015,535.0
78-93-3,CCC(=O)C,72.10699999999997,523.6010609466688,537.0
106-98-9,CCC=C,56.10800000000002,452.5682667308418,419.3
590-18-1,CC=CC,56.10800000000002,466.3341724653108,435.7
624-64-6,CC=CC,56.10800000000002,466.3341724653108,428.6
111-76-2,CCCCOCCO,118.17599999999992,612.8266984382407,633.9
112-07-2,CCCCOCCOC(=O)C,160.21300000000014,634.7690557593809,640.0
5131-66-8,CCCCOCC(C)O,132.20299999999995,637.7192902,625.0
123-86-4,CCCCOC(=O)C,116.15999999999993,568.7707296849087,578.0
105-46-4,CCC(C)OC(=O)C,116.15999999999993,572.3857785005688,571.1
540-88-5,CC(=O)OC(C)(C)C,116.15999999999994,577.1769558826892,541.0
141-32-2,CCCCOC(=O)C=C,128.17099999999994,591.0088239558655,597.4
109-73-9,CCCCN,73.13899999999995,545.4252381283993,531.9
33966-50-6,CCC(C)N,73.13899999999995,549.4705319,514.3
75-64-9,CC(C)(C)N,73.13899999999995,555.0374313,483.7
104-51-8,CCCCC1=CC=CC=C1,134.222,659.7415262363742,660.5
36383-15-0,CCC(C)C1=CC=CC=C1,134.222,664.1651299,652.0
98-06-6,CC(C)(C)C1=CC=CC=C1,134.222,670.628438,648.0
136-60-7,CCCCOC(=O)C1=CC=CC=C1,178.2310000000001,742.8812364310354,725.0
109-21-7,CCCCOC(=O)CCC,144.21400000000014,612.6038936517639,612.0
1678-93-9,CCCCC1CCCCC1,140.27000000000007,644.8515524230697,653.1
3178-22-1,CC(C)(C)C1CCCCC1,140.27000000000007,655.0185924417524,652.0
637-92-3,CCOC(C)(C)C,102.17699999999992,531.7806717686069,509.0
628-28-4,CCCCOC,88.14999999999993,500.7758214561079,512.7
590-01-2,CCCCOC(=O)CC,130.18699999999995,590.7761939553947,594.0
111-34-2,CCCCOC=C,100.16099999999992,523.9717595147727,540.0
96-48-0,C1CC(=O)OC1,86.08999999999997,552.2245280179438,731.0
108-90-7,C1=CC=C(C=C1)Cl,112.55899999999995,623.4613647060697,632.4
109-69-3,CCCCCl,92.56899999999996,500.9569260752402,539.2
75-68-3,CC(F)(F)Cl,100.495,439.4994826280362,410.26
359-10-4,C(=C(F)F)Cl,98.479,448.6870600912837,400.5
75-45-6,C(F)(F)Cl,86.468,410.2098938823366,369.3
75-00-3,CCCl,64.51500000000001,453.1271969654787,460.35
75-01-4,C=CCl,62.49900000000001,453.4779006233533,424.96
348-51-6,C1=CC=C(C(=C1)F)Cl,130.549,616.6103170086701,633.8
625-98-9,C1=CC(=CC(=C1)Cl)F,130.549,616.6103170086701,615.9
352-33-0,C1=CC(=CC=C1F)Cl,130.549,616.6103170086701,620.1
629-06-1,CCCCCCCCl,134.65,568.9374124,614.0
544-10-5,CCCCCCCl,120.62299999999992,546.6401013198034,599.0
74-87-3,CCl,50.48800000000001,428.09341676622734,416.3
594-36-5,CCC(C)(C)Cl,106.59599999999996,532.8155626948557,509.1
507-20-0,CC(C)(C)Cl,92.56899999999996,510.0040799385776,497.8
111-85-3,CCCCCCCCCl,148.67700000000016,590.9895666,643.0
79-53-8,C(=O)(C(F)(F)F)C(F)(F)Cl,182.475,511.2301206493136,410.6
344-07-0,C1(=C(C(=C(C(=C1F)F)Cl)F)F)F,202.509,596.8530982590052,570.0
76-15-3,C(C(F)(F)Cl)(F)(F)F,154.465,416.7401275321381,353.1
543-59-9,CCCCCCl,106.59599999999996,524.0117035,571.2
540-54-5,CCCCl,78.54199999999997,477.36901969858167,503.3
75-29-6,CC(C)Cl,78.54199999999997,481.3324672933856,482.4
2837-89-0,C(C(F)(F)F)(F)Cl,136.47500000000002,422.85045913415166,395.43
106-43-4,CC1=CC=C(C=C1)Cl,126.58599999999996,650.1726819831592,615.9
75-88-7,C(C(F)(F)F)Cl,118.485,429.262567858369,425.01
79-38-9,C(=C(F)Cl)(F)F,116.469,441.57348905260295,379.53
75-72-9,C(F)(F)(F)Cl,104.458,403.8355570947929,302.0
95-48-7,CC1=CC=CC=C1O,108.13999999999994,696.9825056734476,697.6
108-39-4,CC1=CC(=CC=C1)O,108.13999999999994,696.9825056734476,705.8
106-44-5,CC1=CC=C(C=C1)O,108.13999999999994,696.9825056734476,704.6
460-19-5,C(#N)C#N,52.036,671.0381876738202,397.0
291-64-5,C1CCCCCC1,98.18899999999992,600.4020722183562,604.2
110-82-7,C1CCCCC1,84.16199999999994,565.7214475951747,553.4
108-93-0,C1CCC(CC1)O,100.16099999999992,643.6743452893824,647.1
108-94-1,C1CCC(=O)CC1,98.14499999999994,656.3332887739157,665.0
110-83-8,C1CCC=CC1,82.14599999999994,567.1197369758291,560.45
108-91-8,C1CCC(CC1)N,99.17699999999994,649.9489954586452,626.8
292-64-8,C1CCCCCCC1,112.21599999999992,634.3921808185705,647.2
287-92-3,C1CCCC1,70.13499999999998,530.2897975387058,511.7
96-41-3,C1CCC(C1)O,86.13399999999994,610.8755059460495,619.0
120-92-3,C1CCC(=O)C1,84.11799999999995,622.5831649123738,624.0
142-29-0,C1CC=CC1,68.11899999999999,531.5955187348362,506.1
75-19-4,C1CC1,42.08100000000002,456.90711543174575,398.2
434-90-2,C1(=C(C(=C(C(=C1F)F)F)F)F)C2=C(C(=C(C(=C2F)F)F)F)F,334.1119999999999,733.7616772142709,640.0
493-01-6,C1CCC2CCCCC2C1,138.25400000000005,681.1045314405663,702.0
493-02-7,C1CCC2CCCCC2C1,138.25400000000005,681.1045314405663,687.0
112-31-2,CCCCCCCCCC=O,156.26900000000018,645.7247515206328,674.0
124-18-5,CCCCCCCCCC,142.2860000000001,590.9481965210091,618.1
646-25-3,C(CCCCCN)CCCCN,172.31600000000023,757.7128524885583,736.0
111-20-6,C(CCCCC(=O)O)CCCC(=O)O,202.2500000000001,914.3124221,845.0
334-48-5,CCCCCCCCCC(=O)O,172.26800000000017,755.0308463996959,724.0
112-30-1,CCCCCCCCCCO,158.2850000000002,679.1290548846459,690.0
1565-81-7,CCCCCCCC(CC)O,158.2850000000002,681.5126556902783,666.1
2051-31-2,CCCCCCC(CCC)O,158.2850000000002,681.5126556902783,663.7
5205-34-5,CCCCCC(CCCC)O,158.2850000000002,681.5126556902783,663.2
693-54-9,CCCCCCCCC(=O)C,156.26900000000018,655.1244124416177,671.8
928-80-3,CCCCCCCC(=O)CC,156.26900000000018,655.1244124416177,668.0
624-16-8,CCCCCCC(=O)CCC,156.26900000000018,655.1244124416177,662.9
872-05-9,CCCCCCCCC=C,140.27000000000007,590.7789342697146,616.0
104-72-3,CCCCCCCCCCC1=CC=CC=C1,218.3840000000002,781.7279214418601,752.0
132-64-9,C1=CC=C2C(=C1)C3=CC=CC=C3O2,168.19500000000005,816.9922404026958,824.0
132-65-0,C1=CC=C2C(=C1)C3=CC=CC=C3S2,184.2630000000001,853.9379485404605,897.0
354-51-8,C(C(F)(Cl)Br)(F)(F)Br,276.277,617.8663239230859,560.6
335-48-8,C(C(C(F)(F)Br)(F)F)(C(F)(F)Br)(F)F,359.8359999999999,577.2878075011923,532.0
111-92-2,CCCCNCCCC,129.24699999999993,601.2617118817392,607.5
1012-72-2,CC(C)(C)C1=CC=C(C=C1)C(C)(C)C,190.33000000000013,765.1745202050316,708.0
142-96-1,CCCCOCCCC,130.23099999999994,569.0919750191861,584.1
84-74-2,CCCCOC(=O)C1=CC=CC=C1C(=O)OCCCC,278.3479999999996,911.3550720463096,797.0
541-73-1,C1=CC(=CC(=C1)Cl)Cl,147.00400000000002,675.1671746814928,685.7
106-46-7,C1=CC(=CC=C1Cl)Cl,147.00400000000002,675.1671746814928,669.0
75-71-8,C(F)(F)(Cl)Cl,120.913,464.7720642021027,385.12
75-34-3,CC(Cl)Cl,98.95999999999998,506.7465447208421,523.36
107-06-2,C(CCl)Cl,98.95999999999998,502.4756915497844,561.39
156-59-2,C(=CCl)Cl,96.944,517.3757746281906,535.8
156-60-5,C(=CCl)Cl,96.944,517.3757746281906,515.69
1717-00-6,CC(F)(Cl)Cl,116.95,500.2134519269108,477.5
75-43-4,C(F)(Cl)Cl,102.923,471.2703988899678,451.48
661-97-2,C(C(F)(F)F)(C(F)(F)Cl)(F)Cl,220.927,486.49240953999447,451.8
75-09-2,C(Cl)Cl,84.93299999999999,478.8766270052435,507.96
78-87-5,CC(CCl)Cl,112.98699999999998,529.6301040848506,578.0
142-28-9,C(CCl)CCl,112.98699999999998,525.4668319469928,615.0
374-07-2,C(C(F)(Cl)Cl)(F)(F)F,170.92,475.4122370412389,418.63
76-14-2,C(C(F)(F)Cl)(F)(F)Cl,170.92000000000002,475.4122370412389,418.83
354-23-4,C(C(F)(F)Cl)(F)Cl,152.93000000000004,481.6299745806744,461.6
306-83-2,C(C(F)(F)F)(Cl)Cl,152.93000000000004,481.6299745806744,456.83
84-77-5,CCCCCCCCCCOC(=O)C1=CC=CC=C1C(=O)OCCCCCCCCCC,446.67199999999934,1212.8150945989391,870.0
105-57-7,CCOC(C)OCC,118.17599999999992,550.4890564239588,539.7
629-14-1,CCOCCOCC,118.17599999999992,547.1023412173477,542.0
462-95-3,CCOCOCC,104.14899999999992,524.3820328571727,532.0
109-89-7,CCNCC,73.13899999999995,511.6505862303792,499.5
105-05-5,CCC1=CC=C(C=C1)CC,134.222,666.0680171760594,657.9
111-46-6,C(COCCO)O,106.12099999999994,656.6083949025139,753.0
112-36-7,CCOCCOCCOCC,162.22900000000016,614.2683939182104,612.0
111-96-6,COCCOCCOC,134.175,569.9937164447828,617.0
112-34-5,CCCCOCCOCCO,162.22900000000016,679.6142115,692.0
124-17-4,CCCCOCCOCCOC(=O)C,204.26600000000016,700.1534630576238,694.0
111-90-0,CCOCCOCCO,134.175,635.3025437666679,670.0
112-15-2,CCOCCOCCOC(=O)C,176.21200000000013,656.8247622367387,670.0
111-77-3,COCCOCCO,120.14799999999993,613.1952904774423,672.0
6881-94-3,CCCOCCOCCO,148.20200000000014,657.4216683895127,680.0
60-29-7,CCOCC,74.12299999999995,477.19630535547145,466.7
95-92-1,CCOC(=O)C(=O)OCC,146.14200000000008,634.7115828675253,618.0
84-66-2,CCOC(=O)C1=CC=CC=C1C(=O)OCC,222.2400000000001,829.9267206155046,776.0
123-25-1,CCOC(=O)CCC(=O)OCC,174.1960000000001,677.1777476255089,663.0
352-93-2,CCSCC,90.19099999999996,551.0598608257669,557.5
367-11-3,C1=CC=C(C(=C1)F)F,114.09399999999998,558.1395009380174,566.0
372-18-9,C1=CC(=CC(=C1)F)F,114.09399999999998,558.1395009380174,548.4
540-36-3,C1=CC(=CC=C1F)F,114.09399999999998,558.1395009380174,556.9
75-37-6,CC(F)F,66.05,385.17385372294353,386.41
75-38-7,C=C(F)F,64.034,384.38239279909794,302.88
75-10-5,C(F)F,52.02300000000001,355.35345151791245,351.26
1885-48-9,C(C(F)(F)F)OC(F)F,150.04600000000002,415.9210783955452,444.88
3648-21-3,CCCCCCCOC(=O)C1=CC=CC=C1C(=O)OCCCCCCC,362.5099999999995,1048.20641,830.0
84-75-3,CCCCCCOC(=O)C1=CC=CC=C1C(=O)OCCCCCC,334.4559999999995,1000.1155479331676,817.0
110-87-2,C1CC=COC1,84.11799999999995,573.6806714474596,561.0
110-96-3,CC(C)CNCC(C)C,129.24699999999993,607.8981155,584.4
108-18-9,CC(C)NC(C)C,101.19299999999993,564.2000467495484,523.1
100-18-5,CC(C)C1=CC=C(C=C1)C(C)C,162.27600000000015,714.5559637672266,675.0
108-20-3,CC(C)OC(C)C,102.17699999999994,530.9501166,500.2
110-71-4,COCCOC,90.12199999999994,501.28780652475103,539.0
109-87-5,COCOC,76.09499999999997,477.7199738508281,488.0
77-76-9,CC(C)(OC)OC,104.14899999999994,532.3785043042925,510.0
124-40-3,CNC,45.085000000000015,464.41335438020144,437.5
121-69-7,CN(C)C1=CC=CC=C1,121.18299999999992,628.736327,687.7
75-83-2,CCC(C)(C)C,86.17799999999993,508.2982178712565,489.1
79-29-8,CC(C)C(C)C,86.17799999999993,507.45984089684106,500.2
75-97-8,CC(=O)C(C)(C)C,100.16099999999992,577.2333431678888,570.9
563-78-0,CC(C)C(=C)C,84.16199999999994,507.4938322354322,497.7
558-37-2,CC(C)(C)C=C,84.16199999999994,508.76374153415776,477.4
563-79-1,CC(=C(C)C)C,84.16199999999994,520.5922971648373,521.0
638-04-0,CC1CCCC(C1)C,112.21599999999992,597.9684476274589,587.7
624-29-3,CC1CCC(CC1)C,112.21599999999992,597.9684476274589,603.2
624-92-0,CSSC,94.20399999999998,606.3888413811451,608.0
115-10-6,COC,46.06900000000002,428.1739686600576,400.38
1119-40-0,COC(=O)CCCC(=O)OC,160.1690000000001,655.9551297,682.0
1071-26-7,CCCCCC(C)(C)C,128.2589999999999,575.8452657435937,576.7
1732-08-7,COC(=O)CCCCCC(=O)OC,188.22300000000013,698.4412286715398,711.0
590-73-8,CCCCC(C)(C)C,114.2319999999999,553.6771306259498,549.9
584-94-1,CCCC(C)C(C)C,114.2319999999999,552.9339856842008,563.5
589-43-5,CCC(C)CC(C)C,114.2319999999999,552.9339856842008,553.0
592-13-2,CC(C)CCC(C)C,114.2319999999999,552.9339856842008,550.0
563-16-6,CCCC(C)(C)CC,114.2319999999999,553.6771306259498,562.0
583-48-2,CCC(C)C(C)CC,114.2319999999999,552.9339856842008,568.8
627-93-0,COC(=O)CCCCC(=O)OC,174.1960000000001,677.1777476255089,692.0
108-59-8,COC(=O)CC(=O)OC,132.115,613.3811745189283,647.0
582-16-1,CC1=CC2=C(C=C1)C=CC(=C2)C,156.2280000000001,761.4277692,775.0
1732-09-8,COC(=O)CCCCCCC(=O)OC,202.2500000000001,719.8041092829734,723.0
553-90-2,COC(=O)C(=O)OC,118.08799999999997,591.892794,632.0
558-30-5,CC1(CO1)C,72.10699999999997,514.6061060321936,500.0
590-35-2,CCCC(C)(C)C,100.20499999999991,531.1926981259147,520.6
565-59-3,CCC(C)C(C)C,100.20499999999991,530.3925748941199,537.5
108-08-7,CC(C)CC(C)C,100.20499999999991,530.3925748941199,520.0
562-49-2,CCC(C)(C)CC,100.20499999999991,531.1926981259147,536.4
3404-72-6,CCC(C)C(=C)C,98.18899999999992,530.4052720745947,534.0
762-62-9,CC(C)(C)CC=C,98.18899999999992,531.6272455102663,516.0
131-11-3,COC(=O)C1=CC=CC=C1C(=O)OC,194.1860000000001,791.0530893909475,772.0
583-61-9,CC1=C(N=CC=C1)C,107.15599999999996,671.7053724463082,655.5
108-47-4,CC1=CC(=NC=C1)C,107.15599999999996,671.7053724463082,647.1
589-93-5,CC1=CN=C(C=C1)C,107.15599999999996,671.7053724463082,644.2
108-48-5,CC1=NC(=CC=C1)C,107.15599999999992,671.7053724463082,623.8
583-58-4,CC1=C(C=NC=C1)C,107.15599999999996,671.7053724463082,683.8
591-22-0,CC1=CC(=CN=C1)C,107.15599999999996,671.7053724463082,667.3
877-43-0,CC1=CC2=C(C=C1)N=C(C=C2)C,157.2160000000001,805.4823490813657,786.0
106-79-6,COC(=O)CCCCCCCCC(=O)OC,230.30400000000017,763.0504363676918,742.0
106-65-0,COC(=O)CCC(=O)OC,146.14200000000008,634.7115828675253,662.0
75-18-3,CSC,62.137000000000015,505.78944072848617,503.0
84-76-4,CCCCCCCCCOC(=O)C1=CC=CC=C1C(=O)OCCCCCCCCC,418.61799999999937,1154.028258694305,858.0
117-84-0,CCCCCCCCOC(=O)C1=CC=CC=C1C(=O)OCCCCCCCC,390.56399999999945,1099.3461144914515,840.0
123-91-1,C1COCCO1,88.10599999999995,578.7806994850979,587.3
131-18-0,CCCCCOC(=O)C1=CC=CC=C1C(=O)OCCCCC,306.40199999999953,954.6325203987752,811.0
101-84-8,C1=CC=C(C=C1)OC2=CC=CC=C2,170.21100000000007,796.1949427592099,766.9
101-81-5,C1=CC=C(C=C1)CC2=CC=CC=C2,168.2390000000001,795.1490706,776.0
142-84-7,CCCNCCC,101.19299999999993,557.0141829295595,555.8
111-43-3,CCCOCCC,102.17699999999994,523.8872157288527,531.0
131-16-8,CCCOC(=O)C1=CC=CC=C1C(=O)OCCC,250.29400000000007,869.9071456617468,784.0
3648-20-2,CCCCCCCCCCCOC(=O)C1=CC=CC=C1C(=O)OCCCCCCCCCCC,474.7259999999993,1276.3569373831947,886.0
629-97-0,CCCCCCCCCCCCCCCCCCCCCC,310.6099999999991,866.7982532244511,786.0
112-85-6,CCCCCCCCCCCCCCCCCCCCCC(=O)O,340.5919999999992,1038.9277269627355,837.0
661-19-8,CCCCCCCCCCCCCCCCCCCCCCO,326.6089999999991,973.4824883399472,827.0
112-40-3,CCCCCCCCCCCC,170.34000000000023,635.2437339212972,658.8
2783-17-7,C(CCCCCCN)CCCCCN,200.37000000000023,800.1128391428194,767.0
693-23-2,C(CCCCCC(=O)O)CCCCC(=O)O,230.30400000000017,958.2715675348144,859.0
112-55-0,CCCCCCCCCCCCS,202.40700000000024,715.5005448,734.0
143-07-7,CCCCCCCCCCCC(=O)O,200.3220000000002,797.8383443835282,743.0
112-53-8,CCCCCCCCCCCCO,186.33900000000023,724.1631918644125,719.4
6175-49-1,CCCCCCCCCCC(=O)C,184.3230000000002,698.2752167072532,702.0
112-41-4,CCCCCCCCCCC=C,168.3240000000002,634.8329398638305,657.6
112-95-8,CCCCCCCCCCCCCCCCCCCC,282.5559999999996,817.6290985586937,768.0
506-30-9,CCCCCCCCCCCCCCCCCCCC(=O)O,312.5379999999992,985.651393136484,820.0
629-96-9,CCCCCCCCCCCCCCCCCCCCO,298.55499999999915,918.8451801538216,808.0
13838-16-9,C(C(OC(F)F)(F)F)(F)Cl,184.491,466.23143485071023,475.0
74-84-0,CC,30.07,401.9542288546781,305.32
107-15-3,C(CN)N,60.100000000000016,591.6251984509911,613.1
107-21-1,C(CO)O,62.06800000000002,589.5507440039291,719.0
542-10-9,CC(OC(=O)C)OC(=O)C,146.14200000000008,638.3226221055235,618.0
75-08-1,CCS,62.137000000000015,499.1147926616231,498.7
64-17-5,CCO,46.06900000000002,499.4073735662585,515.0
141-43-5,C(CO)N,61.08400000000002,588.4348720105723,671.0
103-73-1,CCOC1=CC=CC=C1,122.16699999999992,640.2071344556132,647.0
111-15-9,CCOCCOC(=O)C,132.159,591.2901455,609.0
919-94-8,CCC(C)(C)OCC,116.20399999999992,554.2415081008697,546.0
141-78-6,CCOC(=O)C,88.10599999999995,523.9013219097831,523.27
75-04-7,CCN,45.085000000000015,499.8182343358382,456.5
100-41-4,CCC1=CC=CC=C1,106.16799999999994,618.8572667,617.1
93-89-0,CCOC(=O)C1=CC=CC=C1,150.17700000000008,703.5942559208829,700.0
105-54-4,CCCC(=O)OCC,116.15999999999993,568.7707296849087,566.1
623-70-1,CCOC(=O)C=CC,114.14399999999992,581.9064775463328,599.0
1678-91-7,CCC1CCCCC1,112.21599999999992,603.1598805143861,606.9
1640-89-7,CCC1CCCC1,98.18899999999992,569.1401479691542,569.48
3938-95-2,CCOC(=O)C(C)(C)C,130.18699999999995,598.8127784091402,566.0
74-85-1,C=C,28.053999999999995,387.5114522057755,282.35
763-69-9,CCOCCC(=O)OCC,146.18600000000012,613.0837331,621.0
106-30-9,CCCCCCC(=O)OCC,158.24100000000016,634.3266754474417,634.0
619-99-8,CCCC(CC)CC,114.2319999999999,549.4829289441369,565.5
123-66-0,CCCCCC(=O)OCC,144.21400000000014,612.6038936517639,615.0
149-57-5,CCCCC(CC)C(=O)O,144.21400000000014,716.4093499843967,674.0
104-76-7,CCCCC(CC)CO,130.23099999999994,637.3644375,640.2
103-09-3,CCCCC(CC)COC(=O)C,172.26800000000017,659.0190830742637,642.0
108-64-5,CCOC(=O)CC(C)C,130.18699999999995,594.2531561141781,584.0
540-67-0,CCOC,60.09600000000002,453.03760812228194,437.8
609-26-7,CCC(CC)C(C)C,114.2319999999999,552.9339856842008,567.1
1067-08-9,CCC(C)(CC)CC,114.2319999999999,553.6771306259498,576.5
97-62-1,CCOC(=O)C(C)C,116.15999999999993,572.3857785005688,554.0
624-89-5,CCSC,76.16399999999996,528.6969726443006,533.0
123-29-5,CCCCCCCCC(=O)OCC,186.2950000000002,677.7237394521345,664.0
106-32-1,CCCCCCCC(=O)OCC,172.26800000000017,656.0121514448443,652.0
617-78-7,CCC(CC)CC,100.20499999999991,526.8283047611719,540.7
539-82-2,CCCCC(=O)OCC,130.18699999999995,590.7761939553947,593.0
90-00-6,CCC1=CC=CC=C1O,122.16699999999992,716.0379882164882,703.0
620-17-7,CCC1=CC(=CC=C1)O,122.16699999999992,716.0379882164882,716.0
123-07-9,CCC1=CC=C(C=C1)O,122.16699999999992,716.0379882164882,716.0
105-37-3,CCC(=O)OCC,102.13299999999995,546.508189,547.0
628-32-0,CCCOCC,88.14999999999995,500.7758214561079,500.2
625-60-5,CCSC(=O)C,104.17399999999996,619.2344761117995,590.5
622-96-8,CCC1=CC=C(C=C1)C,120.19499999999992,645.8272473419529,640.2
109-92-2,CCOC=C,72.10699999999996,477.3100037849997,475.0
462-06-6,C1=CC=C(C=C1)F,96.10399999999996,563.6920604168267,560.1
353-36-6,CCF,48.06000000000001,391.6513314,375.25
593-53-3,CF,34.03300000000001,364.9106764487851,317.28
95-52-3,CC1=CC=CC=C1F,110.13099999999996,591.8922712,591.2
352-70-5,CC1=CC(=CC=C1)F,110.13099999999996,591.8922712,591.8
352-32-9,CC1=CC=C(C=C1)F,110.13099999999996,591.8922712,592.1
110-00-9,C1=COC=C1,68.07499999999997,539.6167306150624,490.2
56-81-5,C(C(CO)O)O,92.09399999999997,702.9453933696444,850.0
629-94-7,CCCCCCCCCCCCCCCCCCCCC,296.58299999999923,841.9507481839431,778.0
629-78-7,CCCCCCCCCCCCCCCCC,240.4750000000003,747.2509965642527,736.0
506-12-7,CCCCCCCCCCCCCCCCC(=O)O,270.4569999999999,911.1947739,792.0
1454-85-9,CCCCCCCCCCCCCCCCCO,256.4740000000003,842.1241291510681,780.0
6765-39-5,CCCCCCCCCCCCCCCC=C,238.4590000000003,745.9561950977535,734.0
375-03-1,COC(C(C(F)(F)F)(F)F)(F)F,200.053,431.9350204554646,437.7
431-89-0,C(C(F)(F)F)(C(F)(F)F)F,170.027,378.9368604941352,374.9
111-71-7,CCCCCCC=O,114.18799999999992,580.2160147547219,616.8
123-82-0,CCCCCC(C)N,115.21999999999991,614.6786281215651,598.0
142-82-5,CCCCCCC,100.20499999999991,523.4013095013094,540.1
111-16-0,C(CCC(=O)O)CCC(=O)O,160.1690000000001,851.8082784513331,842.0
111-14-8,CCCCCCC(=O)O,130.18699999999995,692.2462623,678.0
111-70-6,CCCCCCCO,116.20399999999992,612.4666188481758,632.4
52390-72-4,CCCCCC(C)O,116.20399999999992,615.3347050777079,608.4
26549-25-7,CCCCC(CC)O,116.20399999999992,615.3347050777079,605.4
589-55-9,CCCC(CCC)O,116.20399999999992,615.3347050777079,602.6
110-43-0,CCCCCC(=O)C,114.18799999999992,590.2846198511677,611.4
106-35-4,CCCCC(=O)CC,114.18799999999992,590.2846198511677,606.6
123-19-3,CCCC(=O)CCC,114.18799999999992,590.2846198511677,602.0
592-76-7,CCCCCC=C,98.18899999999992,523.4526510393445,537.3
6443-92-1,CCCCC=CC,98.18899999999992,536.3034887093098,548.5
14686-13-6,CCCCC=CC,98.18899999999992,536.3034887093098,542.8
14686-14-7,CCCC=CCC,98.18899999999992,536.3034887093098,538.6
1078-71-3,CCCCCCCC1=CC=CC=C1,176.30300000000017,720.3988587623181,708.0
630-01-3,CCCCCCCCCCCCCCCCCCCCCCCCCC,366.7179999999991,972.666990007514,816.0
544-76-3,CCCCCCCCCCCCCCCC,226.4480000000003,724.4689994,722.2
57-10-3,CCCCCCCCCCCCCCCC(=O)O,256.43000000000023,887.5938002149028,785.0
36653-82-4,CCCCCCCCCCCCCCCCO,242.4470000000003,817.6951995589075,770.0
629-73-2,CCCCCCCCCCCCCCC=C,224.43200000000027,723.3819223981352,718.0
1522-22-1,C(C(=O)C(F)(F)F)C(=O)C(F)(F)F,208.057,568.9650357069523,485.1
392-56-3,C1(=C(C(=C(C(=C1F)F)F)F)F)F,186.054,542.6083151192421,516.4
76-16-4,C(C(F)(F)F)(F)(F)F,138.01000000000002,358.15516188149047,293.03
431-63-0,C(C(F)F)(C(F)(F)F)F,152.037,384.7411212154638,412.44
690-39-1,C(C(F)(F)F)C(F)(F)F,152.037,384.3757155245783,398.07
87-85-4,CC1=C(C(=C(C(=C1C)C)C)C)C,162.27600000000015,730.8036098534578,758.0
111-01-3,CC(C)CCCC(C)CCCC(C)CCCCC(C)CCCC(C)CCCC(C)C,422.826,1082.7625998383214,796.0
66-25-1,CCCCCC=O,100.16099999999992,558.0643409363485,592.0
110-54-3,CCCCCC,86.17799999999993,500.2728274871348,507.5
124-09-4,C(CCCN)CCN,116.20799999999991,674.9047033550581,685.0
124-04-9,C(CCC(=O)O)CC(=O)O,146.14200000000008,831.7056857037859,841.0
629-11-8,C(CCCO)CCO,118.17599999999992,678.6895744406476,741.0
628-73-9,CCCCCC#N,97.16099999999994,627.9648561133465,633.8
142-62-1,CCCCCC(=O)O,116.15999999999993,671.4796310282136,661.0
111-27-3,CCCCCCO,102.17699999999992,590.2387258811316,611.0
591-78-6,CCCCC(=O)C,100.16099999999992,568.3685222661333,586.7
589-38-8,CCCC(=O)CC,100.16099999999992,568.3685222661333,583.1
630-06-8,CCCCCCCCCCCCCCCCCCCCCCCCCCCCCCCCCCCC,506.9879999999989,1309.6318399748866,872.0
592-41-6,CCCCC=C,84.16199999999994,500.3525088127204,504.1
7688-21-3,CCCC=CC,84.16199999999994,513.4909107,513.4
4050-45-7,CCCC=CC,84.16199999999994,513.4909107,509.0
13269-52-8,CCC=CCC,84.16199999999994,513.4909107,507.0
109-49-9,CC(=O)CCC=C,98.14499999999994,568.8401151399463,593.5
142-92-7,CCCCCCOC(=O)C,144.21400000000014,612.6038936517639,618.0
111-26-2,CCCCCCN,101.19299999999993,589.4301742,592.3
1077-16-3,CCCCCCC1=CC=CC=C1,162.27600000000015,700.1814580558887,695.0
6789-88-4,CCCCCCOC(=O)C1=CC=CC=C1,206.2850000000001,782.5602848705549,748.0
496-11-7,C1CC2=CC=CC=C2C1,118.17899999999992,675.7430145353966,684.8
78-84-2,CC(C)C=O,72.10699999999996,516.6516000723196,543.6
75-28-5,CC(C)C,58.12400000000002,456.18343797057935,407.81
115-11-7,CC(=C)C,56.10800000000002,456.0655192146135,418.0
110-19-0,CC(C)COC(=O)C,116.15999999999993,572.3857785005688,562.0
538-93-2,CC(C)CC1=CC=CC=C1,134.222,664.1651299,650.0
539-90-2,CCCC(=O)OCC(C)C,144.21400000000014,615.9330476,611.0
1678-98-4,CC(C)CC1CCCCC1,140.27000000000007,649.0355235817908,642.1
97-85-8,CC(C)COC(=O)C(C)C,144.21400000000014,619.3982733995091,602.0
589-59-3,CC(C)CC(=O)OCC(C)C,158.24100000000016,640.8038725785741,621.0
540-42-1,CCC(=O)OCC(C)C,130.18699999999995,594.2531561141781,586.0
78-78-4,CCC(C)C,72.15099999999997,480.2850904656393,460.37
123-92-2,CC(C)CCOC(=O)C,130.18699999999995,594.2531561141781,586.1
106-27-4,CCCC(=O)OCCC(C)C,158.24100000000016,637.4989982748311,619.0
110-46-3,CC(C)CCON=O,117.14799999999994,571.5111603373716,626.0
105-68-0,CCC(=O)OCCC(C)C,144.21400000000014,615.9330476,611.0
108-21-4,CC(C)OC(=O)C,102.13299999999995,550.2506187470377,531.1
75-31-0,CC(C)N,59.11200000000002,527.0376933771727,472.2
98-82-8,CC(C)C1=CC=CC=C1,120.19499999999992,644.0108475316102,631.0
696-29-7,CC(C)C1CCCCC1,126.2429999999999,628.4709243061882,632.2
99-87-6,CC1=CC=C(C=C1)C(C)C,134.222,670.5156030404664,654.0
598-53-8,CC(C)OC,74.12299999999996,480.8362342583147,464.4
119-65-3,C1=CC=C2C=NC=CC2=C1,129.16199999999998,757.7796881032957,803.0
5989-27-5,CC1=CCC(CC1)C(=C)C,136.23800000000003,657.4486692170664,653.0
2216-51-5,CC1CCC(C(C1)O)C(C)C,156.26900000000018,719.9380165064879,694.0
141-79-7,CC(=CC(=O)C)C,98.14499999999994,585.5468109738939,605.0
74-93-1,CS,48.110000000000014,475.3272918424948,469.9
67-56-1,CO,32.041999999999994,475.7960640025393,512.7
109-86-4,COCCO,76.09499999999996,545.8147341350174,598.0
110-49-6,CC(=O)OCCOC,118.13199999999996,569.315184,603.0
994-05-8,CCC(C)(C)OC,102.17699999999992,531.7806717686069,536.0
107-98-2,CC(COC)O,90.12199999999996,571.4957417588306,579.8
116-11-0,CC(=C)OC,72.10699999999997,480.7781753685295,478.5
79-20-9,CC(=O)OC,74.07899999999998,500.8531579270276,506.7
74-89-5,CN,31.058,476.1440239397746,430.6
95-53-4,CC1=CC=CC=C1N,107.15599999999996,692.1042798493484,710.0
108-44-1,CC1=CC(=CC=C1)N,107.15599999999996,692.1042798493484,709.0
106-49-0,CC1=CC=C(C=C1)N,107.15599999999996,692.1042798493484,667.0
100-61-8,CNC1=CC=CC=C1,107.15599999999992,651.9902142781123,702.0
578-58-5,CC1=CC=CC=C1OC,122.16699999999992,646.6524629771033,662.0
100-84-5,CC1=CC(=CC=C1)OC,122.16699999999992,646.6524629771033,665.0
104-93-8,CC1=CC=C(C=C1)OC,122.16699999999992,646.6524629771033,667.0
98-85-1,CC(C1=CC=CC=C1)O,122.16699999999992,703.0097519066996,699.0
93-58-3,COC(=O)C1=CC=CC=C1,136.15000000000006,683.9567352088724,702.0
623-42-7,CCCC(=O)OC,102.13299999999994,546.508189,554.4
503-74-2,CC(C)CC(=O)O,102.13299999999994,654.6226480527789,629.0
34713-94-5,CCC(C)CO,88.14999999999993,571.0383196211562,575.4
123-51-3,CC(C)CCO,88.14999999999993,571.0383196211562,579.0
75-85-4,CCC(C)(C)O,88.14999999999993,574.9315846395745,544.0
563-80-4,CC(C)C(=O)C,86.13399999999994,550.0740525759292,553.1
563-45-1,CC(C)C=C,70.13499999999998,480.50164470831146,452.7
513-35-9,CC=C(C)C,70.13499999999998,493.7873757211591,470.0
1634-04-4,CC(C)(C)OC,88.14999999999993,508.90496630854847,497.0
108-87-2,CC1CCCCC1,98.18899999999992,581.9353407256658,572.3
96-37-7,CC1CCCC1,84.16199999999994,547.1859212866153,532.78
1120-72-5,CC1CCCC1=O,98.14499999999994,637.7233673622025,631.0
609-72-3,CC1=CC=CC=C1N(C)C,135.21000000000004,655.5807679822063,668.0
111-82-0,CCCCCCCCCCCC(=O)OC,214.34900000000025,721.4631761,712.0
534-22-5,CC1=CC=CO1,82.10199999999996,568.4778915,528.0
592-27-8,CCCCCC(C)C,114.2319999999999,549.4829289441369,559.6
589-81-1,CCCCC(C)CC,114.2319999999999,549.4829289441369,563.7
589-53-7,CCCC(C)CCC,114.2319999999999,549.4829289441369,561.7
106-73-0,CCCCCCC(=O)OC,144.21400000000014,612.6038936517639,628.0
14979-39-6,CCCC(C)C(CC)O,130.23099999999994,640.2010518213939,623.5
18720-65-5,CCC(C)CC(CC)O,130.23099999999994,640.2010518213939,621.2
541-85-5,CCC(C)CC(=O)CC,128.21499999999992,615.4839021467681,619.0
15870-10-7,CCCCCC(=C)C,112.21599999999992,549.3393035930616,567.5
627-97-4,CCCCC=C(C)C,112.21599999999992,562.0373017883915,569.0
591-76-4,CCCCC(C)C,100.20499999999991,526.8283047611719,530.4
78918-91-9,CCCC(C)CC,100.20499999999991,526.8283047611719,535.4
110-12-3,CC(C)CCC(=O)C,114.18799999999992,593.9178721931688,604.0
3524-73-0,CC(C)CCC=C,98.18899999999992,527.0127802375656,528.7
547-63-7,CC(C)C(=O)OC,102.13299999999994,550.2506187470377,540.7
80-62-6,CC(=C)C(=O)OC,100.11699999999996,550.4474785145549,540.3
90-12-0,CC1=CC=CC2=CC=CC=C12,142.20100000000008,736.6998897885692,771.0
91-57-6,CC1=CC2=CC=CC=C2C=C1,142.20100000000008,736.6998897885692,761.0
3221-61-2,CCCCCCC(C)C,128.2589999999999,571.8498538103993,582.8
75-56-9,CC1CO1,58.08000000000002,482.0380901891304,488.11
22410-44-2,COC(C(F)(F)F)(F)F,150.04600000000002,418.5146151777879,406.81
107-83-5,CCCC(C)C,86.17799999999993,503.7958012773839,497.9
96-14-0,CCC(C)CC,86.17799999999993,503.7958012773839,504.6
624-24-8,CCCCC(=O)OC,116.15999999999993,568.7707296849087,588.9
105-30-6,CCCC(C)CO,102.17699999999992,593.2490905414763,604.4
626-89-1,CC(C)CCCO,102.17699999999992,593.2490905414763,603.5
590-36-3,CCCC(C)(C)O,102.17699999999992,596.9191525483435,559.5
108-11-2,CC(C)CC(C)O,102.17699999999992,596.3851217163701,574.4
565-67-3,CCC(C(C)C)O,102.17699999999992,596.3851217163701,576.0
77-74-7,CCC(C)(CC)O,102.17699999999992,596.9191525483435,575.6
108-10-1,CC(C)CC(=O)C,100.16099999999992,572.1421214457004,575.4
691-37-2,CC(C)CC=C,84.16199999999994,504.0100435257882,493.1
625-27-4,CCC=C(C)C,84.16199999999994,516.9877453947873,509.3
691-38-3,CC=CC(C)C,84.16199999999994,517.3129345,496.3
628-80-8,CCCCCOC,102.17699999999992,523.8872157288527,546.5
2163-42-0,CC(CO)CO,90.12199999999996,636.7399515,708.0
554-12-1,CCC(=O)OC,88.10599999999997,523.9013219097831,530.57
79-31-2,CC(C)C(=O)O,88.10599999999995,633.9336904400593,605.0
78-83-1,CC(C)CO,74.12299999999995,548.6277399575015,548.0
75-65-0,CC(C)(C)O,74.12299999999995,552.7182337,506.2
557-17-5,CCCOC,74.12299999999996,477.19630535547145,476.2
109-06-8,CC1=CC=CC=N1,93.12899999999996,645.5112071751093,622.0
108-99-6,CC1=CN=CC=C1,93.12899999999996,645.5112071751093,644.8
108-89-4,CC1=CC=NC=C1,93.12899999999996,645.5112071751093,645.8
91-63-4,CC1=NC2=CC=CC=C2C=C1,143.18900000000005,781.6830677930685,778.0
611-32-5,CC1=C2C(=CC=C1)C=CC=N2,143.18900000000005,781.6830677930685,787.0
119-36-8,COC(=O)C1=CC=CC=C1O,152.14900000000006,777.9200583826051,709.0
96-47-9,CC1CCCO1,86.13399999999994,553.6531354325277,537.0
100-68-5,CSC1=CC=CC=C1,124.20799999999994,694.0971294718335,706.0
421-14-7,COC(F)(F)F,100.039,405.2569781981601,377.92
91-20-3,C1=CC=C2C=CC=CC2=C1,128.17399999999995,711.7704240545793,748.3
463-82-1,CC(C)(C)C,72.15099999999997,484.8887571386985,433.71
75-52-5,C[N+](=O)[O-],61.04000000000001,588.1501139,588.0
629-92-5,CCCCCCCCCCCCCCCCCCC,268.529,793.7758821,756.0
18435-45-5,CCCCCCCCCCCCCCCCCC=C,266.51300000000003,792.0180545975575,755.0
124-19-6,CCCCCCCCC=O,142.2420000000001,623.9738993220901,658.0
111-84-2,CCCCCCCCC,128.2589999999999,568.6542524791507,594.2
123-99-9,C(CCCC(=O)O)CCCC(=O)O,188.22300000000013,893.0661212416688,844.0
112-05-0,CCCCCCCCC(=O)O,158.24100000000016,733.9656060597482,712.0
143-08-8,CCCCCCCCCO,144.25800000000012,656.8487855701368,670.6
52708-03-9,CCCCCC(CCC)O,144.25800000000012,659.4032412601257,645.1
821-55-6,CCCCCCCC(=O)C,142.2420000000001,633.5908318707374,652.1
925-78-0,CCCCCCC(=O)CC,142.2420000000001,633.5908318707374,648.0
4485-09-0,CCCCCC(=O)CCC,142.2420000000001,633.5908318707374,643.7
502-56-7,CCCCC(=O)CCCC,142.2420000000001,633.5908318707374,641.4
124-11-8,CCCCCCCC=C,126.2429999999999,568.5789234974513,594.0
630-02-4,CCCCCCCCCCCCCCCCCCCCCCCCCCCC,394.772,1030.4258671720918,824.0
593-45-3,CCCCCCCCCCCCCCCCCC,254.50200000000032,770.3349581289741,748.0
57-11-4,CCCCCCCCCCCCCCCCCC(=O)O,284.48399999999947,935.3668951468724,803.0
112-92-5,CCCCCCCCCCCCCCCCCCO,270.5009999999999,867.0853064580676,790.0
112-88-9,CCCCCCCCCCCCCCCCC=C,252.4860000000003,768.8167171,748.0
124-13-0,CCCCCCCC=O,128.21499999999992,602.1608205269797,639.3
111-65-9,CCCCCCCC,114.2319999999999,546.1655478818072,568.7
373-44-4,C(CCCCN)CCCN,144.26200000000014,716.1206924,712.0
505-48-6,C(CCCC(=O)O)CCC(=O)O,174.1960000000001,872.2466212,843.0
124-12-9,CCCCCCCC#N,125.21499999999992,669.9311019425418,674.4
124-07-2,CCCCCCCC(=O)O,144.21400000000014,713.0557338888693,694.0
111-87-5,CCCCCCCCO,130.23099999999994,634.6484335449965,651.0
4128-31-8,CCCCCCC(C)O,130.23099999999994,637.3644375,629.5
589-98-0,CCCCCC(CC)O,130.23099999999994,637.3644375,628.4
111-13-7,CCCCCCC(=O)C,128.21499999999992,612.0005354075839,632.7
106-68-3,CCCCCC(=O)CC,128.21499999999992,612.0005354075839,627.7
589-63-9,CCCCC(=O)CCC,128.21499999999992,612.0005354075839,623.8
111-66-0,CCCCCCC=C,112.21599999999992,546.1643973842164,566.58
13389-42-9,CCCCCC=CC,112.21599999999992,558.7432748573153,569.8
14850-23-8,CCCC=CCCC,112.21599999999992,558.7432748573153,566.0
111-86-4,CCCCCCCCN,129.24699999999993,632.5433806816498,641.0
2189-60-8,CCCCCCCCC1=CC=CC=C1,190.33000000000013,740.6929511845537,725.0
288-42-6,C1=COC=N1,69.06299999999999,588.8144279,551.0
75-21-8,C1CO1,44.05300000000001,463.6940563221249,469.0
123-63-7,CC1OC(OC(O1)C)C,132.159,632.31717,563.0
135-48-8,C1=CC=C2C=C3C=C4C=C5C=CC=CC5=CC4=CC3=CC2=C1,278.3539999999997,1090.154863905625,1115.0
375-83-7,C(C(C(C(C(C(C(F)(F)F)(F)F)(F)F)(F)F)(F)F)(F)F)(F)F,370.0549999999999,438.9354869167966,495.8
629-62-9,CCCCCCCCCCCCCCC,212.42100000000028,701.9338056506421,707.0
1002-84-2,CCCCCCCCCCCCCCC(=O)O,242.40300000000025,864.5098178088671,777.0
629-76-5,CCCCCCCCCCCCCCCO,228.42000000000027,793.7407160661782,757.0
13360-61-7,CCCCCCCCCCCCCC=C,210.40500000000023,701.0390017073629,705.0
363-72-4,C1=C(C(=C(C(=C1F)F)F)F)F,168.064,545.5846355276877,530.93
354-33-6,C(C(F)(F)F)(F)F,120.02,364.15870588362,339.17
1814-88-6,CC(C(F)(F)F)(F)F,134.04700000000005,392.7687817822722,380.09
110-62-3,CCCCC=O,86.13399999999994,535.6237102979042,567.0
109-66-0,CCCCC,72.15099999999997,476.6816954487024,469.7
110-94-1,C(CC(=O)O)CC(=O)O,132.115,811.8932497924138,840.0
110-59-8,CCCCC#N,83.13399999999996,606.8049659303688,610.3
109-52-4,CCCCC(=O)O,102.13299999999994,650.6949065036907,639.0
71-41-0,CCCCCO,88.14999999999993,567.8960258966628,587.9
6032-29-7,CCCC(C)O,88.14999999999993,571.0383196211562,560.4
584-02-1,CCC(CC)O,88.14999999999993,571.0383196211562,559.6
107-87-9,CCCC(=O)C,86.13399999999994,546.1707030275677,561.0
96-22-0,CCC(=O)CC,86.13399999999996,546.1707030275677,561.4
109-67-1,CCCC=C,70.13499999999998,476.7624423,464.74
627-20-3,CCC=CC,70.13499999999998,490.2053758069934,474.9
628-63-7,CCCCCOC(=O)C,130.18699999999995,590.7761939553947,600.0
538-68-1,CCCCCC1=CC=CC=C1,148.24900000000014,679.9829278702518,675.0
2049-96-9,CCCCCOC(=O)C1=CC=CC=C1,192.25800000000007,762.6451583252631,736.0
684-16-2,C(=O)(C(F)(F)F)C(F)(F)F,166.01999999999998,455.10902907539486,357.2
355-25-9,C(C(C(F)(F)F)(F)F)(C(F)(F)F)(F)F,238.024,388.11546602738935,386.3
115-25-3,C1(C(C(C1(F)F)(F)F)(F)F)(F)F,200.028,419.7686429207599,388.38
355-68-0,C1(C(C(C(C(C1(F)F)(F)F)(F)F)(F)F)(F)F)(F)F,300.0419999999999,457.6788667907225,457.1
355-75-9,C1(=C(C(C(C(C1(F)F)(F)F)(F)F)(F)F)F)F,262.04599999999994,485.8789392367568,461.7
307-45-9,C(C(C(C(C(C(F)(F)F)(F)F)(F)F)(F)F)(F)F)(C(C(C(C(F)(F)F)(F)F)(F)F)(F)F)(F)F,538.066,482.61342101140656,542.4
354-96-1,C(C(C(F)(F)F)(C(F)(F)F)F)(C(F)(F)F)(C(F)(F)F)F,338.03799999999995,418.35567377319455,463.0
22052-81-9,CCOC(C(F)(F)F)(F)F,164.07300000000004,443.3156905,431.23
156053-88-2,C(C(F)(F)F)OC(C(F)(F)F)(F)F,218.043,424.13513209174266,421.68
335-57-9,C(C(C(C(F)(F)F)(F)F)(F)F)(C(C(C(F)(F)F)(F)F)(F)F)(F)F,388.0449999999999,433.8198761799939,477.0
355-63-5,C(=C(F)F)(C(C(C(C(C(F)(F)F)(F)F)(F)F)(F)F)(F)F)F,350.04899999999986,453.4966546907931,478.2
355-42-0,C(C(C(C(F)(F)F)(F)F)(F)F)(C(C(F)(F)F)(F)F)(F)F,338.03799999999995,418.35567377319455,451.0
755-25-9,C(=C(F)F)(C(C(C(C(F)(F)F)(F)F)(F)F)(F)F)F,300.0419999999999,438.7461341615066,454.3
354-92-7,C(C(F)(F)F)(C(F)(F)F)(C(F)(F)F)F,238.024,388.11546602738935,395.4
22052-84-2,COC(C(F)(F)F)(C(F)(F)F)F,200.053,431.9350204554646,433.3
355-02-2,C1(C(C(C(C(C1(F)F)(F)F)(F)F)(F)F)(F)F)(C(F)(F)F)F,350.0489999999999,471.3818584878359,486.5
355-04-4,C(C(C(C(F)(F)F)(F)F)(F)F)(C(F)(F)F)(C(F)(F)F)F,338.03799999999995,418.35567377319455,454.6
865-71-4,C(C(C(F)(F)F)(F)F)(C(C(F)(F)F)(F)F)(C(F)(F)F)F,338.03799999999995,418.35567377319455,450.0
313-72-4,C12=C(C(=C(C(=C1F)F)F)F)C(=C(C(=C2F)F)F)F,272.09399999999994,673.8591664847816,673.0
375-96-2,C(C(C(C(C(F)(F)F)(F)F)(F)F)(F)F)(C(C(C(C(F)(F)F)(F)F)(F)F)(F)F)(F)F,488.0589999999999,465.8655718596133,524.0
307-34-6,C(C(C(C(C(F)(F)F)(F)F)(F)F)(F)F)(C(C(C(F)(F)F)(F)F)(F)F)(F)F,438.0519999999999,449.62875731644345,502.3
425-82-1,C1(C(OC1(F)F)(F)F)(F)F,166.01999999999998,442.9243886374485,361.8
678-26-2,C(C(C(F)(F)F)(F)F)(C(C(F)(F)F)(F)F)(F)F,288.03099999999995,403.1507874730428,421.8
2706-90-3,C(=O)(C(C(C(C(F)(F)F)(F)F)(F)F)(F)F)O,264.04299999999995,594.4261357508158,545.5
76-19-7,C(C(F)(F)F)(C(F)(F)F)(F)F,188.017,373.15279142755327,345.02
434-64-0,C1(=C(C(=C(C(=C1F)F)F)F)F)C(F)(F)F,236.06099999999995,554.0261887588587,534.4
108-95-2,C1=CC=C(C=C1)O,94.11299999999996,671.3173736798743,694.3
122-79-2,CC(=O)OC1=CC=CC=C1,136.15000000000006,683.9567352088724,686.0
103-71-9,C1=CC=C(C=C1)N=C=O,119.12299999999996,677.5626484509468,657.0
110-85-0,C1CNCCN1,86.13799999999995,641.0977812458226,660.0
110-89-4,C1CCNCC1,85.14999999999995,603.5491693533033,594.14
123-38-6,CCC=O,58.08000000000002,489.50273056486094,503.7
74-98-6,CCC,44.09700000000002,427.6560090284778,369.89
109-76-2,C(CN)CN,74.12699999999995,612.7261940714819,632.0
57-55-6,CC(CO)O,76.09499999999997,614.6499398943698,676.0
504-63-2,C(CO)CO,76.09499999999996,611.8328775926401,718.0
107-12-0,CCC#N,55.08000000000001,563.7505818359051,561.3
107-03-9,CCCS,76.16399999999996,522.1985647819573,536.6
79-09-4,CCC(=O)O,74.07899999999998,608.8049693317532,603.0
71-23-8,CCCO,60.096000000000025,522.5644252545258,536.8
67-63-0,CC(C)O,60.096000000000025,525.9360717531204,508.3
115-07-1,CC=C,42.08100000000002,427.6402909794194,364.21
2807-30-9,CCCOCCO,104.14899999999994,590.6325837582048,614.7
1569-01-3,CCCOCC(C)O,118.17599999999992,615.7272330541774,605.0
109-60-4,CCCOC(=O)C,102.13299999999995,546.508189,549.69
107-10-8,CCCN,59.11200000000002,522.8726599695431,499.2
103-65-1,CCCC1=CC=CC=C1,120.19499999999992,639.3905782292154,638.3
2315-68-6,CCCOC(=O)C1=CC=CC=C1,164.2040000000001,723.2160568448666,710.0
105-66-8,CCCC(=O)OCCC,130.18699999999995,590.7761939553947,593.0
1678-92-8,CCCC1CCCCC1,126.2429999999999,624.1046582415842,630.8
108-65-6,CC(COC)OC(=O)C,132.159,594.8035973723851,598.0
644-49-5,CCCOC(=O)C(C)C,130.18699999999995,594.2531561141781,582.0
557-00-6,CCCOC(=O)CC(C)C,144.21400000000014,615.9330476,609.0
106-36-5,CCCOC(=O)CC,116.15999999999994,568.7707296849087,569.0
74-99-7,CC#C,40.06500000000001,429.3202250305324,402.0
290-37-9,C1=CN=CC=N1,80.08999999999997,667.4640698414377,627.0
110-86-1,C1=CC=NC=C1,79.10199999999998,618.7658132682682,619.0
109-97-7,C1=CNC=C1,67.09099999999998,571.6983962417722,639.7
123-75-1,C1CCNC1,71.12299999999998,568.7166316641785,568.6
91-22-5,C1=CC=C2C(=C1)C=CC=N2,129.16199999999998,757.7796881032957,782.0
108-46-3,C1=CC(=CC(=C1)O)O,110.11199999999997,767.1457714509495,836.0
100-42-5,C=CC1=CC=CC=C1,104.15199999999994,620.4182551195013,635.0
110-15-6,C(CC(=O)O)C(=O)O,118.08799999999997,792.3247369080091,851.0
84-15-1,C1=CC=C(C=C1)C2=CC=CC=C2C3=CC=CC=C3,230.3100000000001,966.7738299490836,857.0
92-06-8,C1=CC=C(C=C1)C2=CC(=CC=C2)C3=CC=CC=C3,230.3100000000001,966.7738299490836,883.0
92-94-4,C1=CC=C(C=C1)C2=CC=C(C=C2)C3=CC=CC=C3,230.3100000000001,966.7738299490836,913.0
56-23-5,C(Cl)(Cl)(Cl)Cl,153.823,586.9488144,556.44
646-31-1,CCCCCCCCCCCCCCCCCCCCCCCC,338.6639999999991,918.3097762361958,800.0
629-59-4,CCCCCCCCCCCCCC,198.39400000000023,679.5895693091957,693.0
544-63-8,CCCCCCCCCCCCCC(=O)O,228.37600000000023,841.8901821862349,763.0
112-72-1,CCCCCCCCCCCCCCO,214.39300000000023,770.2042176161495,743.0
2345-27-9,CCCCCCCCCCCCC(=O)C,212.37700000000024,741.9291909731479,728.0
1120-36-1,CCCCCCCCCCCCC=C,196.37800000000024,678.8716738,691.0
112-60-7,C(COCCOCCOCCO)O,194.2270000000001,793.6216373996218,800.0
551-62-2,C1=CC(=C(C(=C1F)F)F)F,150.074,549.1369202,550.8
2367-82-0,C1=C(C=C(C(=C1F)F)F)F,150.074,549.1369202,535.2
327-54-8,C1=C(C(=CC(=C1F)F)F)F,150.074,549.1369202,543.3
811-97-2,C(C(F)(F)F)F,102.03,369.9219052037424,374.21
359-35-3,C(C(F)F)(F)F,102.03,370.1852470972733,391.75
116-14-3,C(=C(F)F)(F)F,100.014,382.05409002581393,306.88
57041-67-5,C(C(F)(F)F)(OC(F)F)F,168.036,410.43261913713314,428.95
75-73-0,C(F)(F)(F)F,88.00300000000001,342.9996837325063,227.51
109-99-9,C1CCOC1,72.10699999999997,536.9002067674141,540.0
119-64-2,C1CCC2=CC=CC=C2C1,132.206,708.4007327079878,720.0
142-68-7,C1CCOCC1,86.13399999999996,572.2493075715994,572.0
110-01-0,C1CCSC1,88.17499999999995,576.3814739,632.0
95-93-2,CC1=CC(=C(C=C1C)C)C,134.222,678.6802397,676.0
13475-81-5,CCCC(C)(C)C(C)(C)C,142.2860000000001,605.7088048,623.0
1071-81-4,CC(C)(C)CCC(C)(C)C,142.2860000000001,605.7088048,581.4
7154-79-2,CCC(C)(C)C(C)(C)C,128.2589999999999,584.1530459315766,607.5
1186-53-4,CC(C)C(C)C(C)(C)C,128.2589999999999,583.1432874478019,592.6
1070-87-7,CC(C)(C)CC(C)(C)C,128.2589999999999,584.1530459315766,574.6
16747-38-9,CC(C)C(C)(C)C(C)C,128.2589999999999,583.1432874478019,607.5
1613-51-0,C1CCSCC1,102.20199999999994,611.4288589574976,684.0
110-02-1,C1=CSC=C1,84.14299999999997,579.6377989,579.4
89-83-8,CC1=CC(=C(C=C1)C(C)C)O,150.22100000000012,764.7976106331898,698.0
108-88-3,CC1=CC=CC=C1,92.14099999999996,598.0611700010387,591.9
638-68-6,CCCCCCCCCCCCCCCCCCCCCCCCCCCCCC,422.826,1092.2141355093067,843.0
75-25-2,C(Br)(Br)Br,252.731,662.0695978859242,682.0
76-02-8,C(=O)(C(Cl)(Cl)Cl)Cl,181.833,675.1813050094888,604.0
75-69-4,C(F)(Cl)(Cl)Cl,137.368,525.8096631961894,471.11
67-66-3,C(Cl)(Cl)Cl,119.378,532.4327305810916,536.13
319-88-0,C1(=C(C(=C(C(=C1Cl)F)Cl)F)Cl)F,235.419,705.5274315676883,684.7
76-13-1,C(C(F)(Cl)Cl)(F)(F)Cl,187.375,534.1718780822024,487.1
638-67-5,CCCCCCCCCCCCCCCCCCCCCCC,324.6369999999991,892.2307907,790.0
629-50-5,CCCCCCCCCCCCC,184.36700000000025,657.3791972152009,676.0
112-70-9,CCCCCCCCCCCCCO,200.36600000000024,747.0301109350238,732.0
593-08-8,CCCCCCCCCCCC(=O)C,198.35000000000025,720.0111205652877,717.0
462-18-0,CCCCCCC(=O)CCCCCC,198.35000000000025,720.0111205652877,708.0
2437-56-1,CCCCCCCCCCCC=C,182.35100000000023,656.8227422439953,673.0
123-02-4,CCCCCCCCCCCCCC1=CC=CC=C1,260.46500000000015,845.1620215232208,790.0
121-44-8,CCN(CC)CC,101.19299999999993,511.8911604388847,535.6
102-25-0,CCC1=CC(=CC(=C1)CC)CC,162.27600000000015,712.4622663845921,679.0
112-27-6,C(COCCOCCO)O,150.17400000000012,724.1421586436231,775.0
353-85-5,C(#N)C(F)(F)F,95.023,516.3066056329319,311.1
367-23-7,C1=CC(=C(C=C1F)F)F,132.08400000000003,553.3060861911204,551.1
372-38-3,C1=C(C=C(C=C1F)F)F,132.08400000000003,553.3060861911204,530.9
420-46-2,CC(F)(F)F,84.03999999999999,378.8847231149952,345.86
75-89-8,C(C(F)(F)F)O,100.039,478.1071494379952,498.57
460-43-5,COCC(F)(F)F,114.066,430.4905382634914,448.98
2314-97-8,C(F)(F)(F)I,195.909,494.7591259931707,396.44
75-46-7,C(F)(F)F,70.013,349.25075347851606,299.29
3822-68-2,C(OC(F)(F)F)(F)F,136.01900000000003,390.51826568748135,354.49
2356-61-8,C(C(OC(F)(F)F)(F)F)(F)F,186.026,404.7209886329393,387.76
677-21-4,C=CC(F)(F)F,96.051,404.3118117506755,376.93
75-50-3,CN(C)C,59.112000000000016,440.1971721989608,433.0
526-73-8,CC1=C(C(=CC=C1)C)C,120.19499999999992,652.2486706612718,664.4
95-63-6,CC1=CC(=C(C=C1)C)C,120.19499999999992,652.2486706612718,649.1
108-67-8,CC1=CC(=CC(=C1)C)C,120.19499999999992,652.2486706612718,637.31
464-06-2,CC(C)C(C)(C)C,100.20499999999991,535.0206946587659,531.3
1795-26-2,CC1CC(CC(C1)C)C,126.2429999999999,613.8689010335037,602.0
7154-80-5,CCC(C)CC(C)(C)CC,142.2860000000001,601.2178565,609.5
3522-94-9,CC(C)CCC(C)(C)C,128.2589999999999,579.4227786962285,570.0
564-02-3,CCC(C)C(C)(C)C,114.2319999999999,557.3856689800984,563.5
540-84-1,CC(C)CC(C)(C)C,114.2319999999999,557.3856689800984,543.9
560-21-4,CCC(C)(C)C(C)C,114.2319999999999,557.3856689800984,573.5
565-75-3,CC(C)C(C)C(C)C,114.2319999999999,556.5233351510002,566.4
311-89-7,C(C(C(F)(F)F)(F)F)(C(N(C(C(C(C(F)(F)F)(F)F)(F)F)(F)F)C(C(C(C(F)(F)F)(F)F)(F)F)(F)F)(F)F)(F)F,671.0850000000004,528.8846393311394,566.0
308-24-7,C1(C(C(C(C(C1(F)F)(F)F)(F)F)(F)F)(F)F)F,282.0519999999999,459.6712225708898,477.7
1120-21-4,CCCCCCCCCCC,156.31300000000022,613.1216761079316,638.8
112-37-8,CCCCCCCCCCC(=O)O,186.2950000000002,776.3045103384409,728.0
112-42-5,CCCCCCCCCCCO,172.3120000000002,701.5481512516437,703.0
112-12-9,CCCCCCCCCC(=O)C,170.2960000000002,676.6656275454496,688.0
927-49-1,CCCCCC(=O)CCCCC,170.2960000000002,676.6656275454496,678.0
6742-54-7,CCCCCCCCCCCC1=CC=CC=C1,232.41100000000023,802.5719872790697,763.0
108-05-4,CC(=O)OC=C,86.08999999999997,524.3434024076942,519.2
95-47-6,CC1=CC=CC=C1C,106.16799999999994,625.4190594518557,630.26
108-38-3,CC1=CC(=CC=C1)C,106.16799999999994,625.4190594518557,616.9
106-42-3,CC1=CC=C(C=C1)C,106.16799999999994,625.4190594518557,616.17
526-75-0,CC1=C(C(=CC=C1)O)C,122.16699999999992,722.3186012612322,723.0
105-67-9,CC1=CC(=C(C=C1)O)C,122.16699999999992,722.3186012612322,708.0
95-87-4,CC1=CC(=C(C=C1)C)O,122.16699999999992,722.3186012612322,707.0
576-26-1,CC1=C(C(=CC=C1)C)O,122.16699999999992,722.3186012612322,701.0
95-65-8,CC1=C(C=C(C=C1)O)C,122.16699999999992,722.3186012612322,730.0
108-68-9,CC1=CC(=CC(=C1)O)C,122.16699999999992,722.3186012612322,716.0
