CAS Reg. No.,PubChem SMILES,Mol. wt.,JR Vc /(cm3 mol-1),CRC Vc /(cm3 mol-1)
75-07-0,CC=O,44.05300000000001,164.5,154.0
64-19-7,CC(=O)O,60.052000000000014,171.5,171.0
67-64-1,CC(=O)C,58.08000000000001,209.5,221.0
75-05-8,CC#N,41.053,173.5,173.0
98-86-2,CC(=O)C1=CC=CC=C1,120.15099999999994,381.5,373.0
74-86-2,C#C,26.038,109.5,119.0
107-13-1,C=CC#N,53.06400000000001,210.5,211.0
463-49-0,C=C=C,40.06500000000001,165.5,167.0
107-18-6,C=CCO,58.08000000000002,203.5,222.0
107-11-9,C=CCN,57.09600000000002,213.5,217.0
557-31-3,CCOCC=C,86.13399999999994,314.5,320.0
90-41-5,C1=CC=C(C=C1)C2=CC=CC=C2N,169.2270000000001,520.5,548.0
929-06-6,C(COCCO)N,105.13699999999994,325.5,333.0
111-41-1,C(CNCCO)N,104.15299999999992,342.5,340.0
62-53-3,C1=CC=C(C=C1)N,93.12899999999996,292.5,291.0
100-66-3,COC1=CC=CC=C1,108.13999999999994,337.5,355.0
71-43-2,C1=CC=CC=C1,78.11399999999996,263.5,257.0
103-82-2,C1=CC=C(C=C1)CC(=O)O,136.15000000000006,399.5,372.0
1821-12-1,C1=CC=C(C=C1)CCCC(=O)O,164.2040000000001,511.5,493.0
3360-41-6,C1=CC=C(C=C1)CCCCO,150.22100000000012,506.5,493.0
60-12-8,C1=CC=C(C=C1)CCO,122.16699999999992,394.5,390.0
2270-20-4,C1=CC=C(C=C1)CCCCC(=O)O,178.2310000000001,567.5,526.0
501-52-0,C1=CC=C(C=C1)CCC(=O)O,150.17700000000008,455.5,440.0
122-97-4,C1=CC=C(C=C1)CCCO,136.19400000000005,450.5,450.0
100-47-0,C1=CC=C(C=C1)C#N,103.12399999999997,345.5,348.0
119-61-9,C1=CC=C(C=C1)C(=O)C2=CC=CC=C2,182.2220000000001,553.5,568.0
95-15-8,C1=CC=C2C(=C1)C=CS2,134.20300000000003,365.5,359.0
100-51-6,C1=CC=C(C=C1)CO,108.13999999999994,338.5,333.0
90-42-6,C1CCC(CC1)C2CCCCC2=O,180.29100000000017,580.5,584.0
1636-39-1,C1CCC(C1)C2CCCC2,138.25400000000005,477.5,497.0
92-52-4,C1=CC=C(C=C1)C2=CC=CC=C2,154.21200000000007,491.5,481.0
111-40-0,C(CNCCN)N,103.16899999999994,352.5,350.0
1691-17-4,C(OC(F)F)(F)F,118.029,225.5,223.0
117-81-7,CCCCC(CC)COC(=O)C1=CC=CC=C1C(=O)OCC(CC)CCCC,390.56399999999945,1311.5,1495.0
105-59-9,CN(CCO)CCO,119.16399999999992,371.5,404.0
353-59-3,C(F)(F)(Cl)Br,165.364,227.5,229.0
1511-62-2,C(F)(F)Br,130.919,183.5,173.0
74-96-4,CCBr,108.96599999999997,209.5,214.0
1072-85-1,C1=CC=C(C(=C1)F)Br,175.00000000000003,343.5,342.0
1073-06-9,C1=CC(=CC(=C1)Br)F,175.0,343.5,337.0
460-00-4,C1=CC(=CC=C1F)Br,175.00000000000003,343.5,338.0
106-94-5,CCCBr,122.99299999999997,265.5,271.0
75-63-8,C(F)(F)(F)Br,148.909,196.5,199.0
392-83-6,C1=CC=C(C(=C1)C(F)(F)F)Br,225.00700000000003,424.5,415.0
401-78-5,C1=CC(=CC(=C1)Br)C(F)(F)F,225.007,424.5,413.0
402-43-7,C1=CC(=CC=C1C(F)(F)F)Br,225.00700000000003,424.5,413.0
106-99-0,C=CC=C,54.09200000000001,221.5,221.0
123-72-8,CCCC=O,72.10699999999996,276.5,258.0
106-97-8,CCCC,58.12400000000002,259.5,257.0
110-60-1,C(CCN)CN,88.15399999999995,317.5,317.0
26171-83-5,CCC(CO)O,90.12199999999994,291.5,298.0
107-88-0,CC(CCO)O,90.12199999999994,291.5,302.0
110-63-4,C(CCO)CO,90.12199999999996,297.5,307.0
109-74-0,CCCC#N,69.10699999999997,285.5,265.0
109-79-5,CCCCS,90.19099999999996,313.5,324.0
107-92-6,CCCC(=O)O,88.10599999999995,283.5,292.0
71-36-3,CCCCO,74.12299999999995,278.5,280.0
78-92-2,CCC(C)O,74.12299999999995,272.5,269.0
78-93-3,CCC(=O)C,72.10699999999997,265.5,274.0
106-98-9,CCC=C,56.10800000000002,240.5,236.0
590-18-1,CC=CC,56.10800000000002,239.5,235.0
624-64-6,CC=CC,56.10800000000002,239.5,238.0
111-76-2,CCCCOCCO,118.17599999999992,408.5,424.0
112-07-2,CCCCOCCOC(=O)C,160.21300000000014,527.5,551.0
5131-66-8,CCCCOCC(C)O,132.20299999999995,458.5,479.0
123-86-4,CCCCOC(=O)C,116.15999999999993,397.5,403.0
105-46-4,CCC(C)OC(=O)C,116.15999999999993,391.5,398.0
540-88-5,CC(=O)OC(C)(C)C,116.15999999999994,386.5,399.0
141-32-2,CCCCOC(=O)C=C,128.17099999999994,434.5,445.0
109-73-9,CCCCN,73.13899999999995,288.5,291.0
33966-50-6,CCC(C)N,73.13899999999995,282.5,284.0
75-64-9,CC(C)(C)N,73.13899999999995,277.5,293.0
104-51-8,CCCCC1=CC=CC=C1,134.222,487.5,498.0
36383-15-0,CCC(C)C1=CC=CC=C1,134.222,481.5,488.0
98-06-6,CC(C)(C)C1=CC=CC=C1,134.222,476.5,474.0
136-60-7,CCCCOC(=O)C1=CC=CC=C1,178.2310000000001,569.5,594.0
109-21-7,CCCCOC(=O)CCC,144.21400000000014,509.5,550.0
1678-93-9,CCCCC1CCCCC1,140.27000000000007,528.5,547.0
3178-22-1,CC(C)(C)C1CCCCC1,140.27000000000007,517.5,537.0
637-92-3,CCOC(C)(C)C,102.17699999999992,378.5,394.0
628-28-4,CCCCOC,88.14999999999993,333.5,340.0
590-01-2,CCCCOC(=O)CC,130.18699999999995,453.5,464.0
111-34-2,CCCCOC=C,100.16099999999992,370.5,379.0
96-48-0,C1CC(=O)OC1,86.08999999999997,243.5,246.0
109-69-3,CCCCCl,92.56899999999996,308.5,303.0
75-68-3,CC(F)(F)Cl,100.495,221.5,230.0
359-10-4,C(=C(F)F)Cl,98.479,213.5,197.0
75-45-6,C(F)(F)Cl,86.468,170.5,165.0
75-00-3,CCCl,64.51500000000001,196.5,198.0
75-01-4,C=CCl,62.49900000000001,177.5,171.0
348-51-6,C1=CC=C(C(=C1)F)Cl,130.549,330.5,319.0
625-98-9,C1=CC(=CC(=C1)Cl)F,130.549,330.5,324.0
352-33-0,C1=CC(=CC=C1F)Cl,130.549,330.5,322.0
629-06-1,CCCCCCCCl,134.65,476.5,492.0
544-10-5,CCCCCCCl,120.62299999999992,420.5,422.0
74-87-3,CCl,50.48800000000001,140.5,136.0
594-36-5,CCC(C)(C)Cl,106.59599999999996,353.5,397.0
507-20-0,CC(C)(C)Cl,92.56899999999996,297.5,308.0
111-85-3,CCCCCCCCCl,148.67700000000016,532.5,543.0
79-53-8,C(=O)(C(F)(F)F)C(F)(F)Cl,182.475,326.5,277.0
344-07-0,C1(=C(C(=C(C(=C1F)F)Cl)F)F)F,202.509,402.5,367.0
76-15-3,C(C(F)(F)Cl)(F)(F)F,154.465,264.5,255.0
543-59-9,CCCCCCl,106.59599999999996,364.5,361.0
540-54-5,CCCCl,78.54199999999997,252.5,268.0
75-29-6,CC(C)Cl,78.54199999999997,246.5,245.0
2837-89-0,C(C(F)(F)F)(F)Cl,136.47500000000002,251.5,244.0
106-43-4,CC1=CC=C(C=C1)Cl,126.58599999999996,368.5,377.0
75-88-7,C(C(F)(F)F)Cl,118.485,239.5,232.0
79-38-9,C(=C(F)Cl)(F)F,116.469,232.5,214.0
75-72-9,C(F)(F)(F)Cl,104.458,183.5,180.3
95-48-7,CC1=CC=CC=C1O,108.13999999999994,285.5,336.0
108-39-4,CC1=CC(=CC=C1)O,108.13999999999994,285.5,337.0
106-44-5,CC1=CC=C(C=C1)O,108.13999999999994,285.5,349.0
460-19-5,C(#N)C#N,52.036,199.5,149.0
291-64-5,C1CCCCCC1,98.18899999999992,353.5,361.0
110-82-7,C1CCCCC1,84.16199999999994,305.5,307.0
108-93-0,C1CCC(CC1)O,100.16099999999992,323.5,334.0
108-94-1,C1CCC(=O)CC1,98.14499999999994,312.5,354.0
110-83-8,C1CCC=CC1,82.14599999999994,291.5,290.0
108-91-8,C1CCC(CC1)N,99.17699999999994,333.5,349.0
292-64-8,C1CCCCCCC1,112.21599999999992,401.5,417.0
287-92-3,C1CCCC1,70.13499999999998,257.5,264.0
96-41-3,C1CCC(C1)O,86.13399999999994,275.5,288.0
120-92-3,C1CCC(=O)C1,84.11799999999995,264.5,276.0
142-29-0,C1CC=CC1,68.11899999999999,243.5,252.0
75-19-4,C1CC1,42.08100000000002,161.5,164.0
434-90-2,C1(=C(C(=C(C(=C1F)F)F)F)F)C2=C(C(=C(C(=C2F)F)F)F)F,334.1119999999999,671.5,641.0
493-01-6,C1CCC2CCCCC2C1,138.25400000000005,477.5,492.0
493-02-7,C1CCC2CCCCC2C1,138.25400000000005,477.5,499.0
112-31-2,CCCCCCCCCC=O,156.26900000000018,612.5,601.0
124-18-5,CCCCCCCCCC,142.2860000000001,595.5,621.0
646-25-3,C(CCCCCN)CCCCN,172.31600000000023,653.5,654.0
111-20-6,C(CCCCC(=O)O)CCCC(=O)O,202.2500000000001,643.5,724.0
334-48-5,CCCCCCCCCC(=O)O,172.26800000000017,619.5,638.0
112-30-1,CCCCCCCCCCO,158.2850000000002,614.5,624.0
1565-81-7,CCCCCCCC(CC)O,158.2850000000002,608.5,643.0
2051-31-2,CCCCCCC(CCC)O,158.2850000000002,608.5,643.0
5205-34-5,CCCCCC(CCCC)O,158.2850000000002,608.5,646.0
693-54-9,CCCCCCCCC(=O)C,156.26900000000018,601.5,625.0
928-80-3,CCCCCCCC(=O)CC,156.26900000000018,601.5,628.0
624-16-8,CCCCCCC(=O)CCC,156.26900000000018,601.5,636.0
872-05-9,CCCCCCCCC=C,140.27000000000007,576.5,594.0
104-72-3,CCCCCCCCCCC1=CC=CC=C1,218.3840000000002,823.5,879.0
132-64-9,C1=CC=C2C(=C1)C3=CC=CC=C3O2,168.19500000000005,486.5,494.0
354-51-8,C(C(F)(Cl)Br)(F)(F)Br,276.277,352.5,368.0
335-48-8,C(C(C(F)(F)Br)(F)F)(C(F)(F)Br)(F)F,359.8359999999999,483.5,452.0
111-92-2,CCCCNCCCC,129.24699999999993,518.5,532.0
1012-72-2,CC(C)(C)C1=CC=C(C=C1)C(C)(C)C,190.33000000000013,689.5,732.0
142-96-1,CCCCOCCCC,130.23099999999994,501.5,521.0
84-74-2,CCCCOC(=O)C1=CC=CC=C1C(=O)OCCCC,278.3479999999996,875.5,954.0
541-73-1,C1=CC(=CC(=C1)Cl)Cl,147.00400000000002,361.5,366.0
106-46-7,C1=CC(=CC=C1Cl)Cl,147.00400000000002,361.5,364.0
75-71-8,C(F)(F)(Cl)Cl,120.913,214.5,218.0
75-34-3,CC(Cl)Cl,98.95999999999998,239.5,248.0
107-06-2,C(CCl)Cl,98.95999999999998,245.5,225.0
156-59-2,C(=CCl)Cl,96.944,225.5,220.0
156-60-5,C(=CCl)Cl,96.944,225.5,216.0
1717-00-6,CC(F)(Cl)Cl,116.95,252.5,253.7
75-43-4,C(F)(Cl)Cl,102.923,201.5,196.0
661-97-2,C(C(F)(F)F)(C(F)(F)Cl)(F)Cl,220.927,376.5,365.0
75-09-2,C(Cl)Cl,84.93299999999999,189.5,177.0
78-87-5,CC(CCl)Cl,112.98699999999998,295.5,292.0
142-28-9,C(CCl)CCl,112.98699999999998,301.5,299.0
374-07-2,C(C(F)(Cl)Cl)(F)(F)F,170.92,295.5,294.0
76-14-2,C(C(F)(F)Cl)(F)(F)Cl,170.92000000000002,295.5,295.0
354-23-4,C(C(F)(F)Cl)(F)Cl,152.93000000000004,282.5,283.2
306-83-2,C(C(F)(F)F)(Cl)Cl,152.93000000000004,282.5,278.0
84-77-5,CCCCCCCCCCOC(=O)C1=CC=CC=C1C(=O)OCCCCCCCCCC,446.67199999999934,1547.5,1807.0
105-57-7,CCOC(C)OCC,118.17599999999992,401.5,426.0
629-14-1,CCOCCOCC,118.17599999999992,407.5,432.0
462-95-3,CCOCOCC,104.14899999999992,351.5,370.0
109-89-7,CCNCC,73.13899999999995,294.5,304.0
105-05-5,CCC1=CC=C(C=C1)CC,134.222,487.5,494.0
111-46-6,C(COCCO)O,106.12099999999994,315.5,325.0
112-36-7,CCOCCOCCOCC,162.22900000000016,537.5,587.0
111-96-6,COCCOCCOC,134.175,425.5,450.0
112-34-5,CCCCOCCOCCO,162.22900000000016,538.5,546.0
124-17-4,CCCCOCCOCCOC(=O)C,204.26600000000016,657.5,627.0
111-90-0,CCOCCOCCO,134.175,426.5,427.0
112-15-2,CCOCCOCCOC(=O)C,176.21200000000013,545.5,524.0
111-77-3,COCCOCCO,120.14799999999993,370.5,378.0
6881-94-3,CCCOCCOCCO,148.20200000000014,482.5,495.0
60-29-7,CCOCC,74.12299999999995,277.5,280.0
95-92-1,CCOC(=O)C(=O)OCC,146.14200000000008,423.5,464.0
84-66-2,CCOC(=O)C1=CC=CC=C1C(=O)OCC,222.2400000000001,651.5,687.0
123-25-1,CCOC(=O)CCC(=O)OCC,174.1960000000001,535.5,567.0
352-93-2,CCSCC,90.19099999999996,313.5,322.0
367-11-3,C1=CC=C(C(=C1)F)F,114.09399999999998,299.5,290.0
372-18-9,C1=CC(=CC(=C1)F)F,114.09399999999998,299.5,289.0
540-36-3,C1=CC(=CC=C1F)F,114.09399999999998,299.5,297.0
75-37-6,CC(F)F,66.05,177.5,178.0
75-38-7,C=C(F)F,64.034,165.5,155.0
75-10-5,C(F)F,52.02300000000001,127.5,121.0
1885-48-9,C(C(F)(F)F)OC(F)F,150.04600000000002,294.5,291.0
3648-21-3,CCCCCCCOC(=O)C1=CC=CC=C1C(=O)OCCCCCCC,362.5099999999995,1211.5,1153.0
84-75-3,CCCCCCOC(=O)C1=CC=CC=C1C(=O)OCCCCCC,334.4559999999995,1099.5,1061.0
110-87-2,C1CC=COC1,84.11799999999995,256.5,268.0
110-96-3,CC(C)CNCC(C)C,129.24699999999993,506.5,518.0
108-18-9,CC(C)NC(C)C,101.19299999999993,394.5,407.0
100-18-5,CC(C)C1=CC=C(C=C1)C(C)C,162.27600000000015,587.5,610.0
108-20-3,CC(C)OC(C)C,102.17699999999994,377.5,386.0
110-71-4,COCCOC,90.12199999999994,295.5,305.0
109-87-5,COCOC,76.09499999999997,239.5,259.0
77-76-9,CC(C)(OC)OC,104.14899999999994,340.5,360.0
124-40-3,CNC,45.085000000000015,182.5,188.0
121-69-7,CN(C)C1=CC=CC=C1,121.18299999999992,393.5,407.0
75-83-2,CCC(C)(C)C,86.17799999999993,360.5,364.0
79-29-8,CC(C)C(C)C,86.17799999999993,359.5,358.0
75-97-8,CC(=O)C(C)(C)C,100.16099999999992,366.5,383.0
563-78-0,CC(C)C(=C)C,84.16199999999994,347.5,346.0
558-37-2,CC(C)(C)C=C,84.16199999999994,341.5,348.0
563-79-1,CC(=C(C)C)C,84.16199999999994,353.5,344.0
638-04-0,CC1CCCC(C1)C,112.21599999999992,415.5,429.0
624-29-3,CC1CCC(CC1)C,112.21599999999992,415.5,434.0
624-92-0,CSSC,94.20399999999998,255.5,266.0
115-10-6,COC,46.06900000000002,165.5,171.0
1119-40-0,COC(=O)CCCC(=O)OC,160.1690000000001,479.5,488.0
1071-26-7,CCCCCC(C)(C)C,128.2589999999999,528.5,546.0
1732-08-7,COC(=O)CCCCCC(=O)OC,188.22300000000013,591.5,608.0
590-73-8,CCCCC(C)(C)C,114.2319999999999,472.5,481.0
584-94-1,CCCC(C)C(C)C,114.2319999999999,471.5,466.0
589-43-5,CCC(C)CC(C)C,114.2319999999999,471.5,480.0
592-13-2,CC(C)CCC(C)C,114.2319999999999,471.5,485.0
563-16-6,CCCC(C)(C)CC,114.2319999999999,472.5,450.0
583-48-2,CCC(C)C(C)CC,114.2319999999999,471.5,467.0
627-93-0,COC(=O)CCCCC(=O)OC,174.1960000000001,535.5,561.0
108-59-8,COC(=O)CC(=O)OC,132.115,367.5,368.0
582-16-1,CC1=CC2=C(C=C1)C=CC(=C2)C,156.2280000000001,521.5,515.0
1732-09-8,COC(=O)CCCCCCC(=O)OC,202.2500000000001,647.5,672.0
553-90-2,COC(=O)C(=O)OC,118.08799999999997,311.5,315.0
558-30-5,CC1(CO1)C,72.10699999999997,235.5,327.0
590-35-2,CCCC(C)(C)C,100.20499999999991,416.5,409.0
565-59-3,CCC(C)C(C)C,100.20499999999991,415.5,394.0
108-08-7,CC(C)CC(C)C,100.20499999999991,415.5,415.0
562-49-2,CCC(C)(C)CC,100.20499999999991,416.5,413.0
3404-72-6,CCC(C)C(=C)C,98.18899999999992,403.5,400.0
762-62-9,CC(C)(C)CC=C,98.18899999999992,397.5,406.0
131-11-3,COC(=O)C1=CC=CC=C1C(=O)OC,194.1860000000001,539.5,557.0
583-61-9,CC1=C(N=CC=C1)C,107.15599999999996,368.5,337.0
108-47-4,CC1=CC(=NC=C1)C,107.15599999999996,368.5,363.0
589-93-5,CC1=CN=C(C=C1)C,107.15599999999996,368.5,371.0
108-48-5,CC1=NC(=CC=C1)C,107.15599999999992,368.5,353.0
583-58-4,CC1=C(C=NC=C1)C,107.15599999999996,368.5,353.0
591-22-0,CC1=CC(=CN=C1)C,107.15599999999996,368.5,369.0
877-43-0,CC1=CC2=C(C=C1)N=C(C=C2)C,157.2160000000001,514.5,505.0
106-79-6,COC(=O)CCCCCCCCC(=O)OC,230.30400000000017,759.5,695.0
106-65-0,COC(=O)CCC(=O)OC,146.14200000000008,423.5,426.0
75-18-3,CSC,62.137000000000015,201.5,201.0
84-76-4,CCCCCCCCCOC(=O)C1=CC=CC=C1C(=O)OCCCCCCCCC,418.61799999999937,1435.5,1652.0
117-84-0,CCCCCCCCOC(=O)C1=CC=CC=C1C(=O)OCCCCCCCC,390.56399999999945,1323.5,1510.0
123-91-1,C1COCCO1,88.10599999999995,235.5,251.0
131-18-0,CCCCCOC(=O)C1=CC=CC=C1C(=O)OCCCCC,306.40199999999953,987.5,957.0
101-84-8,C1=CC=C(C=C1)OC2=CC=CC=C2,170.21100000000007,509.5,526.0
142-84-7,CCCNCCC,101.19299999999993,406.5,414.0
111-43-3,CCCOCCC,102.17699999999994,389.5,402.0
131-16-8,CCCOC(=O)C1=CC=CC=C1C(=O)OCCC,250.29400000000007,763.5,816.0
3648-20-2,CCCCCCCCCCCOC(=O)C1=CC=CC=C1C(=O)OCCCCCCCCCCC,474.7259999999993,1659.5,1590.0
629-97-0,CCCCCCCCCCCCCCCCCCCCCC,310.6099999999991,1267.5,1434.0
112-85-6,CCCCCCCCCCCCCCCCCCCCCC(=O)O,340.5919999999992,1291.5,1485.0
661-19-8,CCCCCCCCCCCCCCCCCCCCCCO,326.6089999999991,1286.5,1243.0
112-40-3,CCCCCCCCCCCC,170.34000000000023,707.5,747.0
2783-17-7,C(CCCCCCN)CCCCCN,200.37000000000023,765.5,765.0
693-23-2,C(CCCCCC(=O)O)CCCCC(=O)O,230.30400000000017,755.5,730.0
112-55-0,CCCCCCCCCCCCS,202.40700000000024,761.5,726.0
143-07-7,CCCCCCCCCCCC(=O)O,200.3220000000002,731.5,787.0
112-53-8,CCCCCCCCCCCCO,186.33900000000023,726.5,805.0
6175-49-1,CCCCCCCCCCC(=O)C,184.3230000000002,713.5,742.0
112-41-4,CCCCCCCCCCC=C,168.3240000000002,688.5,710.0
112-95-8,CCCCCCCCCCCCCCCCCCCC,282.5559999999996,1155.5,1325.0
506-30-9,CCCCCCCCCCCCCCCCCCCC(=O)O,312.5379999999992,1179.5,1346.0
629-96-9,CCCCCCCCCCCCCCCCCCCCO,298.55499999999915,1174.5,1130.0
13838-16-9,C(C(OC(F)F)(F)F)(F)Cl,184.491,337.5,343.0
74-84-0,CC,30.07,147.5,146.0
107-15-3,C(CN)N,60.100000000000016,205.5,204.0
107-21-1,C(CO)O,62.06800000000002,185.5,180.0
542-10-9,CC(OC(=O)C)OC(=O)C,146.14200000000008,417.5,457.0
75-08-1,CCS,62.137000000000015,201.5,208.0
64-17-5,CCO,46.06900000000002,166.5,169.0
141-43-5,C(CO)N,61.08400000000002,195.5,207.0
103-73-1,CCOC1=CC=CC=C1,122.16699999999992,393.5,407.0
111-15-9,CCOCCOC(=O)C,132.159,415.5,443.0
919-94-8,CCC(C)(C)OCC,116.20399999999992,434.5,448.0
141-78-6,CCOC(=O)C,88.10599999999995,285.5,288.0
75-04-7,CCN,45.085000000000015,176.5,183.0
100-41-4,CCC1=CC=CC=C1,106.16799999999994,375.5,365.0
93-89-0,CCOC(=O)C1=CC=CC=C1,150.17700000000008,457.5,470.0
105-54-4,CCCC(=O)OCC,116.15999999999993,397.5,421.0
623-70-1,CCOC(=O)C=CC,114.14399999999992,377.5,382.0
1678-91-7,CCC1CCCCC1,112.21599999999992,416.5,431.0
1640-89-7,CCC1CCCC1,98.18899999999992,368.5,377.0
3938-95-2,CCOC(=O)C(C)(C)C,130.18699999999995,442.5,461.0
74-85-1,C=C,28.053999999999995,129.5,130.9
763-69-9,CCOCCC(=O)OCC,146.18600000000012,471.5,478.0
106-30-9,CCCCCCC(=O)OCC,158.24100000000016,565.5,587.0
619-99-8,CCCC(CC)CC,114.2319999999999,477.5,450.0
123-66-0,CCCCCC(=O)OCC,144.21400000000014,509.5,528.0
149-57-5,CCCCC(CC)C(=O)O,144.21400000000014,501.5,543.0
104-76-7,CCCCC(CC)CO,130.23099999999994,496.5,508.0
103-09-3,CCCCC(CC)COC(=O)C,172.26800000000017,615.5,644.0
108-64-5,CCOC(=O)CC(C)C,130.18699999999995,447.5,463.0
540-67-0,CCOC,60.09600000000002,221.5,219.0
609-26-7,CCC(CC)C(C)C,114.2319999999999,471.5,442.0
1067-08-9,CCC(C)(CC)CC,114.2319999999999,472.5,463.0
97-62-1,CCOC(=O)C(C)C,116.15999999999993,391.5,421.0
624-89-5,CCSC,76.16399999999996,257.5,260.0
123-29-5,CCCCCCCCC(=O)OCC,186.2950000000002,677.5,715.0
106-32-1,CCCCCCCC(=O)OCC,172.26800000000017,621.5,657.0
617-78-7,CCC(CC)CC,100.20499999999991,421.5,412.0
539-82-2,CCCCC(=O)OCC,130.18699999999995,453.5,466.0
90-00-6,CCC1=CC=CC=C1O,122.16699999999992,341.5,388.0
620-17-7,CCC1=CC(=CC=C1)O,122.16699999999992,341.5,393.0
123-07-9,CCC1=CC=C(C=C1)O,122.16699999999992,341.5,395.0
105-37-3,CCC(=O)OCC,102.13299999999995,341.5,343.0
628-32-0,CCCOCC,88.14999999999995,333.5,343.0
625-60-5,CCSC(=O)C,104.17399999999996,319.5,320.0
622-96-8,CCC1=CC=C(C=C1)C,120.19499999999992,431.5,446.0
109-92-2,CCOC=C,72.10699999999996,258.5,262.0
462-06-6,C1=CC=C(C=C1)F,96.10399999999996,281.5,272.0
353-36-6,CCF,48.06000000000001,165.5,164.0
593-53-3,CF,34.03300000000001,109.5,112.4
95-52-3,CC1=CC=CC=C1F,110.13099999999996,337.5,323.0
352-70-5,CC1=CC(=CC=C1)F,110.13099999999996,337.5,332.0
352-32-9,CC1=CC=C(C=C1)F,110.13099999999996,337.5,332.0
110-00-9,C1=COC=C1,68.07499999999997,194.5,218.0
56-81-5,C(C(CO)O)O,92.09399999999997,254.5,251.0
629-94-7,CCCCCCCCCCCCCCCCCCCCC,296.58299999999923,1211.5,1366.0
629-78-7,CCCCCCCCCCCCCCCCC,240.4750000000003,987.5,1081.0
506-12-7,CCCCCCCCCCCCCCCCC(=O)O,270.4569999999999,1011.5,1130.0
1454-85-9,CCCCCCCCCCCCCCCCCO,256.4740000000003,1006.5,1097.0
6765-39-5,CCCCCCCCCCCCCCCC=C,238.4590000000003,968.5,1053.0
375-03-1,COC(C(C(F)(F)F)(F)F)(F)F,200.053,370.5,382.0
431-89-0,C(C(F)(F)F)(C(F)(F)F)F,170.027,301.5,299.0
111-71-7,CCCCCCC=O,114.18799999999992,444.5,434.0
123-82-0,CCCCCC(C)N,115.21999999999991,450.5,455.0
142-82-5,CCCCCCC,100.20499999999991,427.5,428.0
111-16-0,C(CCC(=O)O)CCC(=O)O,160.1690000000001,475.5,463.0
111-14-8,CCCCCCC(=O)O,130.18699999999995,451.5,476.0
111-70-6,CCCCCCCO,116.20399999999992,446.5,430.0
52390-72-4,CCCCCC(C)O,116.20399999999992,440.5,442.0
26549-25-7,CCCCC(CC)O,116.20399999999992,440.5,451.0
589-55-9,CCCC(CCC)O,116.20399999999992,440.5,455.0
110-43-0,CCCCCC(=O)C,114.18799999999992,433.5,436.0
106-35-4,CCCCC(=O)CC,114.18799999999992,433.5,433.0
123-19-3,CCCC(=O)CCC,114.18799999999992,433.5,434.0
592-76-7,CCCCCC=C,98.18899999999992,408.5,409.0
6443-92-1,CCCCC=CC,98.18899999999992,407.5,410.0
14686-13-6,CCCCC=CC,98.18899999999992,407.5,410.0
14686-14-7,CCCC=CCC,98.18899999999992,407.5,411.0
1078-71-3,CCCCCCCC1=CC=CC=C1,176.30300000000017,655.5,680.0
630-01-3,CCCCCCCCCCCCCCCCCCCCCCCCCC,366.7179999999991,1491.5,1740.0
544-76-3,CCCCCCCCCCCCCCCC,226.4480000000003,931.5,1009.0
57-10-3,CCCCCCCCCCCCCCCC(=O)O,256.43000000000023,955.5,1059.0
36653-82-4,CCCCCCCCCCCCCCCCO,242.4470000000003,950.5,1019.0
629-73-2,CCCCCCCCCCCCCCC=C,224.43200000000027,912.5,986.0
1522-22-1,C(C(=O)C(F)(F)F)C(=O)C(F)(F)F,208.057,413.5,313.0
392-56-3,C1(=C(C(=C(C(=C1F)F)F)F)F)F,186.054,371.5,337.0
76-16-4,C(C(F)(F)F)(F)(F)F,138.01000000000002,233.5,223.0
431-63-0,C(C(F)F)(C(F)(F)F)F,152.037,288.5,270.0
690-39-1,C(C(F)(F)F)C(F)(F)F,152.037,289.5,262.0
87-85-4,CC1=C(C(=C(C(=C1C)C)C)C)C,162.27600000000015,599.5,581.0
111-01-3,CC(C)CCCC(C)CCCC(C)CCCCC(C)CCCC(C)CCCC(C)C,422.826,1679.5,2060.0
66-25-1,CCCCCC=O,100.16099999999992,388.5,378.0
110-54-3,CCCCCC,86.17799999999993,371.5,366.0
124-09-4,C(CCCN)CCN,116.20799999999991,429.5,446.0
124-04-9,C(CCC(=O)O)CC(=O)O,146.14200000000008,419.5,449.0
629-11-8,C(CCCO)CCO,118.17599999999992,409.5,404.0
628-73-9,CCCCCC#N,97.16099999999994,397.5,378.0
142-62-1,CCCCCC(=O)O,116.15999999999993,395.5,413.0
111-27-3,CCCCCCO,102.17699999999992,390.5,381.0
591-78-6,CCCCC(=O)C,100.16099999999992,377.5,377.0
589-38-8,CCCC(=O)CC,100.16099999999992,377.5,378.0
630-06-8,CCCCCCCCCCCCCCCCCCCCCCCCCCCCCCCCCCCC,506.9879999999989,2051.5,2711.0
592-41-6,CCCCC=C,84.16199999999994,352.5,381.0
7688-21-3,CCCC=CC,84.16199999999994,351.5,347.0
4050-45-7,CCCC=CC,84.16199999999994,351.5,353.0
13269-52-8,CCC=CCC,84.16199999999994,351.5,352.0
109-49-9,CC(=O)CCC=C,98.14499999999994,358.5,359.0
142-92-7,CCCCCCOC(=O)C,144.21400000000014,509.5,526.0
111-26-2,CCCCCCN,101.19299999999993,400.5,402.0
1077-16-3,CCCCCCC1=CC=CC=C1,162.27600000000015,599.5,620.0
6789-88-4,CCCCCCOC(=O)C1=CC=CC=C1,206.2850000000001,681.5,658.0
496-11-7,C1CC2=CC=CC=C2C1,118.17899999999992,389.5,385.0
78-84-2,CC(C)C=O,72.10699999999996,270.5,283.0
75-28-5,CC(C)C,58.12400000000002,253.5,256.0
115-11-7,CC(=C)C,56.10800000000002,241.5,240.0
110-19-0,CC(C)COC(=O)C,116.15999999999993,391.5,369.0
538-93-2,CC(C)CC1=CC=CC=C1,134.222,481.5,493.0
539-90-2,CCCC(=O)OCC(C)C,144.21400000000014,503.5,524.0
1678-98-4,CC(C)CC1CCCCC1,140.27000000000007,522.5,550.0
97-85-8,CC(C)COC(=O)C(C)C,144.21400000000014,497.5,530.0
589-59-3,CC(C)CC(=O)OCC(C)C,158.24100000000016,553.5,581.0
540-42-1,CCC(=O)OCC(C)C,130.18699999999995,447.5,462.0
78-78-4,CCC(C)C,72.15099999999997,309.5,313.0
123-92-2,CC(C)CCOC(=O)C,130.18699999999995,447.5,464.0
106-27-4,CCCC(=O)OCCC(C)C,158.24100000000016,559.5,595.0
105-68-0,CCC(=O)OCCC(C)C,144.21400000000014,503.5,523.0
108-21-4,CC(C)OC(=O)C,102.13299999999995,335.5,343.0
75-31-0,CC(C)N,59.11200000000002,226.5,231.0
98-82-8,CC(C)C1=CC=CC=C1,120.19499999999992,425.5,423.0
696-29-7,CC(C)C1CCCCC1,126.2429999999999,466.5,484.0
99-87-6,CC1=CC=C(C=C1)C(C)C,134.222,481.5,495.0
598-53-8,CC(C)OC,74.12299999999996,271.5,287.0
119-65-3,C1=CC=C2C=NC=CC2=C1,129.16199999999998,402.5,380.0
5989-27-5,CC1=CCC(CC1)C(=C)C,136.23800000000003,496.5,498.0
2216-51-5,CC1CCC(C(C1)O)C(C)C,156.26900000000018,539.5,539.0
141-79-7,CC(=CC(=O)C)C,98.14499999999994,358.5,353.0
74-93-1,CS,48.110000000000014,145.5,148.0
67-56-1,CO,32.041999999999994,110.5,117.0
109-86-4,COCCO,76.09499999999996,240.5,263.0
110-49-6,CC(=O)OCCOC,118.13199999999996,359.5,368.0
994-05-8,CCC(C)(C)OC,102.17699999999992,378.5,372.0
107-98-2,CC(COC)O,90.12199999999996,290.5,304.0
116-11-0,CC(=C)OC,72.10699999999997,259.5,257.0
79-20-9,CC(=O)OC,74.07899999999998,229.5,227.0
74-89-5,CN,31.058,120.5,139.0
95-53-4,CC1=CC=CC=C1N,107.15599999999996,348.5,377.0
108-44-1,CC1=CC(=CC=C1)N,107.15599999999996,348.5,346.0
106-49-0,CC1=CC=C(C=C1)N,107.15599999999996,348.5,334.0
100-61-8,CNC1=CC=CC=C1,107.15599999999992,354.5,347.0
578-58-5,CC1=CC=CC=C1OC,122.16699999999992,393.5,397.0
100-84-5,CC1=CC(=CC=C1)OC,122.16699999999992,393.5,449.0
104-93-8,CC1=CC=C(C=C1)OC,122.16699999999992,393.5,396.0
98-85-1,CC(C1=CC=CC=C1)O,122.16699999999992,388.5,399.0
93-58-3,COC(=O)C1=CC=CC=C1,136.15000000000006,401.5,408.0
623-42-7,CCCC(=O)OC,102.13299999999994,341.5,341.0
503-74-2,CC(C)CC(=O)O,102.13299999999994,333.5,355.0
34713-94-5,CCC(C)CO,88.14999999999993,328.5,342.0
123-51-3,CC(C)CCO,88.14999999999993,328.5,335.0
75-85-4,CCC(C)(C)O,88.14999999999993,323.5,326.0
563-80-4,CC(C)C(=O)C,86.13399999999994,315.5,321.0
563-45-1,CC(C)C=C,70.13499999999998,290.5,305.0
513-35-9,CC=C(C)C,70.13499999999998,296.5,299.0
1634-04-4,CC(C)(C)OC,88.14999999999993,322.5,335.0
108-87-2,CC1CCCCC1,98.18899999999992,360.5,368.0
96-37-7,CC1CCCC1,84.16199999999994,312.5,322.0
1120-72-5,CC1CCCC1=O,98.14499999999994,319.5,328.0
609-72-3,CC1=CC=CC=C1N(C)C,135.21000000000004,449.5,466.0
111-82-0,CCCCCCCCCCCC(=O)OC,214.34900000000025,789.5,842.0
534-22-5,CC1=CC=CO1,82.10199999999996,250.5,252.0
592-27-8,CCCCCC(C)C,114.2319999999999,477.5,487.0
589-81-1,CCCCC(C)CC,114.2319999999999,477.5,463.0
589-53-7,CCCC(C)CCC,114.2319999999999,477.5,480.0
106-73-0,CCCCCCC(=O)OC,144.21400000000014,509.5,521.0
14979-39-6,CCCC(C)C(CC)O,130.23099999999994,490.5,505.0
18720-65-5,CCC(C)CC(CC)O,130.23099999999994,490.5,493.0
541-85-5,CCC(C)CC(=O)CC,128.21499999999992,483.5,484.0
15870-10-7,CCCCCC(=C)C,112.21599999999992,465.5,466.0
627-97-4,CCCCC=C(C)C,112.21599999999992,464.5,465.0
591-76-4,CCCCC(C)C,100.20499999999991,421.5,420.0
78918-91-9,CCCC(C)CC,100.20499999999991,421.5,405.0
110-12-3,CC(C)CCC(=O)C,114.18799999999992,427.5,434.0
3524-73-0,CC(C)CCC=C,98.18899999999992,402.5,410.0
547-63-7,CC(C)C(=O)OC,102.13299999999994,335.5,341.0
80-62-6,CC(=C)C(=O)OC,100.11699999999996,323.5,320.0
90-12-0,CC1=CC=CC2=CC=CC=C12,142.20100000000008,465.5,479.0
91-57-6,CC1=CC2=CC=CC=C2C=C1,142.20100000000008,465.5,464.0
3221-61-2,CCCCCCC(C)C,128.2589999999999,533.5,547.0
22410-44-2,COC(C(F)(F)F)(F)F,150.04600000000002,289.5,301.0
107-83-5,CCCC(C)C,86.17799999999993,365.5,371.0
96-14-0,CCC(C)CC,86.17799999999993,365.5,368.7
624-24-8,CCCCC(=O)OC,116.15999999999993,397.5,398.0
105-30-6,CCCC(C)CO,102.17699999999992,384.5,410.0
626-89-1,CC(C)CCCO,102.17699999999992,384.5,406.0
590-36-3,CCCC(C)(C)O,102.17699999999992,379.5,410.0
108-11-2,CC(C)CC(C)O,102.17699999999992,378.5,389.0
565-67-3,CCC(C(C)C)O,102.17699999999992,378.5,380.0
77-74-7,CCC(C)(CC)O,102.17699999999992,379.5,376.0
108-10-1,CC(C)CC(=O)C,100.16099999999992,371.5,378.0
625-27-4,CCC=C(C)C,84.16199999999994,352.5,348.0
691-38-3,CC=CC(C)C,84.16199999999994,345.5,350.0
628-80-8,CCCCCOC,102.17699999999992,389.5,395.0
2163-42-0,CC(CO)CO,90.12199999999996,291.5,300.0
79-31-2,CC(C)C(=O)O,88.10599999999995,277.5,296.0
78-83-1,CC(C)CO,74.12299999999995,272.5,274.0
75-65-0,CC(C)(C)O,74.12299999999995,267.5,283.0
557-17-5,CCCOC,74.12299999999996,277.5,281.0
91-63-4,CC1=NC2=CC=CC=C2C=C1,143.18900000000005,458.5,447.0
119-36-8,COC(=O)C1=CC=CC=C1O,152.14900000000006,367.5,436.0
96-47-9,CC1CCCO1,86.13399999999994,277.5,292.0
100-68-5,CSC1=CC=CC=C1,124.20799999999994,373.5,374.0
421-14-7,COC(F)(F)F,100.039,208.5,219.0
91-20-3,C1=CC=C2C=CC=CC2=C1,128.17399999999995,409.5,408.0
463-82-1,CC(C)(C)C,72.15099999999997,304.5,311.6
75-52-5,C[N+](=O)[O-],61.04000000000001,173.5,175.0
629-92-5,CCCCCCCCCCCCCCCCCCC,268.529,1099.5,1216.0
18435-45-5,CCCCCCCCCCCCCCCCCC=C,266.51300000000003,1080.5,1196.0
124-19-6,CCCCCCCCC=O,142.2420000000001,556.5,546.0
111-84-2,CCCCCCCCC,128.2589999999999,539.5,547.0
123-99-9,C(CCCC(=O)O)CCCC(=O)O,188.22300000000013,587.5,586.0
112-05-0,CCCCCCCCC(=O)O,158.24100000000016,563.5,592.0
143-08-8,CCCCCCCCCO,144.25800000000012,558.5,555.0
52708-03-9,CCCCCC(CCC)O,144.25800000000012,552.5,577.0
821-55-6,CCCCCCCC(=O)C,142.2420000000001,545.5,560.0
925-78-0,CCCCCCC(=O)CC,142.2420000000001,545.5,560.0
4485-09-0,CCCCCC(=O)CCC,142.2420000000001,545.5,560.0
502-56-7,CCCCC(=O)CCCC,142.2420000000001,545.5,560.0
124-11-8,CCCCCCCC=C,126.2429999999999,520.5,529.0
630-02-4,CCCCCCCCCCCCCCCCCCCCCCCCCCCC,394.772,1603.5,1916.0
593-45-3,CCCCCCCCCCCCCCCCCC,254.50200000000032,1043.5,1167.0
57-11-4,CCCCCCCCCCCCCCCCCC(=O)O,284.48399999999947,1067.5,1251.0
112-92-5,CCCCCCCCCCCCCCCCCCO,270.5009999999999,1062.5,1157.0
112-88-9,CCCCCCCCCCCCCCCCC=C,252.4860000000003,1024.5,1119.0
124-13-0,CCCCCCCC=O,128.21499999999992,500.5,489.0
111-65-9,CCCCCCCC,114.2319999999999,483.5,490.0
373-44-4,C(CCCCN)CCCN,144.26200000000014,541.5,547.0
505-48-6,C(CCCC(=O)O)CCC(=O)O,174.1960000000001,531.5,520.0
124-12-9,CCCCCCCC#N,125.21499999999992,509.5,494.0
124-07-2,CCCCCCCC(=O)O,144.21400000000014,507.5,522.0
111-87-5,CCCCCCCCO,130.23099999999994,502.5,490.0
4128-31-8,CCCCCCC(C)O,130.23099999999994,496.5,519.0
589-98-0,CCCCCC(CC)O,130.23099999999994,496.5,515.0
111-13-7,CCCCCCC(=O)C,128.21499999999992,489.5,497.0
106-68-3,CCCCCC(=O)CC,128.21499999999992,489.5,497.0
589-63-9,CCCCC(=O)CCC,128.21499999999992,489.5,497.0
111-66-0,CCCCCCC=C,112.21599999999992,464.5,464.0
13389-42-9,CCCCCC=CC,112.21599999999992,463.5,471.0
14850-23-8,CCCC=CCCC,112.21599999999992,463.5,472.0
111-86-4,CCCCCCCCN,129.24699999999993,512.5,494.0
2189-60-8,CCCCCCCCC1=CC=CC=C1,190.33000000000013,711.5,746.0
288-42-6,C1=COC=N1,69.06299999999999,187.5,185.0
75-21-8,C1CO1,44.05300000000001,126.5,138.0
123-63-7,CC1OC(OC(O1)C)C,132.159,365.5,410.0
135-48-8,C1=CC=C2C=C3C=C4C=C5C=CC=CC5=CC4=CC3=CC2=C1,278.3539999999997,847.5,806.0
375-83-7,C(C(C(C(C(C(C(F)(F)F)(F)F)(F)F)(F)F)(F)F)(F)F)(F)F,370.0549999999999,625.5,644.0
629-62-9,CCCCCCCCCCCCCCC,212.42100000000028,875.5,938.0
1002-84-2,CCCCCCCCCCCCCCC(=O)O,242.40300000000025,899.5,1002.0
629-76-5,CCCCCCCCCCCCCCCO,228.42000000000027,894.5,961.0
13360-61-7,CCCCCCCCCCCCCC=C,210.40500000000023,856.5,933.0
363-72-4,C1=C(C(=C(C(=C1F)F)F)F)F,168.064,353.5,322.0
354-33-6,C(C(F)(F)F)(F)F,120.02,220.5,210.0
1814-88-6,CC(C(F)(F)F)(F)F,134.04700000000005,271.5,273.0
110-62-3,CCCCC=O,86.13399999999994,332.5,313.0
109-66-0,CCCCC,72.15099999999997,315.5,310.0
110-94-1,C(CC(=O)O)CC(=O)O,132.115,363.5,343.0
110-59-8,CCCCC#N,83.13399999999996,341.5,320.0
109-52-4,CCCCC(=O)O,102.13299999999994,339.5,347.0
71-41-0,CCCCCO,88.14999999999993,334.5,331.0
6032-29-7,CCCC(C)O,88.14999999999993,328.5,340.0
584-02-1,CCC(CC)O,88.14999999999993,328.5,325.0
107-87-9,CCCC(=O)C,86.13399999999994,321.5,324.0
96-22-0,CCC(=O)CC,86.13399999999996,321.5,319.0
109-67-1,CCCC=C,70.13499999999998,296.5,301.0
627-20-3,CCC=CC,70.13499999999998,295.5,301.0
538-68-1,CCCCCC1=CC=CC=C1,148.24900000000014,543.5,559.0
2049-96-9,CCCCCOC(=O)C1=CC=CC=C1,192.25800000000007,625.5,661.0
684-16-2,C(=O)(C(F)(F)F)C(F)(F)F,166.01999999999998,295.5,329.0
355-25-9,C(C(C(F)(F)F)(F)F)(C(F)(F)F)(F)F,238.024,395.5,380.0
115-25-3,C1(C(C(C1(F)F)(F)F)(F)F)(F)F,200.028,341.5,316.0
355-68-0,C1(C(C(C(C(C1(F)F)(F)F)(F)F)(F)F)(F)F)(F)F,300.0419999999999,503.5,424.0
355-75-9,C1(=C(C(C(C(C1(F)F)(F)F)(F)F)(F)F)F)F,262.04599999999994,459.5,434.0
307-45-9,C(C(C(C(C(C(F)(F)F)(F)F)(F)F)(F)F)(F)F)(C(C(C(C(F)(F)F)(F)F)(F)F)(F)F)(F)F,538.066,881.5,892.0
354-96-1,C(C(C(F)(F)F)(C(F)(F)F)F)(C(F)(F)F)(C(F)(F)F)F,338.03799999999995,557.5,523.0
22052-81-9,CCOC(C(F)(F)F)(F)F,164.07300000000004,345.5,366.0
156053-88-2,C(C(F)(F)F)OC(C(F)(F)F)(F)F,218.043,388.5,409.0
335-57-9,C(C(C(C(F)(F)F)(F)F)(F)F)(C(C(C(F)(F)F)(F)F)(F)F)(F)F,388.0449999999999,638.5,603.0
355-63-5,C(=C(F)F)(C(C(C(C(C(F)(F)F)(F)F)(F)F)(F)F)(F)F)F,350.04899999999986,606.5,555.0
355-42-0,C(C(C(C(F)(F)F)(F)F)(F)F)(C(C(F)(F)F)(F)F)(F)F,338.03799999999995,557.5,552.0
755-25-9,C(=C(F)F)(C(C(C(C(F)(F)F)(F)F)(F)F)(F)F)F,300.0419999999999,525.5,462.0
354-92-7,C(C(F)(F)F)(C(F)(F)F)(C(F)(F)F)F,238.024,395.5,396.0
22052-84-2,COC(C(F)(F)F)(C(F)(F)F)F,200.053,370.5,369.0
355-02-2,C1(C(C(C(C(C1(F)F)(F)F)(F)F)(F)F)(F)F)(C(F)(F)F)F,350.0489999999999,584.5,561.0
355-04-4,C(C(C(C(F)(F)F)(F)F)(F)F)(C(F)(F)F)(C(F)(F)F)F,338.03799999999995,557.5,585.0
865-71-4,C(C(C(F)(F)F)(F)F)(C(C(F)(F)F)(F)F)(C(F)(F)F)F,338.03799999999995,557.5,511.0
313-72-4,C12=C(C(=C(C(=C1F)F)F)F)C(=C(C(=C2F)F)F)F,272.09399999999994,553.5,464.0
375-96-2,C(C(C(C(C(F)(F)F)(F)F)(F)F)(F)F)(C(C(C(C(F)(F)F)(F)F)(F)F)(F)F)(F)F,488.0589999999999,800.5,846.0
307-34-6,C(C(C(C(C(F)(F)F)(F)F)(F)F)(F)F)(C(C(C(F)(F)F)(F)F)(F)F)(F)F,438.0519999999999,719.5,738.0
425-82-1,C1(C(OC1(F)F)(F)F)(F)F,166.01999999999998,273.5,274.0
678-26-2,C(C(C(F)(F)F)(F)F)(C(C(F)(F)F)(F)F)(F)F,288.03099999999995,476.5,463.0
2706-90-3,C(=O)(C(C(C(C(F)(F)F)(F)F)(F)F)(F)F)O,264.04299999999995,457.5,496.0
76-19-7,C(C(F)(F)F)(C(F)(F)F)(F)F,188.017,314.5,301.0
434-64-0,C1(=C(C(=C(C(=C1F)F)F)F)F)C(F)(F)F,236.06099999999995,452.5,423.0
108-95-2,C1=CC=C(C=C1)O,94.11299999999996,229.5,283.0
122-79-2,CC(=O)OC1=CC=CC=C1,136.15000000000006,401.5,407.0
110-85-0,C1CNCCN1,86.13799999999995,267.5,283.0
110-89-4,C1CCNCC1,85.14999999999995,286.5,294.0
123-38-6,CCC=O,58.08000000000002,220.5,218.0
74-98-6,CCC,44.09700000000002,203.5,199.0
109-76-2,C(CN)CN,74.12699999999995,261.5,257.0
57-55-6,CC(CO)O,76.09499999999997,235.5,237.0
504-63-2,C(CO)CO,76.09499999999996,241.5,255.0
107-12-0,CCC#N,55.08000000000001,229.5,211.0
107-03-9,CCCS,76.16399999999996,257.5,286.0
79-09-4,CCC(=O)O,74.07899999999998,227.5,232.0
71-23-8,CCCO,60.096000000000025,222.5,220.0
67-63-0,CC(C)O,60.096000000000025,216.5,226.0
115-07-1,CC=C,42.08100000000002,184.5,184.0
2807-30-9,CCCOCCO,104.14899999999994,352.5,364.0
1569-01-3,CCCOCC(C)O,118.17599999999992,402.5,417.0
109-60-4,CCCOC(=O)C,102.13299999999995,341.5,346.0
107-10-8,CCCN,59.11200000000002,232.5,230.0
103-65-1,CCCC1=CC=CC=C1,120.19499999999992,431.5,441.0
2315-68-6,CCCOC(=O)C1=CC=CC=C1,164.2040000000001,513.5,530.0
105-66-8,CCCC(=O)OCCC,130.18699999999995,453.5,463.0
1678-92-8,CCCC1CCCCC1,126.2429999999999,472.5,489.0
108-65-6,CC(COC)OC(=O)C,132.159,409.5,432.0
644-49-5,CCCOC(=O)C(C)C,130.18699999999995,447.5,463.0
557-00-6,CCCOC(=O)CC(C)C,144.21400000000014,503.5,523.0
106-36-5,CCCOC(=O)CC,116.15999999999994,397.5,403.0
74-99-7,CC#C,40.06500000000001,165.5,160.0
290-37-9,C1=CN=CC=N1,80.08999999999997,249.5,225.0
110-86-1,C1=CC=NC=C1,79.10199999999998,256.5,248.0
109-97-7,C1=CNC=C1,67.09099999999998,210.5,222.0
123-75-1,C1CCNC1,71.12299999999998,238.5,259.0
91-22-5,C1=CC=C2C(=C1)C=CC=N2,129.16199999999998,402.5,382.0
108-46-3,C1=CC(=CC(=C1)O)O,110.11199999999997,195.5,292.0
100-42-5,C=CC1=CC=CC=C1,104.15199999999994,356.5,357.0
110-15-6,C(CC(=O)O)C(=O)O,118.08799999999997,307.5,308.0
84-15-1,C1=CC=C(C=C1)C2=CC=CC=C2C3=CC=CC=C3,230.3100000000001,719.5,737.0
92-06-8,C1=CC=C(C=C1)C2=CC(=CC=C2)C3=CC=CC=C3,230.3100000000001,719.5,747.0
92-94-4,C1=CC=C(C=C1)C2=CC=C(C=C2)C3=CC=CC=C3,230.3100000000001,719.5,713.0
56-23-5,C(Cl)(Cl)(Cl)Cl,153.823,276.5,276.0
646-31-1,CCCCCCCCCCCCCCCCCCCCCCCC,338.6639999999991,1379.5,1585.0
629-59-4,CCCCCCCCCCCCCC,198.39400000000023,819.5,870.0
544-63-8,CCCCCCCCCCCCCC(=O)O,228.37600000000023,843.5,921.0
112-72-1,CCCCCCCCCCCCCCO,214.39300000000023,838.5,887.0
2345-27-9,CCCCCCCCCCCCC(=O)C,212.37700000000024,825.5,896.0
1120-36-1,CCCCCCCCCCCCC=C,196.37800000000024,800.5,851.0
112-60-7,C(COCCOCCOCCO)O,194.2270000000001,575.5,608.0
551-62-2,C1=CC(=C(C(=C1F)F)F)F,150.074,335.5,312.0
2367-82-0,C1=C(C=C(C(=C1F)F)F)F,150.074,335.5,311.0
327-54-8,C1=C(C(=CC(=C1F)F)F)F,150.074,335.5,309.0
811-97-2,C(C(F)(F)F)F,102.03,208.5,200.0
359-35-3,C(C(F)F)(F)F,102.03,207.5,192.0
116-14-3,C(=C(F)F)(F)F,100.014,201.5,183.0
57041-67-5,C(C(F)(F)F)(OC(F)F)F,168.036,306.5,315.0
75-73-0,C(F)(F)(F)F,88.00300000000001,152.5,140.0
109-99-9,C1CCOC1,72.10699999999997,222.5,223.0
119-64-2,C1CCC2=CC=CC=C2C1,132.206,437.5,431.0
142-68-7,C1CCOCC1,86.13399999999996,270.5,278.0
110-01-0,C1CCSC1,88.17499999999995,247.5,276.0
95-93-2,CC1=CC(=C(C=C1C)C)C,134.222,487.5,489.0
13475-81-5,CCCC(C)(C)C(C)(C)C,142.2860000000001,573.5,574.0
1071-81-4,CC(C)(C)CCC(C)(C)C,142.2860000000001,573.5,600.0
7154-79-2,CCC(C)(C)C(C)(C)C,128.2589999999999,517.5,514.0
1186-53-4,CC(C)C(C)C(C)(C)C,128.2589999999999,516.5,517.0
1070-87-7,CC(C)(C)CC(C)(C)C,128.2589999999999,517.5,532.0
16747-38-9,CC(C)C(C)(C)C(C)C,128.2589999999999,516.5,517.0
1613-51-0,C1CCSCC1,102.20199999999994,295.5,284.0
110-02-1,C1=CSC=C1,84.14299999999997,219.5,230.0
89-83-8,CC1=CC(=C(C=C1)C(C)C)O,150.22100000000012,447.5,528.0
108-88-3,CC1=CC=CC=C1,92.14099999999996,319.5,314.0
638-68-6,CCCCCCCCCCCCCCCCCCCCCCCCCCCCCC,422.826,1715.5,2055.0
75-25-2,C(Br)(Br)Br,252.731,271.5,261.0
76-02-8,C(=O)(C(Cl)(Cl)Cl)Cl,181.833,338.5,331.0
75-69-4,C(F)(Cl)(Cl)Cl,137.368,245.5,248.0
67-66-3,C(Cl)(Cl)Cl,119.378,232.5,237.0
319-88-0,C1(=C(C(=C(C(=C1Cl)F)Cl)F)Cl)F,235.419,464.5,443.0
76-13-1,C(C(F)(Cl)Cl)(F)(F)Cl,187.375,326.5,325.0
638-67-5,CCCCCCCCCCCCCCCCCCCCCCC,324.6369999999991,1323.5,1527.0
629-50-5,CCCCCCCCCCCCC,184.36700000000025,763.5,824.0
112-70-9,CCCCCCCCCCCCCO,200.36600000000024,782.5,828.0
593-08-8,CCCCCCCCCCCC(=O)C,198.35000000000025,769.5,820.0
462-18-0,CCCCCCC(=O)CCCCCC,198.35000000000025,769.5,830.0
2437-56-1,CCCCCCCCCCCC=C,182.35100000000023,744.5,770.0
123-02-4,CCCCCCCCCCCCCC1=CC=CC=C1,260.46500000000015,991.5,1079.0
121-44-8,CCN(CC)CC,101.19299999999993,389.5,392.0
102-25-0,CCC1=CC(=CC(=C1)CC)CC,162.27600000000015,599.5,624.0
112-27-6,C(COCCOCCO)O,150.17400000000012,445.5,454.0
353-85-5,C(#N)C(F)(F)F,95.023,216.5,202.0
367-23-7,C1=CC(=C(C=C1F)F)F,132.08400000000003,317.5,297.0
372-38-3,C1=C(C=C(C=C1F)F)F,132.08400000000003,317.5,300.0
420-46-2,CC(F)(F)F,84.03999999999999,190.5,195.0
75-89-8,C(C(F)(F)F)O,100.039,209.5,211.0
460-43-5,COCC(F)(F)F,114.066,264.5,277.0
2314-97-8,C(F)(F)(F)I,195.909,222.5,231.0
75-46-7,C(F)(F)F,70.013,139.5,133.0
3822-68-2,C(OC(F)(F)F)(F)F,136.01900000000003,238.5,226.0
2356-61-8,C(C(OC(F)(F)F)(F)F)(F)F,186.026,319.5,341.0
677-21-4,C=CC(F)(F)F,96.051,227.5,229.0
75-50-3,CN(C)C,59.112000000000016,221.5,254.0
526-73-8,CC1=C(C(=CC=C1)C)C,120.19499999999992,431.5,423.0
95-63-6,CC1=CC(=C(C=C1)C)C,120.19499999999992,431.5,436.0
108-67-8,CC1=CC(=CC(=C1)C)C,120.19499999999992,431.5,435.0
464-06-2,CC(C)C(C)(C)C,100.20499999999991,410.5,401.0
1795-26-2,CC1CC(CC(C1)C)C,126.2429999999999,470.5,494.0
7154-80-5,CCC(C)CC(C)(C)CC,142.2860000000001,578.5,583.0
3522-94-9,CC(C)CCC(C)(C)C,128.2589999999999,522.5,547.0
564-02-3,CCC(C)C(C)(C)C,114.2319999999999,466.5,442.0
540-84-1,CC(C)CC(C)(C)C,114.2319999999999,466.5,475.0
560-21-4,CCC(C)(C)C(C)C,114.2319999999999,466.5,454.0
565-75-3,CC(C)C(C)C(C)C,114.2319999999999,465.5,462.0
311-89-7,C(C(C(F)(F)F)(F)F)(C(N(C(C(C(C(F)(F)F)(F)F)(F)F)(F)F)C(C(C(C(F)(F)F)(F)F)(F)F)(F)F)(F)F)(F)F,671.0850000000004,1079.5,1196.0
1120-21-4,CCCCCCCCCCC,156.31300000000022,651.5,683.0
112-37-8,CCCCCCCCCCC(=O)O,186.2950000000002,675.5,741.0
112-42-5,CCCCCCCCCCCO,172.3120000000002,670.5,707.0
112-12-9,CCCCCCCCCC(=O)C,170.2960000000002,657.5,692.0
927-49-1,CCCCCC(=O)CCCCC,170.2960000000002,657.5,692.0
6742-54-7,CCCCCCCCCCCC1=CC=CC=C1,232.41100000000023,879.5,946.0
108-05-4,CC(=O)OC=C,86.08999999999997,266.5,269.0
95-47-6,CC1=CC=CC=C1C,106.16799999999994,375.5,372.0
108-38-3,CC1=CC(=CC=C1)C,106.16799999999994,375.5,377.0
106-42-3,CC1=CC=C(C=C1)C,106.16799999999994,375.5,372.0
526-75-0,CC1=C(C(=CC=C1)O)C,122.16699999999992,341.5,397.0
105-67-9,CC1=CC(=C(C=C1)O)C,122.16699999999992,341.5,389.0
95-87-4,CC1=CC(=C(C=C1)C)O,122.16699999999992,341.5,397.0
576-26-1,CC1=C(C(=CC=C1)C)O,122.16699999999992,341.5,396.0
95-65-8,CC1=C(C=C(C=C1)O)C,122.16699999999992,341.5,388.0
108-68-9,CC1=CC(=CC(=C1)O)C,122.16699999999992,341.5,396.0
