CAS Reg. No.,PubChem SMILES,Mol. wt.,JR Tb /K,CRC Tb /K
107-29-9,CC=NO,59.06800000000001,414.22,388.39
60-35-5,CC(=O)N,59.06800000000001,371.76,495.15
103-84-4,CC(=O)NC1=CC=CC=C1,135.16600000000005,513.3599999999999,565.15
75-86-5,CC(C)(C#N)O,85.10599999999997,482.15,453.15
627-70-3,CC(=NN=C(C)C)C,112.17599999999992,490.0,406.15
75-05-8,CC#N,41.053,347.44,354.75
625-77-4,CC(=O)NC(=O)C,101.10499999999996,449.03,496.65
1113-68-4,CC(=O)N(C)C(=O)C,115.13199999999996,434.18,468.15
260-94-6,C1=CC=C2C(=C1)C=C3C=CC=CC3=N2,179.2220000000001,620.36,620.05
79-06-1,C=CC(=O)N,71.07899999999998,391.3200000000001,465.75
107-13-1,C=CC#N,53.06400000000001,367.0,350.35
107-11-9,C=CCN,57.09600000000002,337.45,327.15
589-09-3,C=CCNC1=CC=CC=C1,133.19400000000002,479.05,492.15
5666-17-1,CCN(CC)CC=C,113.20399999999992,368.88,383.15
2155-94-4,CN(C)CC=C,85.14999999999993,323.12,335.15
1476-23-9,C=CCN=C=O,83.08999999999997,354.47,361.15
124-02-7,C=CCNCC=C,97.16099999999994,380.41,385.15
60-09-3,C1=CC=C(C=C1)N=NC2=CC=C(C=C2)N,197.2410000000001,754.23,633.15
4403-69-4,C1=CC=C(C(=C1)CN)N,122.17099999999996,536.48,542.15
5344-90-1,C1=CC=C(C(=C1)CO)N,123.15499999999994,556.13,546.15
137-07-5,C1=CC=C(C(=C1)N)S,125.19599999999996,503.93,507.15
1885-29-6,C1=CC=C(C(=C1)C#N)N,118.13899999999995,566.03,536.15
2237-30-1,C1=CC(=CC(=C1)N)C#N,118.13899999999995,566.03,562.15
90-41-5,C1=CC=C(C=C1)C2=CC=CC=C2N,169.2270000000001,605.03,571.45
92-67-1,C1=CC=C(C=C1)C2=CC=C(C=C2)N,169.2270000000001,605.03,575.15
13054-87-0,CCC(CO)N,89.13799999999995,455.39,451.15
13325-10-5,C(CCO)CN,89.13799999999996,455.83,476.15
929-06-6,C(COCCO)N,105.13699999999994,478.25,496.25
111-41-1,C(CNCCO)N,104.15299999999992,506.0,515.15
124-68-5,CC(C)(CO)N,89.13799999999995,452.6,436.95
15647-11-7,CC1(CC(CC(C1)(C)CN)O)C,171.2840000000002,603.8,538.15
2508-29-4,C(CCN)CCO,103.16499999999994,478.71,494.65
95-55-6,C1=CC=C(C(=C1)N)O,109.12799999999996,516.71,540.15
122-80-5,CC(=O)NC1=CC=C(C=C1)N,150.18100000000007,590.87,540.15
613-89-8,C1=CC=C(C=C1)C(=O)CN,135.16600000000005,535.72,524.15
99-03-6,CC(=O)C1=CC(=CC=C1)N,135.16600000000005,540.7,562.65
99-92-3,CC(=O)C1=CC=C(C=C1)N,135.16600000000005,540.7,567.15
151-18-8,C(CN)C#N,70.09499999999997,442.85,458.15
6168-72-5,CC(CO)N,75.11099999999996,432.51,447.65
156-87-6,C(CN)CO,75.11099999999995,432.95,458.15
1674-56-2,CC(CN)O,75.11099999999996,432.51,414.15
105-83-9,CN(CCCN)CCCN,145.25000000000014,517.26,505.15
62-53-3,C1=CC=C(C=C1)N,93.12899999999996,436.09,457.25
503-29-7,C1CNC1,57.09600000000001,332.47,331.15
17082-12-1,C1=CC=C(C=C1)N=NC2=CC=CC=C2,182.22600000000008,676.72,573.15
821-67-0,CCCN=NCCC,114.19199999999992,486.08,387.15
16301-26-1,CCN=[N+](CC)[O-],102.13699999999994,366.96,319.15
622-32-2,C1=CC=C(C=C1)C=NO,121.13899999999995,555.3,473.15
55-21-0,C1=CC=C(C=C1)C(=O)N,121.13899999999995,512.8399999999999,579.15
140-29-4,C1=CC=C(C=C1)CC#N,117.15099999999995,511.4,505.15
95-54-5,C1=CC=C(C(=C1)N)N,108.14399999999996,513.5999999999999,530.15
108-45-2,C1=CC(=CC(=C1)N)N,108.14399999999996,513.5999999999999,555.15
106-50-3,C1=CC(=CC=C1N)N,108.14399999999996,513.5999999999999,540.15
1477-55-0,C1=CC(=CC(=C1)CN)CN,136.19800000000006,559.3599999999999,520.15
64-04-0,C1=CC=C(C=C1)CCN,121.18299999999994,481.85,477.15
645-59-0,C1=CC=C(C=C1)CCC#N,131.178,534.28,534.15
92-87-5,C1=CC(=CC=C1C2=CC=C(C=C2)N)N,184.2420000000001,682.54,674.15
51-17-2,C1=CC=C2C(=C1)NC=N2,118.13899999999995,504.24,633.15
100-47-0,C1=CC=C(C=C1)C#N,103.12399999999997,488.52,464.15
532-96-7,C1=CC=C(C=C1)C(=O)NNC2=CC=CC=C2,212.25200000000007,704.6099999999999,587.15
85-02-9,C1=CC=C2C(=C1)C=CC3=C2C=CC=N3,179.2220000000001,620.36,625.15
230-27-3,C1=CC=C2C(=C1)C=CC3=C2N=CC=C3,179.22200000000004,620.36,614.45
273-13-2,C1=CC2=NSN=C2C=C1,136.17900000000003,534.3399999999999,479.15
95-16-9,C1=CC=C2C(=C1)N=CS2,135.19100000000003,503.52,507.75
934-34-9,C1=CC=C2C(=C1)NC(=O)S2,151.19000000000003,567.03,633.15
273-53-0,C1=CC=C2C(=C1)N=CO2,119.12299999999996,482.64,458.45
59-49-4,C1=CC=C2C(=C1)NC(=O)O2,135.12200000000004,501.06,608.15
835-64-3,C1=CC=C(C(=C1)C2=NC3=CC=CC=C3O2)O,211.22000000000008,732.2,611.15
100-46-9,C1=CC=C(C=C1)CN,107.15599999999996,458.97,458.15
104-63-2,C1=CC=C(C=C1)CNCCO,151.20900000000012,574.55,553.15
1135-12-2,C1=CC=C(C=C1)CC2=CC=C(C=C2)N,183.2540000000001,627.9100000000001,573.15
103-32-2,C1=CC=C(C=C1)CNC2=CC=CC=C2,183.2540000000001,600.5699999999999,579.65
14321-27-8,CCNCC1=CC=CC=C1,135.21,482.37,467.15
92-59-1,CCN(CC1=CC=CC=C1)C2=CC=CC=C2,211.3080000000001,608.5999999999999,561.15
102-97-6,CC(C)NCC1=CC=CC=C1,149.23700000000014,504.81,473.15
31252-42-3,C1CNCCC1CC2=CC=CC=C2,175.27500000000012,568.94,543.15
101-82-6,C1=CC=C(C=C1)CC2=CC=CC=N2,169.2270000000001,581.22,550.15
2116-65-6,C1=CC=C(C=C1)CC2=CC=NC=C2,169.22700000000006,581.22,561.15
3012-37-1,C1=CC=C(C=C1)CSC#N,149.21800000000005,580.1800000000001,505.15
492-17-1,C1=CC=C(C(=C1)C2=CC=C(C=C2)N)N,184.2420000000001,682.54,636.15
366-18-7,C1=CC=NC(=C1)C2=CC=CC=N2,156.18800000000007,589.16,546.15
581-50-0,C1=CC=NC(=C1)C2=CN=CC=C2,156.18800000000007,589.16,568.65
581-47-5,C1=CC=NC(=C1)C2=CC=NC=C2,156.18800000000007,589.16,556.15
581-46-4,C1=CC(=CN=C1)C2=CN=CC=C2,156.18800000000007,589.16,564.65
553-26-4,C1=CN=CC=C1C2=CC=NC=C2,156.18800000000005,589.16,578.15
1761-71-3,C1CC(CCC1CC2CCC(CC2)N)N,210.36500000000024,671.8599999999999,593.15
111-40-0,C(CNCCN)N,103.16899999999994,486.35,479.65
112-24-3,C(CNCCNCCN)N,146.23800000000017,582.28,539.65
5966-51-8,CN(C)CC(CN(C)C)O,146.23400000000015,476.38,454.65
102-79-4,CCCCN(CCO)CCO,161.24500000000018,579.44,552.15
139-87-7,CCN(CCO)CCO,133.19099999999997,533.68,521.15
105-59-9,CN(CCO)CCO,119.16399999999992,510.8,518.15
10024-74-5,CC(C1=CC=CC=C1)NC(C)C2=CC=CC=C2,225.3350000000001,668.3299999999999,569.65
615-36-1,C1=CC=C(C(=C1)N)Br,172.02500000000003,507.23,502.15
591-19-5,C1=CC(=CC(=C1)Br)N,172.02500000000003,507.23,523.15
106-40-1,C1=CC(=CC=C1N)Br,172.02500000000003,507.23,493.15
5798-79-8,C1=CC=C(C=C1)C(C#N)Br,196.04700000000005,577.12,528.15
2042-37-7,C1=CC=C(C(=C1)C#N)Br,182.02000000000004,559.66,525.15
6952-59-6,C1=CC(=CC(=C1)Br)C#N,182.02,559.66,498.15
623-00-7,C1=CC(=CC=C1C#N)Br,182.02000000000004,559.66,509.15
586-77-6,CN(C)C1=CC=C(C=C1)Br,200.0790000000001,492.9,537.15
1532-97-4,C1=CC=C2C(=C1)C=NC=C2Br,208.05800000000005,576.02,555.65
583-68-6,CC1=CC(=C(C=C1)N)Br,186.05200000000008,535.09,513.15
583-75-5,CC1=C(C=CC(=C1)Br)N,186.05200000000008,535.09,513.15
577-19-5,C1=CC=C(C(=C1)[N+](=O)[O-])Br,202.007,586.54,526.15
585-79-5,C1=CC(=CC(=C1)Br)[N+](=O)[O-],202.007,586.54,538.15
586-78-7,C1=CC(=CC=C1[N+](=O)[O-])Br,202.007,586.54,525.15
563-70-2,C([N+](=O)[O-])Br,139.93600000000004,440.48,422.15
109-04-6,C1=CC=NC(=C1)Br,157.99800000000005,460.54,466.15
626-55-1,C1=CC(=CN=C1)Br,157.99800000000005,460.54,445.15
5332-24-1,C1=CC=C2C(=C1)C=C(C=N2)Br,208.05800000000005,576.02,548.15
5332-25-2,C1=CC2=C(C=CC(=C2)Br)N=C1,208.058,576.02,554.15
3034-53-5,C1=CSC(=N1)Br,164.02700000000002,459.18,444.15
110-69-0,CCCC=NO,87.12199999999996,459.98,425.15
541-35-5,CCCC(=O)N,87.12199999999996,417.52,504.95
110-60-1,C(CCN)CN,88.15399999999995,436.18,429.15
57-71-6,CC(=NO)C(=O)C,101.10499999999996,513.73,458.65
109-74-0,CCCC#N,69.10699999999997,393.2,390.75
5921-54-0,CCC(=NN=C(C)CC)C,140.23000000000008,535.76,443.15
96-29-7,CCC(=NO)C,87.12199999999996,459.86,424.65
764-42-1,C(=CC#N)C#N,78.074,499.44,459.15
1190-76-7,CC=CC#N,67.09099999999998,397.36,379.15
627-26-9,CC=CC#N,67.09099999999998,397.36,393.15
109-75-1,C=CCC#N,67.09099999999998,389.88,390.15
1119-49-9,CCCCNC(=O)C,115.17599999999992,440.92,502.15
109-73-9,CCCCN,73.13899999999995,363.65,350.15
33966-50-6,CCC(C)N,73.13899999999995,363.21,335.86
75-64-9,CC(C)(C)N,73.13899999999995,360.42,317.17
111-75-1,CCCCNCCO,117.19199999999992,479.23,472.15
4620-70-6,CC(C)(C)NCCO,117.19199999999992,476.0,453.15
104-13-2,CCCCC1=CC=C(C=C1)N,149.2370000000001,532.5899999999999,534.15
30273-11-1,CCC(C)C1=CC=C(C=C1)N,149.2370000000001,532.1500000000001,511.15
769-92-6,CC(C)(C)C1=CC=C(C=C1)N,149.2370000000001,529.36,514.15
1126-78-9,CCCCNC1=CC=CC=C1,149.23700000000014,505.25,527.15
937-33-7,CC(C)(C)NC1=CC=CC=C1,149.23700000000014,502.02,488.15
5459-58-5,CCCCOC(=O)CC#N,141.17000000000007,520.06,504.15
927-62-8,CCCCN(C)C,101.19299999999993,349.32,365.35
13360-63-9,CCCCNCC,101.19299999999993,387.05,377.95
111-36-4,CCCCN=C=O,99.13299999999995,380.67,398.15
110-68-9,CCCCNC,87.16599999999994,364.17,364.15
544-16-1,CCCCON=O,103.12099999999997,376.94,351.15
924-43-6,CCC(C)ON=O,103.12099999999997,376.5,338.15
540-80-7,CC(C)(C)ON=O,103.12099999999997,373.71,337.15
2961-47-9,CCCCC(CCCC)C1=CC=NC=C1,205.3450000000002,599.8599999999999,538.15
91-49-6,CCCCN(C1=CC=CC=C1)C(=O)C,191.2740000000001,567.1499999999999,554.15
3978-81-2,CC(C)(C)C1=CC=NC=C1,135.21000000000004,482.67,470.15
628-83-1,CCCCSC#N,115.20099999999996,484.86,459.15
1071-98-3,C(#CC#N)C#N,76.058,504.28,349.65
105-60-2,C1CCC(=O)NCC1,113.15999999999994,481.74,543.95
86-74-8,C1=CC=C2C(=C1)C3=CC=CC=C3N2,167.21100000000007,588.9000000000001,627.75
1115-12-4,C(#N)C(=O)C#N,80.046,526.27,338.65
55285-14-8,CCCCN(CCCC)SN(C)C(=O)OC1=CC=CC2=C1OC(C2)(C)C,380.5539999999995,879.6499999999999,399.15
79-07-2,C(C(=O)N)Cl,93.51299999999998,409.19,498.15
107-14-2,C(C#N)Cl,75.49799999999999,384.87,381.15
95-51-2,C1=CC=C(C(=C1)N)Cl,127.57399999999996,478.5,482.15
108-42-9,C1=CC(=CC(=C1)Cl)N,127.57399999999996,478.5,503.15
106-47-8,C1=CC(=CC=C1N)Cl,127.57399999999996,478.5,504.15
2856-63-5,C1=CC=C(C(=C1)CC#N)Cl,151.59600000000006,553.81,524.15
1529-41-5,C1=CC(=CC(=C1)Cl)CC#N,151.59600000000006,553.81,534.15
140-53-4,C1=CC(=CC=C1CC#N)Cl,151.59600000000006,553.81,538.15
873-32-5,C1=CC=C(C(=C1)C#N)Cl,137.56900000000002,530.93,508.25
623-03-0,C1=CC(=CC=C1C#N)Cl,137.56900000000002,530.93,496.15
615-20-3,C1=CC=C2C(=C1)N=C(S2)Cl,169.63600000000002,545.9300000000001,521.15
615-18-9,C1=CC=C2C(=C1)N=C(O2)Cl,153.56800000000004,525.05,474.65
2698-41-1,C1=CC=C(C(=C1)C=C(C#N)C#N)Cl,188.61700000000005,705.6899999999999,585.15
628-20-6,C(CC#N)CCl,103.55199999999998,430.63,448.15
5567-15-7,CC(=O)C(C(=O)NC1=CC(=C(C=C1OC)Cl)OC)N=NC2=C(C=C(C=C2)C3=CC(=C(C=C3)N=NC(C(=O)C)C(=O)NC4=CC(=C(C=C4OC)Cl)OC)Cl)Cl,818.4980000000013,2032.54,697.15
698-01-1,CN(C)C1=CC=CC=C1Cl,155.62800000000007,464.17,478.15
6848-13-1,CN(C)C1=CC(=CC=C1)Cl,155.62800000000007,464.17,505.15
698-69-1,CN(C)C1=CC=C(C=C1)Cl,155.62800000000007,464.17,504.15
97-00-7,C1=CC(=C(C=C1[N+](=O)[O-])[N+](=O)[O-])Cl,202.553,714.6299999999999,588.15
606-21-3,C1=CC(=C(C(=C1)[N+](=O)[O-])Cl)[N+](=O)[O-],202.55300000000005,714.6299999999999,588.15
367-21-5,C1=CC(=C(C=C1N)Cl)F,145.56400000000005,482.75,500.15
350-30-1,C1=CC(=C(C=C1[N+](=O)[O-])Cl)F,175.54600000000002,562.06,502.65
3320-83-0,C1=CC=C(C(=C1)N=C=O)Cl,153.56800000000004,495.52,474.05
93-50-5,COC1=C(C=CC(=C1)Cl)N,157.60000000000008,528.78,533.15
932-96-7,CNC1=CC=C(C=C1)Cl,141.60100000000006,479.02,513.15
615-65-6,CC1=CC(=C(C=C1)N)Cl,141.60100000000006,506.36,493.15
87-63-8,CC1=C(C(=CC=C1)Cl)N,141.60100000000006,506.36,488.15
87-60-5,CC1=C(C=CC=C1Cl)N,141.60100000000006,506.36,518.15
95-74-9,CC1=C(C=C(C=C1)N)Cl,141.60100000000006,506.36,506.15
95-69-2,CC1=C(C=CC(=C1)Cl)N,141.60100000000006,506.36,517.15
95-79-4,CC1=C(C=C(C=C1)Cl)N,141.60100000000006,506.36,512.15
83-42-1,CC1=C(C=CC=C1Cl)[N+](=O)[O-],171.58300000000003,585.67,511.15
13290-74-9,CC1=C(C=CC(=C1)[N+](=O)[O-])Cl,171.58300000000006,585.67,522.15
89-60-1,CC1=CC(=C(C=C1)Cl)[N+](=O)[O-],171.58300000000003,585.67,534.15
121-86-8,CC1=C(C=C(C=C1)[N+](=O)[O-])Cl,171.58300000000006,585.67,533.15
89-59-8,CC1=C(C=C(C=C1)Cl)[N+](=O)[O-],171.58300000000003,585.67,515.15
88-73-3,C1=CC=C(C(=C1)[N+](=O)[O-])Cl,157.55600000000004,557.81,519.3499999999999
121-73-3,C1=CC(=CC(=C1)Cl)[N+](=O)[O-],157.55600000000004,557.81,509.65
100-00-5,C1=CC(=CC=C1[N+](=O)[O-])Cl,157.55600000000004,557.81,511.15
598-92-5,CC([N+](=O)[O-])Cl,109.512,434.19,397.65
600-25-9,CCC([N+](=O)[O-])Cl,123.53899999999996,457.07,415.15
594-71-8,CC(C)([N+](=O)[O-])Cl,123.53899999999996,454.28,415.15
121-17-5,C1=CC(=C(C=C1C(F)(F)F)[N+](=O)[O-])Cl,225.55300000000005,580.25,495.15
777-37-7,C1=CC(=C(C=C1[N+](=O)[O-])C(F)(F)F)Cl,225.553,580.25,505.15
588-07-8,CC(=O)NC1=CC(=CC=C1)Cl,169.61100000000005,555.77,606.15
539-03-7,CC(=O)NC1=CC=C(C=C1)Cl,169.61100000000005,555.77,605.15
542-76-7,C(CCl)C#N,89.52499999999999,407.75,448.65
920-37-6,C=C(C#N)Cl,87.50899999999999,404.31,361.65
109-09-1,C1=CC=NC(=C1)Cl,113.54699999999998,431.81,443.15
626-60-8,C1=CC(=CN=C1)Cl,113.54699999999998,431.81,424.15
626-61-9,C1=CN=CC=C1Cl,113.54699999999995,431.81,424.15
612-62-4,C1=CC=C2C(=C1)C=CC(=N2)Cl,163.60700000000003,547.29,539.15
611-35-8,C1=CC=C2C(=C1)C(=CC=N2)Cl,163.60700000000003,547.29,535.15
612-57-7,C1=CC2=C(C=CC(=C2)Cl)N=C1,163.60700000000006,547.29,535.15
611-33-6,C1=CC2=C(C(=C1)Cl)N=CC=C2,163.60700000000006,547.29,561.65
1897-45-6,C(#N)C1=C(C(=C(C(=C1Cl)Cl)Cl)C#N)Cl,265.914,788.0999999999999,623.15
1943-16-4,C([N+](=O)[O-])([N+](=O)[O-])([N+](=O)[O-])Cl,185.479,712.2,429.15
461-78-9,CC(C)(CC1=CC=C(C=C1)Cl)N,183.68200000000013,566.79,504.15
495-20-5,CCC(C1CCCCN1)O,143.23000000000013,542.48,499.15
420-05-3,C(#N)O,43.025000000000006,416.74,296.15
1070-71-9,C#CC#N,51.048,360.44,334.15
460-19-5,C(#N)C#N,52.036,449.52,252.05
506-68-3,C(#N)Br,105.922,390.72,334.65
506-77-4,C(#N)Cl,61.471,361.99,286.15
1495-50-7,C(#N)F,45.016000000000005,323.83,227.15
675-14-9,C1(=NC(=NC(=N1)F)F)F,135.048,463.79,345.95
2516-34-9,C1CC(C1)N,71.12299999999996,374.66,356.15
766-05-2,C1CCC(CC1)C#N,109.17199999999994,481.38999999999993,461.15
2579-20-6,C1CC(CC(C1)CN)CN,142.24600000000012,542.5799999999999,493.15
100-64-1,C1CCC(=NO)CC1,113.15999999999994,532.44,481.15
70644-46-1,C1CC(CC=C1)C2=CC=NC=C2,159.2320000000001,550.3699999999999,499.15
108-91-8,C1CCC(CC1)N,99.17699999999994,428.96,406.75
1821-36-9,C1CCC(CC1)NC2=CC=CC=C2,175.27500000000015,570.56,552.15
91-65-6,CCN(CC)C1CCCCC1,155.28500000000017,460.39,465.15
98-94-2,CN(C)C1CCCCC1,127.2309999999999,414.63,434.15
5459-93-8,CCNC1CCCCC1,127.2309999999999,452.36,437.15
3173-53-3,C1CCC(CC1)N=C=O,125.17099999999994,445.98,445.15
100-60-7,CNC1CCCCC1,113.20399999999992,429.48,420.15
5452-37-9,C1CCCC(CCC1)N,127.23099999999992,483.25999999999993,463.15
1192-28-5,C1CCC(=NO)C1,99.13299999999995,505.29,469.15
1003-03-8,C1CCC(C1)N,85.14999999999995,401.81,381.65
5500-21-0,C1CC1C#N,67.09099999999998,399.94,408.15
765-30-0,C1CC1N,57.09600000000002,347.51,322.35
646-25-3,C(CCCCCN)CCCCN,172.31600000000023,573.46,535.15
1975-78-6,CCCCCCCCCC#N,153.26900000000015,530.48,514.15
2016-57-1,CCCCCCCCCCN,157.3010000000002,500.93,490.15
102-70-5,C=CCN(CC=C)CC=C,137.22600000000006,408.0,423.15
101-80-4,C1=CC(=CC=C1N)OC2=CC=C(C=C2)N,200.2410000000001,704.96,573.15
101-77-9,C1=CC(=CC=C1CC2=CC=C(C=C2)N)N,198.2690000000001,705.4200000000001,652.15
3252-43-5,C(#N)C(Br)Br,198.845,479.32,442.15
625-92-3,C1=C(C=NC=C1Br)Br,236.89400000000003,531.6800000000001,495.15
111-92-2,CCCCNCCCC,129.24699999999993,432.81,435.15
626-23-3,CCC(C)NC(C)CC,129.24699999999993,431.93,408.15
613-29-6,CCCCN(CCCC)C1=CC=CC=C1,205.3450000000002,559.04,547.95
4062-60-6,CC(C)(C)NCCNC(C)(C)C,172.31600000000023,522.28,462.15
683-72-7,C(C(=O)N)(Cl)Cl,127.95799999999998,446.18,507.15
3018-12-0,C(#N)C(Cl)Cl,109.943,421.86,385.65
608-27-5,C1=CC(=C(C(=C1)Cl)Cl)N,162.01900000000003,520.9100000000001,525.15
554-00-7,C1=CC(=C(C=C1Cl)Cl)N,162.01900000000003,520.9100000000001,518.15
95-82-9,C1=CC(=C(C=C1Cl)N)Cl,162.01900000000003,520.9100000000001,523.15
95-76-1,C1=CC(=C(C=C1N)Cl)Cl,162.01900000000003,520.9100000000001,546.15
626-43-7,C1=C(C=C(C=C1Cl)Cl)N,162.01900000000003,520.9100000000001,534.15
1194-65-6,C1=CC(=C(C(=C1)Cl)C#N)Cl,172.014,573.3399999999999,543.15
1780-31-0,CC1=CN=C(N=C1Cl)Cl,163.00700000000006,532.9,508.15
5424-21-5,CC1=CC(=NC(=N1)Cl)Cl,163.00700000000006,532.9,492.15
3209-22-1,C1=CC(=C(C(=C1)Cl)Cl)[N+](=O)[O-],192.001,600.22,530.65
99-54-7,C1=CC(=C(C=C1[N+](=O)[O-])Cl)Cl,192.00100000000003,600.22,528.65
89-61-2,C1=CC(=C(C=C1Cl)[N+](=O)[O-])Cl,192.00100000000003,600.22,540.15
611-06-3,C1=CC(=C(C=C1Cl)Cl)[N+](=O)[O-],192.001,600.22,531.65
594-72-9,CC([N+](=O)[O-])(Cl)Cl,143.95700000000002,468.83,396.65
595-44-8,CCC([N+](=O)[O-])(Cl)Cl,157.9840000000001,491.71,418.15
2402-78-0,C1=CC(=NC(=C1)Cl)Cl,147.99200000000005,474.22,484.15
3934-20-1,C1=CN=C(N=C1Cl)Cl,148.98000000000002,505.04,471.15
101-83-7,C1CCC(CC1)NC2CCCCC2,181.3230000000002,563.4300000000001,524.15
1120-49-6,CCCCCCCCCCNCCCCCCCCCC,297.5709999999992,707.3699999999999,632.15
111-42-2,C(CO)NCCO,105.13699999999994,525.65,544.3499999999999
1188-33-6,CCOC(N(C)C)OCC,147.21800000000016,416.6,402.15
645-36-3,CCOC(CN)OCC,133.191,453.81,436.15
685-91-6,CCN(CC)C(=O)C,115.17599999999992,403.19,472.15
109-89-7,CCNCC,73.13899999999995,341.29,328.54999999999995
100-37-8,CCN(CC)CCO,117.19199999999992,441.5,435.28
140-82-9,CCN(CC)CCOCCO,161.24500000000015,509.68,494.65
91-68-9,CCN(CC)C1=CC(=CC=C1)O,165.2360000000001,548.1399999999999,549.15
622-93-5,CCN(CC)CCCO,131.21899999999994,464.38,462.65
4079-68-9,CCN(CC)CC#C,111.18799999999992,362.32,393.15
579-66-8,CCC1=C(C(=CC=C1)CC)N,149.2370000000001,537.5699999999999,524.15
91-66-7,CCN(CC)C1=CC=CC=C1,149.2370000000001,467.52,489.15
93-05-0,CCN(CC)C1=CC=C(C=C1)N,164.25200000000012,545.03,534.15
1114-76-7,CCCC(=O)N(CC)CC,143.23000000000013,448.95,479.15
88-10-8,CCN(CC)C(=O)Cl,135.59400000000005,417.74,459.15
617-83-4,CCN(CC)C#N,98.14899999999994,428.52,460.15
1149-24-2,CCOC(=O)C1=CC(=C(N=C1C)C)C(=O)OCC,251.2820000000001,708.8,574.15
100-36-7,CCN(CC)CCN,116.20799999999991,421.85,417.15
111-74-0,CCNCCNCC,116.20799999999991,437.22,419.15
1615-80-1,CCNNCC,88.15399999999994,391.46,358.65
616-39-7,CCN(C)CC,87.16599999999993,326.43999999999994,339.04999999999995
606-46-2,CCN(CC)C1=CC=CC=C1C,163.26400000000012,495.38,482.15
613-48-9,CCN(CC)C1=CC=C(C=C1)C,163.26400000000012,495.38,502.15
533-32-4,CCN(CC)C(=O)CC(C)C,157.25700000000015,471.39,484.15
84-95-7,CCN(CC)C1=CC=CC2=CC=CC=C21,199.2970000000001,583.0,558.15
140-80-7,CCN(CC)CCCC(C)N,158.2890000000002,490.05,474.15
1114-51-8,CCC(=O)N(CC)CC,129.20299999999995,426.07,464.15
104-78-9,CCN(CC)CCCN,130.23499999999993,444.73,438.15
623-76-7,CCNC(=O)NCC,116.16399999999992,468.21,536.15
367-25-9,C1=CC(=C(C=C1F)F)N,129.109,444.59,443.15
446-35-5,C1=CC(=C(C=C1F)F)[N+](=O)[O-],159.09100000000004,523.9,480.15
2470-68-0,CCCCCCCNCCCCCCC,213.40900000000028,570.0899999999999,539.15
143-16-8,CCCCCCNCCCCCC,185.35500000000025,524.3299999999999,509.15
24425-40-9,C1CC2=C(C1)C=C(C=C2)N,133.19400000000002,526.0999999999999,521.15
496-15-1,C1CNC2=CC=CC=C21,119.16699999999992,474.26,503.15
480-91-1,C1C2=CC=CC=C2C(=O)N1,133.15000000000003,542.0799999999999,611.15
534-26-9,CC1=NCCN1,84.12199999999996,417.46,469.65
2346-00-1,CC1=NCCS1,101.17399999999996,416.74,418.15
109-98-8,C1CNN=C1,70.09499999999997,389.6,417.15
109-96-6,C1C=CCN1,69.10699999999997,358.78,363.15
147-47-7,CC1=CC(NC2=CC=CC=C12)(C)C,173.25900000000013,569.76,533.15
110-96-3,CC(C)CNCC(C)C,129.24699999999993,431.93,412.75
544-00-3,CC(C)CCNCCC(C)C,157.30100000000022,477.69,460.15
110-97-4,CC(CNCC(C)O)O,133.191,570.53,523.15
108-18-9,CC(C)NC(C)C,101.19299999999993,386.17,357.15
24544-04-5,CC(C)C1=C(C(=CC=C1)C(C)C)N,177.29100000000017,582.45,545.15
693-13-0,CC(C)N=C=NC(C)C,126.20299999999992,511.35,420.15
96-80-0,CC(C)N(CCO)C(C)C,145.24600000000015,486.38,468.15
102-56-7,COC1=CC(=C(C=C1)OC)N,153.1810000000001,536.6499999999999,543.15
4637-24-5,CN(C)C(OC)OC,119.16399999999992,370.84,377.15
122-07-6,CNCC(OC)OC,119.16399999999992,408.57,413.15
127-19-5,CC(=O)N(C)C,87.12199999999996,357.42999999999995,439.05
124-40-3,CNC,45.085000000000015,295.53,280.45
926-64-7,CN(C)CC#N,84.12199999999996,405.64,409.15
99-07-0,CN(C)C1=CC(=CC=C1)O,137.18200000000004,502.38,539.65
1738-25-6,CN(C)CCC#N,98.14899999999994,428.52,450.15
15521-18-3,CC(CO)N(C)C,103.16499999999994,418.18,423.45
3179-63-3,CN(C)CCCO,103.16499999999992,418.62,436.65
108-16-7,CC(CN(C)C)O,103.16499999999994,418.18,397.65
7223-38-3,CN(C)CC#C,83.13399999999994,316.55999999999995,354.15
87-59-2,CC1=C(C(=CC=C1)N)C,121.18299999999994,491.81,496.15
95-68-1,CC1=CC(=C(C=C1)N)C,121.18299999999994,491.81,488.15
95-78-3,CC1=CC(=C(C=C1)C)N,121.18299999999994,491.81,487.15
87-62-7,CC1=C(C(=CC=C1)C)N,121.18299999999994,491.81,484.15
95-64-7,CC1=C(C=C(C=C1)N)C,121.18299999999994,491.81,501.15
108-69-0,CC1=CC(=CC(=C1)N)C,121.18299999999994,491.81,490.15
611-21-2,CC1=CC=CC=C1NC,121.18299999999994,464.47,480.65
696-44-6,CC1=CC(=CC=C1)NC,121.18299999999994,464.47,479.65
623-08-5,CC1=CC=C(C=C1)NC,121.18299999999994,464.47,488.15
121-69-7,CN(C)C1=CC=CC=C1,121.18299999999992,421.76,466.15
611-74-5,CN(C)C(=O)C1=CC=CC=C1,149.19300000000007,498.50999999999993,545.15
99-98-9,CN(C)C1=CC=C(C=C1)N,136.19800000000004,499.27,537.15
93-88-9,CC(CNC)C1=CC=CC=C1,149.23700000000014,504.81,480.65
122-09-8,CC(C)(CC1=CC=CC=C1)N,149.2370000000001,524.3799999999999,478.15
585-32-0,CC(C)(C1=CC=CC=C1)N,135.21000000000004,501.5,469.65
5676-58-4,CC1=CC2=C(C=C1)OC(=N2)C,147.17700000000008,538.3599999999999,491.65
103-83-3,CN(C)CC1=CC=CC=C1,135.21,444.64,452.15
760-79-2,CCCC(=O)N(C)C,115.17599999999992,403.19,459.15
3850-30-4,CC(C(C)(C)C)N,101.19299999999993,405.74,374.15
79-44-7,CN(C)C(=O)Cl,107.53999999999996,371.98,427.15
1467-79-4,CN(C)C#N,70.09499999999997,382.76,435.15
101-40-6,CC(CC1CCCCC1)NC,155.2850000000002,497.68,478.15
102-45-4,CC(CC1CCCC1)NC,141.2580000000001,470.53,444.15
1120-24-7,CCCCCCCCCCN(C)C,185.35500000000025,486.6,507.15
4143-41-3,CN=NC,58.08400000000002,394.56,274.65
611-92-7,CN(C1=CC=CC=C1)C(=O)N(C)C2=CC=CC=C2,240.3060000000001,674.9100000000001,623.15
108-00-9,CN(C)CCN,88.15399999999994,376.09,377.15
110-70-3,CNCCNC,88.15399999999994,391.46,393.15
108-01-0,CN(C)CCO,89.13799999999993,395.74,403.85
503-01-5,CC(CCC=C(C)C)NC,141.2580000000001,459.29,450.15
23578-35-0,CC(C)(CCC(C)(C)N)N,144.26200000000014,521.24,457.15
57-14-7,CN(C)N,60.100000000000016,330.33,335.54999999999995
540-73-8,CNNC,60.10000000000002,345.7,355.15
930-62-1,CC1=CN=C(N1)C,96.13299999999995,444.48,540.15
91-55-4,CC1=C(NC2=CC=CC=C12)C,145.2050000000001,529.1400000000001,557.15
300-87-8,CC1=CC(=NO1)C,97.11699999999996,422.88,415.15
141-91-3,CC1CNCC(O1)C,115.17599999999992,427.26,420.15
86-56-6,CN(C)C1=CC=CC2=CC=CC=C21,171.24300000000008,537.24,523.15
2436-85-3,CN(C)C1=CC2=CC=CC=C2C=C1,171.24300000000008,537.24,577.15
619-31-8,CN(C)C1=CC(=CC=C1)[N+](=O)[O-],166.18000000000006,578.5799999999999,555.65
83-41-0,CC1=C(C(=CC=C1)[N+](=O)[O-])C,151.16500000000008,571.1199999999999,513.15
99-51-4,CC1=C(C=C(C=C1)[N+](=O)[O-])C,151.16500000000008,571.1199999999999,524.15
81-20-9,CC1=C(C(=CC=C1)C)[N+](=O)[O-],151.16500000000008,571.1199999999999,499.15
99-12-7,CC1=CC(=CC(=C1)[N+](=O)[O-])C,151.16500000000008,571.1199999999999,547.15
89-58-7,CC1=CC(=C(C=C1)C)[N+](=O)[O-],151.16500000000008,571.1199999999999,513.65
89-87-2,CC1=CC(=C(C=C1)[N+](=O)[O-])C,151.16500000000008,571.1199999999999,516.15
6284-84-0,CC1CNC(CN1)C,114.19199999999994,448.86,437.15
504-03-0,CC1CCCC(N1)C,113.20399999999992,423.19,401.15
35794-11-7,CC1CC(CNC1)C,113.20399999999992,423.19,417.15
758-96-3,CCC(=O)N(C)C,101.14899999999994,380.31,449.15
926-63-6,CCCN(C)C,87.16599999999994,326.43999999999994,338.15
109-55-7,CN(C)CCCN,102.18099999999993,398.97,402.15
630-18-2,CC(C)(C)C#N,83.13399999999996,412.85,378.35
5813-64-9,CC(C)(C)CN,87.16599999999994,383.3,355.15
5910-89-4,CC1=NC=CN=C1C,108.14399999999996,475.94,434.15
123-32-0,CC1=CN=C(C=N1)C,108.14399999999996,475.94,425.15
108-50-9,CC1=CN=CC(=N1)C,108.14399999999996,475.94,428.75
67-51-6,CC1=CC(=NN1)C,96.13299999999995,444.48,491.15
5407-87-4,CC1=CC(=NC(=C1)N)C,122.17099999999996,522.6299999999999,508.15
5683-33-0,CN(C)C1=CC=CC=N1,122.17099999999994,452.5799999999999,469.15
583-61-9,CC1=C(N=CC=C1)C,107.15599999999996,445.12,434.25
108-47-4,CC1=CC(=NC=C1)C,107.15599999999996,445.12,431.55
589-93-5,CC1=CN=C(C=C1)C,107.15599999999996,445.12,430.15
108-48-5,CC1=NC(=CC=C1)C,107.15599999999992,445.12,417.15
583-58-4,CC1=C(C=NC=C1)C,107.15599999999996,445.12,452.25
591-22-0,CC1=CC(=CN=C1)C,107.15599999999996,445.12,445.05
1558-17-4,CC1=CC(=NC=N1)C,108.14399999999996,475.94,432.15
625-82-1,CC1=CC(=CN1)C,95.14499999999995,413.66,438.15
625-84-3,CC1=CC=C(N1)C,95.14499999999995,413.66,440.58
1198-37-4,CC1=CC(=NC2=CC=CC=C12)C,157.2160000000001,560.5999999999999,540.15
877-43-0,CC1=CC2=C(C=C1)N=C(C=C2)C,157.2160000000001,560.5999999999999,541.25
93-37-8,CC1=CC2=C(C=C1)C=CC(=N2)C,157.2160000000001,560.5999999999999,533.15
27464-82-0,CC1=NN=C(S1)C,114.17299999999996,474.58,475.65
541-58-2,CC1=CSC(=N1)C,113.18499999999996,443.76,418.75
3581-91-7,CC1=C(SC=N1)C,113.18499999999996,443.76,431.15
96-31-1,CNC(=O)NC,88.10999999999996,422.45,542.15
528-29-0,C1=CC=C(C(=C1)[N+](=O)[O-])[N+](=O)[O-],168.108,672.22,592.15
99-65-0,C1=CC(=CC(=C1)[N+](=O)[O-])[N+](=O)[O-],168.108,672.22,569.15
100-25-4,C1=CC(=CC=C1[N+](=O)[O-])[N+](=O)[O-],168.108,672.22,570.15
2436-96-6,C1=CC=C(C(=C1)C2=CC=CC=C2[N+](=O)[O-])[N+](=O)[O-],244.20600000000005,841.1599999999999,578.15
600-40-8,CC([N+](=O)[O-])[N+](=O)[O-],120.06399999999998,548.5999999999999,458.65
625-76-3,C([N+](=O)[O-])[N+](=O)[O-],106.037,526.16,442.15
605-71-0,C1=CC2=C(C=CC=C2[N+](=O)[O-])C(=C1)[N+](=O)[O-],218.16800000000003,787.7,644.15
601-76-3,CCC([N+](=O)[O-])[N+](=O)[O-],134.0910000000001,571.48,467.15
595-49-3,CC(C)([N+](=O)[O-])[N+](=O)[O-],134.0910000000001,568.69,459.15
1120-48-5,CCCCCCCCNCCCCCCCC,241.4630000000003,615.8499999999999,580.8499999999999
2050-92-2,CCCCCNCCCCC,157.30100000000022,478.57,477.15
122-39-4,C1=CC=C(C=C1)NC2=CC=CC=C2,169.2270000000001,577.69,578.25
622-16-2,C1=CC=C(C=C1)N=C=NC2=CC=CC=C2,194.23700000000008,702.8699999999999,604.15
620-81-5,C1=CC=C(C=C1)NC(=O)C(=O)NC2=CC=CC=C2,240.26200000000009,781.3599999999999,633.15
622-15-1,C1=CC=C(C=C1)NC=NC2=CC=CC=C2,196.2530000000001,677.25,523.15
92-71-7,C1=CC=C(C=C1)C2=CN=C(O2)C3=CC=CC=C3,221.25900000000007,705.04,633.15
16898-52-5,C1CNCCC1CCCC2CCNCC2,210.3650000000002,633.24,602.15
1116-24-1,CCCN(CCC)C(=O)C,143.23000000000013,448.95,500.15
142-84-7,CCCNCCC,101.19299999999993,387.05,380.65
2783-17-7,C(CCCCCCN)CCCCCN,200.37000000000023,619.22,572.15
2437-25-4,CCCCCCCCCCCC#N,181.3230000000002,576.24,549.25
124-22-1,CCCCCCCCCCCCN,185.35500000000025,546.69,528.15
321-98-2,CC(C(C1=CC=CC=C1)O)NC,165.2360000000001,596.55,498.15
299-42-3,CC(C(C1=CC=CC=C1)O)NC,165.2360000000001,596.55,498.15
107-15-3,C(CN)N,60.100000000000016,390.42,390.05
141-43-5,C(CO)N,61.08400000000002,410.07,443.45
94-70-2,CCOC1=CC=CC=C1N,137.18200000000007,509.25,506.15
621-33-0,CCOC1=CC=CC(=C1)N,137.18200000000007,509.25,521.15
156-43-4,CCOC1=CC=C(C=C1)N,137.18200000000007,509.25,527.15
1197-37-1,CCOC1=CC(=C(C=C1)N)N,152.1970000000001,586.76,568.15
1864-92-2,CCN(CC)C1=CC(=CC=C1)OCC,193.29000000000013,540.6800000000001,559.15
110-76-9,CCOCCN,89.13799999999995,386.07,381.15
610-67-3,CCOC1=CC=CC=C1[N+](=O)[O-],167.16400000000007,588.56,540.15
100-29-8,CCOC1=CC=C(C=C1)[N+](=O)[O-],167.16400000000007,588.56,556.15
581-08-8,CCOC1=CC=CC=C1NC(=O)C,179.2190000000001,586.52,572.15
2141-62-0,CCOCCC#N,99.13299999999995,438.5,444.15
625-50-3,CCNC(=O)C,87.12199999999994,395.16,478.15
75-04-7,CCN,45.085000000000015,317.89,289.75
459-73-4,CCOC(=O)CN,103.12099999999997,421.87,422.15
87-25-2,CCOC(=O)C1=CC=CC=C1N,165.1920000000001,567.93,544.15
582-33-2,CCOC(=O)C1=CC(=CC=C1)N,165.1920000000001,567.93,567.15
94-09-7,CCOC(=O)C1=CC=C(C=C1)N,165.1920000000001,567.93,583.15
110-73-6,CCNCCO,89.13799999999993,433.47,451.15
578-54-1,CCC1=CC=CC=C1N,121.18299999999994,486.83,486.15
587-02-0,CCC1=CC(=CC=C1)N,121.18299999999994,486.83,487.15
589-16-2,CCC1=CC=C(C=C1)N,121.18299999999994,486.83,490.35
103-69-5,CCNC1=CC=CC=C1,121.18299999999992,459.49,477.15
769-68-6,CCC(C#N)C1=CC=CC=C1,145.2050000000001,556.72,514.15
591-62-8,CCCCNC(=O)OCC,145.20200000000014,468.15,494.15
51-79-6,CCOC(=O)N,89.09399999999997,398.99,458.15
105-56-6,CCOC(=O)CC#N,113.11599999999996,474.3,489.15
94-05-3,CCOC=C(C#N)C(=O)OCC,169.1800000000001,569.4000000000001,463.65
623-49-4,CCOC(=O)C#N,99.08899999999996,451.42,388.65
598-56-1,CCN(C)C,73.13899999999995,303.55999999999995,309.65
123-83-1,CCNCCN(C)C,116.20799999999991,399.49,407.65
13360-65-1,CCC1=NC(=CN=C1C)C,136.19800000000006,526.68,453.65
517-22-6,CCC1=C(NC=C1C)C,123.19899999999993,464.4,470.15
2199-51-1,CCOC(=O)C1=C(NC=C1C)C,167.2080000000001,545.5,564.15
2199-52-2,CCOC(=O)C1=C(NC(=C1)C)C,167.2080000000001,545.5,564.15
151-56-4,C1CN1,43.06900000000001,305.32,327.15
110-72-5,CCNCCN,88.15399999999994,413.82,402.15
623-78-9,CCNC(=O)OCC,117.14799999999993,422.39,449.15
104-75-6,CCCCC(CC)CN,129.24699999999993,454.73,445.15
624-80-6,CCNN,60.100000000000016,368.06,374.15
3710-84-7,CCN(CC)O,89.13799999999993,395.74,404.15
109-90-0,CCN=C=O,71.07899999999997,334.91,329.15
19961-27-4,CCNC(C)C,87.16599999999993,363.73,341.15
7087-68-5,CCN(C(C)C)C(C)C,129.2469999999999,394.19999999999993,387.15
18328-90-0,CCNCC(=C)C,99.17699999999992,383.61,377.85
624-78-2,CCNC,59.112000000000016,318.41,307.35
24549-06-2,CCC1=CC=CC(=C1N)C,135.21000000000004,514.69,504.15
94-68-8,CCNC1=CC=CC=C1C,135.21,487.35,489.15
102-27-2,CCNC1=CC=CC(=C1)C,135.21,487.35,494.15
622-57-1,CCNC1=CC=C(C=C1)C,135.21,487.35,490.15
613-97-8,CCN(C)C1=CC=CC=C1,135.21,444.64,477.15
105-40-8,CCOC(=O)NC,103.12099999999997,399.51,442.15
529-21-5,CCC1=C(C=CN=C1)C,121.18299999999994,468.0,471.15
536-88-9,CCC1=CC(=NC=C1)C,121.18299999999994,468.0,453.15
118-44-5,CCNC1=CC=CC2=CC=CC=C21,171.24300000000008,574.97,578.15
109-95-5,CCON=O,75.06699999999998,331.17999999999995,290.65
612-22-6,CCC1=CC=CC=C1[N+](=O)[O-],151.16500000000008,566.1399999999999,505.65
100-12-9,CCC1=CC=C(C=C1)[N+](=O)[O-],151.16500000000008,566.1399999999999,518.65
618-98-4,CCOC(=O)C1=CC(=CC=C1)[N+](=O)[O-],195.1740000000001,647.24,570.15
99-77-4,CCOC(=O)C1=CC=C(C=C1)[N+](=O)[O-],195.1740000000001,647.24,459.45
2531-80-8,CCOC(=O)C(C)[N+](=O)[O-],147.13000000000008,523.6199999999999,463.65
529-65-7,CCN(C1=CC=CC=C1)C(=O)C,163.22000000000008,521.3899999999999,533.15
6780-49-0,CCOC=NC1=CC=CC=C1,149.1930000000001,531.3,487.15
2216-92-4,CCOC(=O)CNC1=CC=CC=C1,179.2190000000001,563.4699999999999,546.65
104-90-5,CCC1=CN=C(C=C1)C,121.18299999999994,468.0,451.15
20193-20-8,CCCNCC,87.16599999999994,364.17,358.15
7399-50-0,CCC(CC)C1=CC=CC=N1,149.2370000000001,508.34,468.55
35182-51-5,CCC(CC)C1=CC=NC=C1,149.23700000000014,508.34,490.15
100-71-0,CCC1=CC=CC=N1,107.15599999999996,440.14,422.15
536-78-7,CCC1=CN=CC=C1,107.15599999999996,440.14,439.15
536-75-4,CCC1=CC=NC=C1,107.15599999999996,440.14,441.15
2524-52-9,CCOC(=O)C1=CC=CC=N1,151.16500000000008,521.24,516.15
614-18-6,CCOC(=O)C1=CN=CC=C1,151.16500000000008,521.24,494.15
1570-45-2,CCOC(=O)C1=CC=NC=C1,151.16500000000008,521.24,494.15
542-90-5,CCSC#N,87.14699999999998,439.1,417.15
520-69-4,CCC1=C(NC(=C1C)C)C,137.22600000000006,492.26,487.15
348-54-9,C1=CC=C(C(=C1)N)F,111.11899999999996,440.34,448.15
372-19-0,C1=CC(=CC(=C1)F)N,111.11899999999996,440.34,461.15
371-40-4,C1=CC(=CC=C1N)F,111.11899999999996,440.34,455.15
326-62-5,C1=CC=C(C(=C1)CC#N)F,135.14100000000005,515.65,505.15
459-22-3,C1=CC(=CC=C1CC#N)F,135.14100000000005,515.65,501.15
140-75-0,C1=CC(=CC=C1CN)F,125.14599999999996,463.22,456.15
1194-02-1,C1=CC(=CC=C1C#N)F,121.11399999999998,492.77,461.95
70-34-8,C1=CC(=C(C=C1[N+](=O)[O-])[N+](=O)[O-])F,186.098,676.47,569.15
402-67-5,C1=CC(=CC(=C1)F)[N+](=O)[O-],141.10100000000003,519.65,470.15
350-46-9,C1=CC(=CC=C1[N+](=O)[O-])F,141.10100000000003,519.65,478.15
372-48-5,C1=CC=NC(=C1)F,97.09199999999998,393.65,398.15
372-47-4,C1=CC(=CN=C1)F,97.09199999999998,393.65,380.15
51-21-8,C1=C(C(=O)NC(=O)N1)F,130.07800000000003,551.49,642.15
102851-06-9,CC(C)C(C(=O)OC(C#N)C1=CC(=CC=C1)OC2=CC=CC=C2)NC3=C(C=C(C=C3)C(F)(F)F)Cl,502.9199999999997,1153.04,723.15
617-90-3,C1=COC(=C1)C#N,93.08499999999998,466.28,420.15
617-89-0,C1=COC(=C1)CN,97.11699999999996,436.73,418.65
4200-95-7,CCCCCCCCCCCCCCCCCN,255.49000000000032,661.0899999999999,609.15
5399-02-0,CCCCCCCCCCCCCCCCC#N,251.45800000000028,690.64,622.15
629-31-2,CCCCCCC=NO,129.20299999999995,528.6199999999999,468.15
123-82-0,CCCCCC(C)N,115.21999999999991,431.85,414.15
16751-59-0,CCCC(CCC)N,115.21999999999991,431.85,413.15
646-19-5,C(CCCN)CCCN,130.23499999999996,504.82,497.15
629-08-3,CCCCCCC#N,111.18799999999992,461.84,456.15
111-68-2,CCCCCCCN,115.21999999999991,432.29,426.15
629-79-8,CCCCCCCCCCCCCCCC#N,237.43100000000027,667.76,606.15
143-27-1,CCCCCCCCCCCCCCCCN,241.4630000000003,638.21,594.15
112-69-6,CCCCCCCCCCCCCCCCN(C)C,269.51699999999994,623.8799999999999,603.15
111-49-9,C1CCCNCC1,99.17699999999994,413.92,409.15
505-66-8,C1CNCCNC1,100.16499999999994,439.59,442.15
628-02-4,CCCCCC(=O)N,115.17599999999992,463.28,531.15
124-09-4,C(CCCN)CCN,116.20799999999991,481.94,470.15
111-69-3,C(CCC#N)CC#N,108.14399999999996,541.04,568.15
628-73-9,CCCCCC#N,97.16099999999994,438.96,436.65
111-26-2,CCCCCCN,101.19299999999993,409.41,405.15
109-84-2,C(CO)NN,76.09899999999996,460.24,492.15
78-97-7,CC(C#N)O,71.07899999999998,462.06,457.15
109-78-4,C(CO)C#N,71.07899999999998,462.5,491.15
2403-88-5,CC1(CC(CC(N1)(C)C)O)C,157.25700000000018,556.94,486.65
10525-37-8,CCCCCCCCCCCCCCCCCCCCN,297.5709999999992,729.73,662.15
288-32-4,C1=CN=CN1,68.07899999999998,388.76,530.15
34698-41-4,C1CC2=CC=CC=C2C1N,133.19400000000002,516.45,494.15
271-44-3,C1=CC=C2C(=C1)C=NN2,118.13899999999995,504.24,542.15
120-72-9,C1=CC=C2C(=C1)C=CN2,117.15099999999995,473.42,527.15
624-75-9,C(C#N)I,166.949,440.58,458.15
609-73-4,C1=CC=C(C(=C1)[N+](=O)[O-])I,249.007,613.52,563.15
645-00-1,C1=CC(=CC(=C1)I)[N+](=O)[O-],249.007,613.52,553.15
636-98-6,C1=CC(=CC=C1[N+](=O)[O-])I,249.007,613.52,561.15
78-81-9,CC(C)CN,73.13899999999995,363.21,341.95
543-28-2,CC(C)COC(=O)N,117.14799999999994,444.31,480.15
7239-24-9,CC(C)CN(C)C,101.19299999999993,348.88,353.15
1873-29-6,CC(C)CN=C=O,99.13299999999995,380.23,379.15
542-56-3,CC(C)CON=O,103.12099999999997,376.5,341.15
591-84-4,CC(C)CSC#N,115.20099999999996,484.42,448.15
614-68-6,CC1=CC=CC=C1N=C=O,133.15000000000003,480.97,458.15
621-29-4,CC1=CC(=CC=C1)N=C=O,133.15000000000003,480.97,469.65
622-58-2,CC1=CC=C(C=C1)N=C=O,133.15000000000003,480.97,460.15
86-84-0,C1=CC=C2C(=C1)C=CC=C2N=C=O,169.18300000000002,568.5899999999999,542.15
1795-48-8,CC(C)N=C=O,85.10599999999997,357.35,347.65
110-46-3,CC(C)CCON=O,117.14799999999994,399.38,372.15
75-31-0,CC(C)N,59.11200000000002,340.33,304.95
109-56-8,CC(C)NCCO,103.16499999999994,455.91,442.15
643-28-7,CC(C)C1=CC=CC=C1N,135.21000000000004,509.27,494.15
99-88-7,CC(C)C1=CC=C(C=C1)N,135.21000000000004,509.27,501.15
768-52-5,CC(C)NC1=CC=CC=C1,135.21000000000004,481.93,476.15
1746-77-6,CC(C)OC(=O)N,103.12099999999997,421.43,456.15
2257-52-5,CC(C)NN,74.12699999999995,390.5,380.15
4747-21-1,CC(C)NC,73.13899999999997,340.85,326.45
2051-53-8,CC1=C(C=C(C=C1)C(C)C)N,149.2370000000001,537.13,514.15
541-42-4,CC(C)ON=O,89.09399999999997,353.62,307.15
601-77-4,CC(C)N(C(C)C)N=O,130.19099999999997,411.8399999999999,467.65
21968-17-2,CCCNC(C)C,101.19299999999993,386.61,369.35
696-30-0,CC(C)C1=CC=NC=C1,121.18299999999994,462.58,455.15
119-65-3,C1=CC=C2C=NC=CC2=C1,129.16199999999998,504.88,516.3499999999999
288-14-2,C1=CON=C1,69.06299999999999,367.16,368.55
109-77-3,C(C#N)C#N,66.06299999999999,472.4,492.15
537-46-2,CC(CC1=CC=CC=C1)NC,149.23700000000014,504.81,485.15
1738-36-9,COCC#N,71.07899999999998,392.74,394.15
90-04-0,COC1=CC=CC=C1N,123.15499999999994,486.37,494.15
536-90-3,COC1=CC=CC(=C1)N,123.15499999999994,486.37,524.15
104-94-9,COC1=CC=C(C=C1)N,123.15499999999994,486.37,516.15
3424-93-9,COC1=CC=C(C=C1)C(=O)N,151.16500000000008,563.1199999999999,568.15
104-47-2,COC1=CC=C(C=C1)CC#N,147.17700000000005,561.68,559.65
6850-57-3,COC1=CC=CC=C1CN,137.18200000000007,509.25,501.15
2393-23-9,COC1=CC=C(C=C1)CN,137.18200000000007,509.25,509.65
6609-56-9,COC1=CC=CC=C1C#N,133.15000000000003,538.8,528.65
874-90-8,COC1=CC=C(C=C1)C#N,133.15000000000003,538.8,529.65
109-85-3,COCCN,75.11099999999996,363.19,368.15
114-91-0,COCCC1=CC=CC=N1,137.18200000000007,485.44,476.15
37143-54-7,CC(COC)N,89.13799999999996,385.63,370.15
1117-97-1,CNOC,61.08400000000002,317.95,315.54999999999995
120-71-8,CC1=CC(=C(C=C1)OC)N,137.18200000000007,514.23,508.15
102-50-1,CC1=C(C=CC(=C1)OC)N,137.18200000000007,514.23,521.65
6528-34-3,CC(=O)C(C(=O)NC1=CC=CC=C1OC)N=NC2=C(C=C(C=C2)OC)[N+](=O)[O-],386.3639999999998,1183.09,604.15
93-26-5,CC(=O)NC1=CC=CC=C1OC,165.1920000000001,563.6399999999999,577.15
2396-60-3,COC1=CC=C(C=C1)N=NC2=CC=CC=C2,212.25200000000007,727.0,613.15
5332-73-0,COCCCN,89.13799999999995,386.07,386.15
110-67-8,COCCC#N,85.10599999999997,415.62,438.55
1628-89-3,COC1=CC=CC=N1,109.12799999999996,439.68,415.15
7295-76-3,COC1=CN=CC=C1,109.12799999999996,439.68,451.65
620-08-6,COC1=CC=NC=C1,109.12799999999996,439.68,466.15
5263-87-6,COC1=CC2=C(C=C1)N=CC=C2,159.18800000000007,555.16,579.15
79-16-3,CC(=O)NC,73.09499999999997,372.28,481.15
103-89-9,CC1=CC=C(C=C1)NC(=O)C,149.1930000000001,541.22,580.15
126-98-7,CC(=C)C#N,67.09099999999998,389.76,363.15
74-89-5,CN,31.058,295.01,266.75
134-20-3,COC(=O)C1=CC=CC=C1N,151.16500000000008,545.05,529.15
623-59-6,CC(=O)NC(=O)NC,116.11999999999996,499.2,584.15
95-53-4,CC1=CC=CC=C1N,107.15599999999996,463.95,473.15
108-44-1,CC1=CC(=CC=C1)N,107.15599999999996,463.95,476.45
106-49-0,CC1=CC=C(C=C1)N,107.15599999999996,463.95,474.15
100-61-8,CNC1=CC=CC=C1,107.15599999999992,436.61,470.15
592-62-1,CC(=O)OCN=[N+](C)[O-],132.11900000000003,425.18,464.15
613-93-4,CNC(=O)C1=CC=CC=C1,135.16600000000005,513.3599999999999,567.15
2947-61-7,CC1=CC=C(C=C1)CC#N,131.178,539.26,515.65
1823-91-2,CC(C#N)C1=CC=CC=C1,131.178,533.8399999999999,504.15
95-80-7,CC1=C(C=C(C=C1)N)N,122.17099999999996,541.46,565.15
108-71-4,CC1=CC(=CC(=C1)N)N,122.17099999999996,541.46,557.15
2687-25-4,CC1=C(C(=CC=C1)N)N,122.17099999999996,541.46,528.15
496-72-0,CC1=CC(=C(C=C1)N)N,122.17099999999996,541.46,538.15
95-70-5,CC1=C(C=CC(=C1)N)N,122.17099999999996,541.46,546.65
582-22-9,CC(CN)C1=CC=CC=C1,135.21000000000004,504.29,483.15
589-08-2,CNCCC1=CC=CC=C1,135.21,482.37,479.15
89-93-0,CC1=CC=CC=C1CN,121.18299999999994,486.83,479.15
100-81-2,CC1=CC(=CC=C1)CN,121.18299999999994,486.83,476.65
104-84-7,CC1=CC=C(C=C1)CN,121.18299999999994,486.83,468.15
103-67-3,CNCC1=CC=CC=C1,121.18299999999992,459.49,453.65
22374-89-6,CC(CCC1=CC=CC=C1)N,149.2370000000001,527.17,496.15
529-19-1,CC1=CC=CC=C1C#N,117.15099999999995,516.3799999999999,478.15
620-22-4,CC1=CC(=CC=C1)C#N,117.15099999999995,516.3799999999999,488.15
104-85-8,CC1=CC=C(C=C1)C#N,117.15099999999995,516.3799999999999,491.15
120-75-2,CC1=NC2=CC=CC=C2S1,149.21800000000005,531.38,511.15
92-36-4,CC1=CC2=C(C=C1)N=C(S2)C3=CC=C(C=C3)N,240.33100000000007,777.8299999999999,707.15
95-21-6,CC1=NC2=CC=CC=C2O1,133.15,510.5,473.65
618-36-0,CC(C1=CC=CC=C1)N,121.18299999999994,481.41,466.15
541-46-8,CC(C)CC(=O)N,101.14899999999994,439.96,499.15
107-85-7,CC(C)CCN,87.16599999999994,386.09,369.15
594-39-8,CCC(C)(C)N,87.16599999999994,383.3,350.15
598-74-3,CC(C)C(C)N,87.16599999999994,385.65,354.15
18936-17-9,CCC(C)C#N,83.13399999999996,415.64,396.15
625-28-5,CC(C)CC#N,83.13399999999996,415.64,402.15
4786-24-7,CC(=CC#N)C,81.11799999999997,420.12,414.15
2978-58-7,CC(C)(C#C)N,83.13399999999996,373.42,352.65
598-55-0,COC(=O)N,75.06699999999998,376.11,464.15
4630-20-0,CC1=CC2=C(C=C1)NC3=CC=CC=C32,181.23800000000008,616.76,638.15
105-34-0,COC(=O)CC#N,99.08899999999998,451.42,476.15
609-72-3,CC1=CC=CC=C1N(C)C,135.21000000000004,449.62,458.15
121-72-2,CC1=CC(=CC=C1)N(C)C,135.21000000000004,449.62,467.15
99-97-8,CC1=CC=C(C=C1)N(C)C,135.21000000000004,449.62,484.15
618-85-9,CC1=CC(=CC(=C1)[N+](=O)[O-])[N+](=O)[O-],182.13500000000005,700.0799999999999,598.15
606-20-2,CC1=C(C=CC=C1[N+](=O)[O-])[N+](=O)[O-],182.13500000000005,700.0799999999999,558.15
552-82-9,CN(C1=CC=CC=C1)C2=CC=CC=C2,183.25400000000008,562.8399999999999,567.15
109-81-9,CNCCN,74.12699999999995,390.94,388.65
109-83-1,CNCCO,75.11099999999995,410.59,432.39
4753-75-7,CNCC1=CC=CO1,111.14399999999992,437.25,422.15
540-43-2,CCCCCC(C)NC,129.24699999999993,432.37,428.15
65530-93-0,CCCC(C)CCN,115.21999999999991,431.85,422.15
105-41-9,CCC(C)CC(C)N,115.21999999999991,431.41,405.65
624-44-2,CC(C)CCC(=NO)C,129.20299999999995,528.06,468.65
60-34-4,CNN,46.073000000000015,345.18,356.15
67-62-9,CON,47.05700000000001,317.43,322.15
693-98-1,CC1=NC=CN1,82.10599999999997,416.62,540.15
822-36-6,CC1=CN=CN1,82.10599999999998,416.62,536.15
95-20-5,CC1=CC2=CC=CC=C2N1,131.178,501.28,546.15
83-34-1,CC1=CNC2=CC=CC=C12,131.178,501.28,539.15
614-96-0,CC1=CC2=C(C=C1)NC=C2,131.178,501.28,540.15
933-67-5,CC1=C2C(=CC=C1)C=CN2,131.178,501.28,539.15
624-83-9,CN=C=O,57.05200000000001,312.03,311.45
1721-93-3,CC1=NC=CC2=CC=CC=C12,143.18900000000005,532.74,525.15
1125-80-0,CC1=CC2=CC=CC=C2C=N1,143.18900000000005,532.74,526.15
6454-84-8,CC1=CON=C1,83.08999999999997,395.02,400.15
5765-44-6,CC1=CC=NO1,83.08999999999997,395.02,396.15
483-64-7,CNC1=C(C=CC=C1OC)C(=O)OC,195.21800000000007,595.8499999999999,544.15
85-91-6,CNC1=CC=CC=C1C(=O)OC,165.19200000000006,545.5699999999999,528.15
573-26-2,CC1=CC=CC=C1N(C)C(=O)C,163.2200000000001,526.37,533.15
620-93-9,CC1=CC=C(C=C1)NC2=CC=C(C=C2)C,197.2810000000001,633.4100000000001,603.65
2216-68-4,CNC1=CC=CC2=CC=CC=C21,157.2160000000001,552.09,567.65
624-91-9,CON=O,61.040000000000006,308.29999999999995,261.15
603-83-8,CC1=C(C=CC=C1[N+](=O)[O-])N,152.15300000000008,620.77,578.15
606-27-9,COC(=O)C1=CC=CC=C1[N+](=O)[O-],181.14700000000005,624.3599999999999,548.15
4164-28-7,CN(C)[N+](=O)[O-],90.08199999999997,409.64,460.15
594-70-7,CC(C)(C)[N+](=O)[O-],103.12099999999997,439.73,406.55
23012-10-4,CC1=NC=CO1,83.08999999999996,395.02,360.65
693-93-6,CC1=COC=N1,83.08999999999999,395.02,361.15
66333-88-8,CC1=CN=CO1,83.08999999999997,395.02,361.15
1120-64-5,CC1=NCCO1,85.10599999999995,395.86,384.15
4553-62-2,CC(CCC#N)C#N,108.14399999999996,540.5999999999999,543.15
542-54-1,CC(C)CCC#N,97.16099999999994,438.52,428.15
120-66-1,CC1=CC=CC=C1NC(=O)C,149.1930000000001,541.22,569.15
537-92-8,CC1=CC(=CC=C1)NC(=O)C,149.1930000000001,541.22,576.15
579-10-2,CC(=O)N(C)C1=CC=CC=C1,149.1930000000001,498.50999999999993,529.15
136-80-1,CC1=CC=CC=C1NCCO,151.20900000000012,579.53,558.65
1205-64-7,CC1=CC(=CC=C1)NC2=CC=CC=C2,183.2540000000001,605.55,589.15
4285-42-1,CN(C1=CC=CC=C1)C(=O)Cl,169.61100000000005,513.06,553.15
618-40-6,CN(C1=CC=CC=C1)N,122.17099999999994,471.41,502.15
2272-45-9,CC1=CC=C(C=C1)N=CC2=CC=CC=C2,195.2650000000001,654.9399999999998,591.15
109-07-9,CC1CNCCN1,100.16499999999996,430.65,426.15
626-58-4,CC1CCNCC1,99.17699999999994,404.98,399.15
563-83-7,CC(C)C(=O)N,87.12199999999996,417.08,490.15
1187-58-2,CCC(=O)NC,87.12199999999996,395.16,480.15
811-93-8,CC(C)(CN)N,88.15399999999994,432.95,404.15
78-82-0,CC(C)C#N,69.10699999999997,392.76,375.15
627-37-2,CNCC=C,71.12299999999996,337.97,337.15
627-35-0,CCCNC,73.13899999999997,341.29,336.15
35161-71-8,CNCC#C,69.10699999999997,331.41,356.15
109-08-0,CC1=NC=CN=C1,94.11699999999996,448.08,402.15
1453-58-3,CC1=CC=NN1,82.10599999999997,416.62,477.15
7554-65-6,CC1=CNN=C1,82.10599999999997,416.62,479.15
1632-76-4,CC1=NN=CC=C1,94.11699999999996,448.08,487.15
1603-40-3,CC1=C(N=CC=C1)N,108.14399999999996,494.77,495.95
1603-41-4,CC1=CN=C(C=C1)N,108.14399999999996,494.77,500.15
1824-81-3,CC1=NC(=CC=C1)N,108.14399999999996,494.77,481.65
4597-87-9,CNC1=CC=CC=N1,108.14399999999996,467.43,475.15
109-06-8,CC1=CC=CC=N1,93.12899999999996,417.26,402.55
108-99-6,CC1=CN=CC=C1,93.12899999999996,417.26,417.25
108-89-4,CC1=CC=NC=C1,93.12899999999996,417.26,418.45
93-60-7,COC(=O)C1=CN=CC=C1,137.13800000000006,498.36,477.15
5053-43-0,CC1=NC=CC=N1,94.11699999999996,448.08,411.15
3438-46-8,CC1=NC=NC=C1,94.11699999999996,448.08,415.15
2036-41-1,CC1=CN=CN=C1,94.11699999999998,448.08,426.15
636-41-9,CC1=CC=CN1,81.11799999999997,385.8,421.15
616-43-3,CC1=CNC=C1,81.11799999999997,385.8,416.15
108-27-0,CC1CCC(=O)N1,99.13299999999995,445.65,521.15
91-63-4,CC1=NC2=CC=CC=C2C=C1,143.18900000000005,532.74,520.55
612-58-8,CC1=CC2=CC=CC=C2N=C1,143.18900000000008,532.74,524.15
491-35-0,CC1=CC=NC2=CC=CC=C12,143.18900000000008,532.74,539.15
7661-55-4,CC1=C2C=CC=NC2=CC=C1,143.18900000000008,532.74,530.15
91-62-3,CC1=CC2=C(C=C1)N=CC=C2,143.18900000000008,532.74,538.15
612-60-2,CC1=CC2=C(C=CC=N2)C=C1,143.18900000000008,532.74,531.15
611-32-5,CC1=C2C(=CC=C1)C=CC=N2,143.18900000000005,532.74,520.55
826-81-3,CC1=NC2=C(C=CC=C2O)C=C1,159.18800000000005,613.3599999999999,540.15
7251-61-8,CC1=NC2=CC=CC=C2N=C1,144.17700000000005,563.56,517.15
3581-87-1,CC1=NC=CS1,99.15799999999996,415.9,401.92
693-95-8,CC1=CSC=N1,99.15799999999996,415.9,406.35
2987-53-3,CSC1=CC=CC=C1N,139.22300000000007,532.73,507.15
104-96-1,CSC1=CC=C(C=C1)N,139.22300000000007,532.73,545.65
556-64-9,CSC#N,73.11999999999999,416.22,406.05
110-91-8,C1COCCN1,87.12199999999996,390.84,401.35
86-53-3,C1=CC=C2C(=C1)C=CC=C2C#N,153.18400000000003,604.0,572.15
613-46-7,C1=CC=C2C=C(C=CC2=C1)C#N,153.18400000000003,604.0,580.15
118-31-0,C1=CC=C2C(=C1)C=CC=C2CN,157.2160000000001,574.45,565.15
134-32-7,C1=CC=C2C(=C1)C=CC=C2N,143.18900000000005,551.5699999999999,573.8499999999999
91-59-8,C1=CC=C2C=C(C=CC2=C1)N,143.18900000000005,551.5699999999999,579.3499999999999
532-18-3,C1=CC=C2C=C(C=CC2=C1)NC3=CC4=CC=CC=C4C=C3,269.3469999999997,808.6500000000001,744.15
494-04-2,C1=CC(=CN=C1)C2=CC(=NC=C2)C3=CN=CC=C3,233.2740000000001,788.9200000000001,573.15
88-74-4,C1=CC=C(C(=C1)N)[N+](=O)[O-],138.12600000000006,592.91,558.15
99-09-2,C1=CC(=CC(=C1)[N+](=O)[O-])N,138.12600000000003,592.91,585.15
100-01-6,C1=CC(=CC=C1N)[N+](=O)[O-],138.12600000000006,592.91,601.15
91-23-6,COC1=CC=CC=C1[N+](=O)[O-],153.13700000000006,565.68,545.15
555-03-3,COC1=CC=CC(=C1)[N+](=O)[O-],153.13700000000006,565.68,531.15
100-17-4,COC1=CC=C(C=C1)[N+](=O)[O-],153.13700000000006,565.68,532.15
645-09-0,C1=CC(=CC(=C1)[N+](=O)[O-])C(=O)N,166.13600000000005,669.66,585.65
98-95-3,C1=CC=C(C=C1)[N+](=O)[O-],123.11099999999996,515.4,483.85
15121-84-3,C1=CC=C(C(=C1)CCO)[N+](=O)[O-],167.16400000000007,658.3199999999999,540.15
612-25-9,C1=CC=C(C(=C1)CO)[N+](=O)[O-],153.13700000000006,635.4399999999999,543.15
62-23-7,C1=CC(=CC=C1C(=O)O)[N+](=O)[O-],167.12,688.77,593.15
121-90-4,C1=CC(=CC(=C1)[N+](=O)[O-])C(=O)Cl,185.56600000000003,634.56,549.65
86-00-0,C1=CC=C(C=C1)C2=CC=CC=C2[N+](=O)[O-],199.2090000000001,684.3399999999999,593.15
92-93-3,C1=CC=C(C=C1)C2=CC=C(C=C2)[N+](=O)[O-],199.2090000000001,684.3399999999999,613.15
627-05-4,CCCC[N+](=O)[O-],103.12099999999997,442.96,425.95
1122-60-7,C1CCC(CC1)[N+](=O)[O-],129.15899999999996,508.2699999999999,478.15
7119-92-8,CCN(CC)[N+](=O)[O-],118.13599999999994,455.4,479.65
79-24-3,CC[N+](=O)[O-],75.06699999999998,397.2,387.25
625-48-9,C(CO)[N+](=O)[O-],91.06599999999996,489.38,468.15
3638-64-0,C=C[N+](=O)[O-],73.05099999999999,393.88,371.65
6125-24-2,C1=CC=C(C=C1)CC[N+](=O)[O-],151.16500000000008,561.16,523.15
646-14-0,CCCCCC[N+](=O)[O-],131.17499999999998,488.72,466.15
75-52-5,C[N+](=O)[O-],61.04000000000001,374.32,374.34
622-42-4,C1=CC=C(C=C1)C[N+](=O)[O-],137.13800000000006,538.28,509.15
581-89-5,C1=CC=C2C=C(C=CC2=C1)[N+](=O)[O-],173.17100000000002,630.8799999999999,587.15
629-37-8,CCCCCCCC[N+](=O)[O-],159.22900000000016,534.48,481.65
628-05-7,CCCCC[N+](=O)[O-],117.14799999999994,465.84,445.65
551-88-2,CCC(CC)[N+](=O)[O-],117.14799999999994,465.4,427.15
88-75-5,C1=CC=C(C(=C1)[N+](=O)[O-])O,139.11000000000004,596.02,489.15
620-88-2,C1=CC=C(C=C1)OC2=CC=C(C=C2)[N+](=O)[O-],215.20800000000008,706.76,593.15
121-89-1,CC(=O)C1=CC(=CC=C1)[N+](=O)[O-],165.14800000000005,620.01,475.15
108-03-2,CCC[N+](=O)[O-],89.09399999999997,420.08,404.35
79-46-9,CC(C)[N+](=O)[O-],89.09399999999997,419.64,393.35
55-18-5,CCN(CC)N=O,102.13699999999994,366.96,445.15
62-75-9,CN(C)N=O,74.08299999999997,321.2,419.15
621-64-7,CCCN(CCC)N=O,130.19099999999997,412.72,479.15
4549-40-0,CN(C=C)N=O,86.09399999999997,340.76,320.15
609-40-5,C1=CSC(=C1)[N+](=O)[O-],129.14,514.04,497.65
88-72-2,CC1=CC=CC=C1[N+](=O)[O-],137.13800000000006,543.26,494.05
99-08-1,CC1=CC(=CC=C1)[N+](=O)[O-],137.13800000000006,543.26,505.25
99-99-0,CC1=CC=C(C=C1)[N+](=O)[O-],137.13800000000006,543.26,511.81
384-22-5,C1=CC=C(C(=C1)C(F)(F)F)[N+](=O)[O-],191.10800000000003,537.8399999999999,490.15
98-46-4,C1=CC(=CC(=C1)[N+](=O)[O-])C(F)(F)F,191.108,537.8399999999999,475.95
5153-67-3,C1=CC=C(C=C1)C=C[N+](=O)[O-],149.14900000000006,565.3199999999999,528.15
2243-27-8,CCCCCCCCC#N,139.24200000000008,507.6,498.15
112-20-9,CCCCCCCCCN,143.27400000000011,478.05,471.15
638-65-3,CCCCCCCCCCCCCCCCCC#N,265.485,713.52,635.15
124-30-1,CCCCCCCCCCCCCCCCCCN,269.51699999999994,683.97,623.15
629-01-6,CCCCCCCC(=O)N,143.23000000000013,509.04,512.15
373-44-4,C(CCCCN)CCCN,144.26200000000014,527.7,498.75
124-12-9,CCCCCCCC#N,125.21499999999992,484.72,475.15
111-86-4,CCCCCCCCN,129.24699999999993,455.17,451.75
16245-79-7,CCCCCCCCC1=CC=C(C=C1)N,205.3450000000002,624.1099999999999,583.15
7378-99-6,CCCCCCCCN(C)C,157.30100000000022,440.84,465.15
629-46-9,CCCCCCCCON=O,159.22900000000016,468.46,447.65
288-99-3,C1=NN=CO1,70.05099999999999,397.98,423.15
288-42-6,C1=COC=N1,69.06299999999999,367.16,342.65
613-90-1,C1=CC=C(C=C1)C(=O)C#N,131.134,565.27,479.15
2176-62-7,C1(=C(C(=NC(=C1Cl)Cl)Cl)Cl)Cl,251.32700000000003,601.45,553.15
2570-26-5,CCCCCCCCCCCCCCCN,227.4360000000003,615.3299999999999,585.15
771-60-8,C1(=C(C(=C(C(=C1F)F)F)F)F)N,183.079,457.34,426.65
773-82-0,C(#N)C1=C(C(=C(C(=C1F)F)F)F)F,193.074,509.77,435.15
626-97-1,CCCCC(=O)N,101.14899999999994,440.4,498.15
616-24-0,CCC(CC)N,87.16599999999994,386.09,362.15
462-94-2,C(CCN)CCN,102.18099999999994,459.06,451.15
544-13-8,C(CC#N)CC#N,94.11699999999998,518.16,559.15
110-59-8,CCCCC#N,83.13399999999996,416.08,413.15
623-40-5,CCCC(=NO)C,101.14899999999994,482.74,442.15
16529-66-1,CC=CCC#N,81.11799999999997,420.24,417.15
592-51-8,C=CCCC#N,81.11799999999997,412.76,413.15
2057-43-4,CC=CCCC1=CC=CC=N1,147.2210000000001,512.9399999999999,489.15
110-58-7,CCCCCN,87.16599999999994,386.53,377.85
2049-92-5,CCC(C)(C)C1=CC=C(C=C1)N,163.26400000000015,552.24,533.65
463-04-7,CCCCCON=O,117.14799999999994,399.82,377.65
700-16-3,C1(=C(C(=NC(=C1F)F)F)F)F,169.052,410.65,356.15
81-33-4,C1=CC2=C3C(=CC=C4C3=C1C5=C6C4=CC=C7C6=C(C=C5)C(=O)NC7=O)C(=O)NC2=O,390.3539999999999,1269.68,547.15
229-87-8,C1=CC=C2C(=C1)C=NC3=CC=CC=C23,179.2220000000001,620.36,623.45
230-46-6,C1=CC2=C(C3=C(C=C2)N=CC=C3)N=C1,180.2100000000001,651.1800000000001,633.15
66-71-7,C1=CC2=C(C3=C(C=CC=N3)C=C2)N=C1,180.2100000000001,651.1800000000001,682.3499999999999
92-84-2,C1=CC=C2C(=C1)NC3=CC=CC=C3S2,199.27800000000008,641.0,644.15
2688-84-8,C1=CC=C(C=C1)OC2=CC=CC=C2N,185.22600000000008,627.45,581.15
602-56-2,C1=CC=C(C=C1)C2=C3C=CC=CC3=NC4=CC=CC=C42,255.32000000000008,789.3,677.15
101-18-8,C1=CC=C(C=C1)NC2=CC(=CC=C2)O,185.22600000000008,658.31,613.15
122-37-2,C1=CC=C(C=C1)NC2=CC=C(C=C2)O,185.22600000000008,658.31,603.15
534-85-0,C1=CC=C(C=C1)NC2=CC=CC=C2N,184.2420000000001,655.2,586.15
101-54-2,C1=CC=C(C=C1)NC2=CC=C(C=C2)N,184.2420000000001,655.2,627.15
25611-78-3,C1=CC=C(C=C1)CC(C2=CC=CC=C2)N,197.2810000000001,645.37,584.15
91-00-9,C1=CC=C(C=C1)C(C2=CC=CC=C2)N,183.2540000000001,622.49,577.15
1013-88-3,C1=CC=C(C=C1)C(=N)C2=CC=CC=C2,181.23800000000008,634.74,555.15
883-93-2,C1=CC=C(C=C1)C2=NC3=CC=CC=C3S2,211.28900000000007,672.46,644.15
122-98-5,C1=CC=C(C=C1)NCCO,137.18200000000007,551.6700000000001,553.15
613-91-2,CC(=NO)C1=CC=CC=C1,135.16600000000005,578.06,518.15
2116-62-3,C1=CC=C(C=C1)CCC2=CC=CC=N2,183.2540000000001,604.0999999999999,562.15
100-63-0,C1=CC=C(C=C1)NN,108.14399999999996,486.26,517.15
670-96-2,C1=CC=C(C=C1)C2=NC=CN2,144.17700000000005,557.7,613.15
622-44-6,C1=CC=C(C=C1)N=C(Cl)Cl,174.03000000000003,537.8599999999999,483.15
103-71-9,C1=CC=C(C=C1)N=C=O,119.12299999999996,453.11,439.45
538-51-2,C1=CC=C(C=C1)C=NC2=CC=CC=C2,181.23800000000008,627.0799999999999,583.15
6852-54-6,CCN=CC1=CC=CC=C1,133.194,508.88,468.15
622-29-7,CN=CC1=CC=CC=C1,119.16699999999992,486.0,458.15
135-88-6,C1=CC=C(C=C1)NC2=CC3=CC=CC=C3C=C2,219.2870000000001,693.1700000000001,668.65
771-99-3,C1CNCCC1C2=CC=CC=C2,161.2480000000001,546.06,530.15
620-71-3,CCC(=O)NC1=CC=CC=C1,149.1930000000001,536.24,495.35
24840-05-9,C1=CC=C(C=C1)C=CC#N,129.16199999999998,538.44,522.15
1885-38-7,C1=CC=C(C=C1)C=CC#N,129.16199999999998,538.44,536.95
300-62-9,CC(CC1=CC=CC=C1)N,135.21000000000004,504.29,471.15
51-64-9,CC(CC1=CC=CC=C1)N,135.21000000000004,504.29,476.65
2057-49-0,C1=CC=C(C=C1)CCCC2=CC=NC=C2,197.2810000000001,626.98,595.15
1008-89-5,C1=CC=C(C=C1)C2=CC=CC=N2,155.20000000000007,558.3399999999999,544.15
1008-88-4,C1=CC=C(C=C1)C2=CN=CC=C2,155.20000000000007,558.3399999999999,547.15
939-23-1,C1=CC=C(C=C1)C2=CC=NC=C2,155.20000000000007,558.3399999999999,554.15
91-02-1,C1=CC=C(C=C1)C(=O)C2=CC=CC=N2,183.2100000000001,635.0899999999999,590.15
14548-46-0,C1=CC=C(C=C1)C(=O)C2=CC=NC=C2,183.2100000000001,635.0899999999999,588.15
3042-22-6,C1=CC=C(C=C1)C2=CC=CN2,143.18900000000005,526.88,543.15
612-96-4,C1=CC=C(C=C1)C2=NC3=CC=CC=C3C=C2,205.26000000000008,673.82,636.15
5285-87-0,C1=CC=C(C=C1)SC#N,135.19100000000003,557.3,505.65
64-10-8,C1=CC=C(C=C1)NC(=O)N,136.15400000000005,563.01,511.15
253-52-1,C1=CC=C2C=NN=CC2=C1,130.15,535.7,589.15
110-85-0,C1CNCCN1,86.13799999999995,412.44,421.78
110-89-4,C1CCNCC1,85.14999999999995,386.77,379.34
1484-84-0,C1CCNC(C1)CCO,129.20299999999995,520.04,477.15
622-26-4,C1CNCCC1CCO,129.20299999999992,520.04,500.65
7144-05-0,C1CNCCC1CN,114.19199999999992,477.51,473.15
675-20-7,C1CCNC(=O)C1,99.13299999999995,454.59,533.15
494-52-0,C1CCNC(C1)C2=CN=CC=C2,162.23600000000013,576.8799999999999,549.15
627-39-4,CCC=NO,73.09499999999997,437.1,405.15
79-05-0,CCC(=O)N,73.09499999999997,394.64,486.15
10424-38-1,CC(CN)N,74.12699999999995,412.86,391.15
109-76-2,C(CN)CN,74.12699999999995,413.3,412.35
107-12-0,CCC#N,55.08000000000001,370.32,370.45
21291-99-6,C(C(CN)N)N,89.14199999999995,485.39,463.15
127-06-0,CC(=NO)C,73.09499999999997,436.98,406.15
538-90-9,CC=CC1CCCCN1,125.21499999999992,454.9,441.15
107-10-8,CCCN,59.11200000000002,340.77,320.36
16369-21-4,CCCNCCO,103.16499999999994,456.35,456.15
2696-84-6,CCCC1=CC=C(C=C1)N,135.21000000000004,509.71,502.15
622-80-0,CCCNC1=CC=CC=C1,135.21000000000004,482.37,493.15
627-12-3,CCCOC(=O)N,103.12099999999997,421.87,469.15
75-55-8,CC1CN1,57.09600000000002,323.53,340.15
110-78-1,CCCN=C=O,85.10599999999997,357.79,358.54999999999995
543-67-9,CCCON=O,89.09399999999997,354.05999999999995,317.15
458-88-8,CCCC1CCCCN1,127.23099999999992,450.74,439.65
140-55-6,CCCC1CCC(CN1)O,143.23000000000013,538.25,509.15
3217-86-5,CCCNC(=O)CC,115.17599999999992,440.92,488.15
622-39-9,CCCC1=CC=CC=N1,121.18299999999994,463.02,443.15
1122-81-2,CCCC1=CC=NC=C1,121.18299999999994,463.02,462.15
2450-71-7,C#CCN,55.08000000000001,330.89,357.15
290-37-9,C1=CN=CC=N1,80.08999999999997,420.22,389.45
288-13-1,C1=CNN=C1,68.07899999999998,388.76,460.15
289-80-5,C1=CC=NN=C1,80.08999999999997,420.22,481.15
462-08-8,C1=CC(=CN=C1)N,94.11699999999998,466.91,525.15
504-24-5,C1=CN=CC=C1N,94.11699999999996,466.91,546.15
110-86-1,C1=CC=NC=C1,79.10199999999998,389.4,388.35
100-70-9,C1=CC=NC(=C1)C#N,104.11199999999998,519.3399999999999,497.65
100-54-9,C1=CC(=CN=C1)C#N,104.11199999999998,519.3399999999999,476.15
100-48-1,C1=CN=CC=C1C#N,104.11199999999997,519.3399999999999,459.15
141-86-6,C1=CC(=NC(=C1)N)N,109.13199999999998,544.42,558.15
2706-56-1,C1=CC=NC(=C1)CCN,122.17099999999996,512.67,486.15
3731-51-9,C1=CC=NC(=C1)CN,108.14399999999996,489.79,476.15
3731-52-0,C1=CC(=CN=C1)CN,108.14399999999996,489.79,499.15
3731-53-1,C1=CN=CC=C1CN,108.14399999999996,489.79,503.15
100-55-0,C1=CC(=CN=C1)CO,109.12799999999996,509.44,539.15
2859-68-9,C1=CC=NC(=C1)CCCO,137.18200000000007,555.2,533.3499999999999
2859-67-8,C1=CC(=CN=C1)CCCO,137.18200000000007,555.2,557.15
626-64-2,C1=CNC=CC1=O,95.10099999999996,452.91,623.15
142-08-5,C1=CC(=O)NC=C1,95.10099999999996,452.91,553.15
1122-62-9,CC(=O)C1=CC=CC=N1,121.13899999999995,494.01,482.15
350-03-8,CC(=O)C1=CN=CC=C1,121.13899999999995,494.01,498.15
1122-54-9,CC(=O)C1=CC=NC=C1,121.13899999999995,494.01,497.15
1202-34-2,C1=CC=NC(=C1)NC2=CC=CC=N2,171.2030000000001,639.3299999999999,580.65
109-12-6,C1=CN=C(N=C1)N,95.10499999999998,497.73,468.15
289-95-2,C1=CN=CN=C1,80.08999999999997,420.22,396.95
109-97-7,C1=CNC=C1,67.09099999999998,357.94,402.89
123-75-1,C1CCNC1,71.12299999999998,359.62,359.75
494-97-3,C1CC(NC1)C2=CN=CC=C2,148.20900000000012,549.73,543.15
616-45-5,C1CC(=O)NC1,85.10599999999997,427.44,524.3499999999999
1072-83-9,CC(=O)C1=CC=CN1,109.12799999999996,462.55,493.15
631-57-2,CC(=O)C#N,69.06299999999999,424.19,365.45
253-82-7,C1=CC=C2C(=C1)C=NC=N2,130.15,535.7,510.15
611-34-7,C1=CC(=C2C=CC=NC2=C1)N,144.17700000000005,582.3899999999999,583.15
91-22-5,C1=CC=C2C(=C1)C=CC=N2,129.16199999999998,504.88,510.25
580-16-5,C1=CC2=C(C=CC(=C2)O)N=C1,145.16100000000006,585.5,633.15
148-24-3,C1=CC2=C(C(=C1)O)N=CC=C2,145.16100000000006,585.5,540.15
91-19-0,C1=CC=C2C(=C1)N=CC=N2,130.15,535.7,500.15
1196-57-2,C1=CC=C2C(=C1)NC(=O)C=N2,146.14900000000003,599.21,634.15
110-14-5,C(CC(=O)N)C(=O)N,116.11999999999996,543.9200000000001,705.15
123-56-8,C1CC(=O)NC1=O,99.08899999999996,495.26,569.15
110-61-2,C(CC#N)C#N,80.08999999999999,495.28,539.15
1122-83-4,C1=CC=C(C=C1)N=S=O,139.17900000000003,495.74,473.15
1148-79-4,C1=CC=NC(=C1)C2=NC(=CC=C2)C3=CC=CC=N3,233.2740000000001,788.9200000000001,643.15
117-18-0,C1=C(C(=C(C(=C1Cl)Cl)[N+](=O)[O-])Cl)Cl,260.891,685.04,577.15
2402-79-1,C1=C(C(=NC(=C1Cl)Cl)Cl)Cl,216.88200000000003,559.04,523.65
670-54-2,C(#N)C(=C(C#N)C#N)C#N,128.094,749.1199999999999,496.15
2016-42-4,CCCCCCCCCCCCCCN,213.40900000000028,592.45,562.15
112-57-2,C(CNCCNCCNCCN)N,189.30700000000024,678.21,614.65
150-77-6,CCN(CC)CCN(CC)CC,172.3160000000002,453.28,465.15
102-53-4,CCN(CC)CN(CC)CC,158.2890000000002,430.4,425.15
1187-03-7,CCN(CC)C(=O)N(CC)CC,172.27200000000016,484.27,481.15
356-16-1,C(C([N+](=O)[O-])(F)F)([N+](=O)[O-])(F)F,192.024,539.66,331.65
942-01-8,C1CCC2=C(C1)C3=CC=CC=C3N2,171.2430000000001,590.5799999999999,600.65
4795-29-3,C1CC(OC1)CN,101.14899999999996,428.76,426.15
91-21-4,C1CNCC2=CC=CC=C21,133.194,501.41,505.65
120-15-0,COC1=CC2=C(C=C1)NCCC2,163.2200000000001,551.6899999999999,557.15
2217-41-6,C1CCC2=C(C1)C=CC=C2N,147.2210000000001,553.25,551.15
1604-01-9,CCCC1=NCCCC1,125.21499999999992,464.7,447.15
694-05-3,C1CNCC=C1,83.13399999999994,385.93,390.15
635-46-1,C1CC2=CC=CC=C2NC1,133.19400000000002,501.41,523.65
10500-57-9,C1CCC2=C(C1)C=CC=N2,133.19400000000002,506.56,496.65
3476-89-9,C1CNC2=CC=CC=C2N1,134.18200000000002,527.0799999999999,562.15
769-06-2,CC1=C(C(=CC=C1)C)N(C)C,149.23700000000014,477.48,469.15
704-01-8,CN(C)C1=CC=CC=C1N(C)C,164.25200000000012,484.94,488.65
100-22-1,CN(C)C1=CC=C(C=C1)N(C)C,164.25200000000012,484.94,533.15
111-51-3,CN(C)CCCCN(C)C,144.2620000000001,407.52,441.15
110-18-9,CN(C)CCN(C)C,116.20799999999991,361.76,394.15
111-18-2,CN(C)CCCCCCN(C)C,172.3160000000002,453.28,482.65
51-80-9,CN(C)CN(C)C,102.18099999999993,338.88,356.65
36768-62-4,CC1(CC(CC(N1)(C)C)N)C,156.2730000000002,537.29,461.65
768-66-1,CC1(CCCC(N1)(C)C)C,141.2580000000001,469.43,426.15
826-36-8,CC1(CC(=O)CC(N1)(C)C)C,155.24100000000016,537.25,478.15
110-95-2,CN(C)CCCN(C)C,130.23499999999993,384.64,417.15
1124-11-4,CC1=C(N=C(C(=N1)C)C)C,136.19800000000006,531.66,466.15
632-22-4,CN(C)C(=O)N(C)C,116.16399999999992,392.75,450.25
509-14-8,C([N+](=O)[O-])([N+](=O)[O-])([N+](=O)[O-])[N+](=O)[O-],196.031,826.6099999999999,398.75
290-96-0,C1=NN=CN=N1,82.066,481.86,391.15
288-39-1,C1=NSN=C1,86.11899999999999,418.86,367.15
289-06-5,C1=NN=CS1,86.119,418.86,477.15
288-47-1,C1=CSC=N1,85.13099999999999,388.04,391.35
504-78-9,C1CSCN1,89.16299999999997,384.57,437.65
871-76-1,C(CSCCN)N,120.22099999999996,504.96,505.15
123-90-0,C1CSCCN1,103.18999999999996,411.72,448.15
1003-31-2,C1=CSC(=C1)C#N,109.15299999999998,487.16,466.15
1641-09-4,C1=CSC=C1C#N,109.15299999999998,487.16,477.15
584-84-9,CC1=C(C=C(C=C1)N=C=O)N=C=O,174.15900000000002,575.5,524.15
290-38-0,C1=CN=NC=N1,81.07799999999999,451.04,430.15
290-87-9,C1=NC=NC=N1,81.07799999999999,451.04,386.15
288-36-8,C1=NNN=C1,69.06699999999998,419.58,477.15
288-88-0,C1=NC=NN1,69.06699999999998,419.58,477.15
620-40-6,C1=CC=C(C=C1)CN(CC2=CC=CC=C2)CC3=CC=CC=C3,287.40599999999955,772.56,658.15
147-82-0,C1=C(C=C(C(=C1Br)N)Br)Br,329.8169999999999,649.51,573.15
102-82-9,CCCCN(CCCC)CCCC,185.35500000000025,486.6,480.15
594-65-0,C(=O)(C(Cl)(Cl)Cl)N,162.40300000000002,480.82,513.15
545-06-2,C(#N)C(Cl)(Cl)Cl,144.388,456.5,358.85
634-67-3,C1=CC(=C(C(=C1N)Cl)Cl)Cl,196.46400000000003,563.3199999999999,565.15
636-30-6,C1=C(C(=CC(=C1Cl)Cl)Cl)N,196.46400000000003,563.3199999999999,543.15
634-93-5,C1=C(C=C(C(=C1Cl)N)Cl)Cl,196.46400000000003,563.3199999999999,535.15
89-69-0,C1=C(C(=CC(=C1Cl)Cl)Cl)[N+](=O)[O-],226.446,642.6300000000001,561.15
76-06-2,C([N+](=O)[O-])(Cl)(Cl)Cl,164.37500000000003,483.38,385.15
3764-01-0,C1=C(N=C(N=C1Cl)Cl)Cl,183.425,547.45,485.65
108-77-0,C1(=NC(=NC(=N1)Cl)Cl)Cl,184.413,578.27,465.15
629-60-7,CCCCCCCCCCCCC#N,195.35000000000025,599.1199999999999,575.15
1070-01-5,CCCCCCCCCCN(CCCCCCCCCC)CCCCCCCCCC,437.841,898.44,679.15
2869-34-3,CCCCCCCCCCCCCN,199.38200000000023,569.5699999999999,546.15
102-71-6,C(CO)N(CCO)CCO,149.19000000000014,625.8599999999999,623.15
121-44-8,CCN(CC)CC,101.19299999999993,349.32,361.95
354-38-1,C(=O)(C(F)(F)F)N,113.038,366.34,435.65
353-85-5,C(#N)C(F)(F)F,95.023,342.02,204.35
753-90-2,C(C(F)(F)F)N,99.055,312.47,309.15
98-16-8,C1=CC(=CC(=C1)N)C(F)(F)F,161.12600000000003,458.53,460.15
368-77-4,C1=CC(=CC(=C1)C(F)(F)F)C#N,171.12100000000004,510.96,462.15
102-86-3,CCCCCCN(CCCCCC)CCCCCC,269.51699999999994,623.8799999999999,534.8499999999999
1116-40-1,CC(C)CN(CC(C)C)CC(C)C,185.35500000000025,485.28,467.15
645-41-0,CC(C)CCN(CCC(C)C)CCC(C)C,227.4360000000003,553.9200000000001,508.15
75-50-3,CN(C)C,59.112000000000016,280.67999999999995,275.95
137-17-7,CC1=CC(=C(C=C1C)N)C,135.21000000000004,519.6700000000001,507.65
88-05-1,CC1=CC(=C(C(=C1)C)N)C,135.21000000000004,519.6700000000001,505.65
603-71-4,CC1=CC(=C(C(=C1)C)[N+](=O)[O-])C,165.1920000000001,598.98,528.15
101257-71-0,CC1CCNC(C1)(C)C,127.23099999999992,446.31,421.15
1462-84-6,CC1=C(N=C(C=C1)C)C,121.18299999999994,472.98,443.15
108-75-8,CC1=CC(=NC(=C1)C)C,121.18299999999994,472.98,443.15
92-99-9,CC1=NC2=C(C=C1)C=C(C=C2)N(C)C,186.2580000000001,595.9200000000001,592.15
632-14-4,CNC(=O)N(C)C,102.13699999999994,407.6,505.65
99-35-4,C1=C(C=C(C=C1[N+](=O)[O-])[N+](=O)[O-])[N+](=O)[O-],213.105,829.04,588.15
1840-42-2,C([N+](=O)[O-])([N+](=O)[O-])([N+](=O)[O-])F,169.024,674.04,359.45
118-96-7,CC1=C(C=C(C=C1[N+](=O)[O-])[N+](=O)[O-])[N+](=O)[O-],227.13200000000003,856.9000000000001,623.15
1116-76-3,CCCCCCCCN(CCCCCCCC)CCCCCCCC,353.67899999999906,761.1599999999999,652.15
621-77-2,CCCCCN(CCCCC)CCCCC,227.4360000000003,555.24,515.65
603-34-9,C1=CC=C(C=C1)N(C2=CC=CC=C2)C3=CC=CC=C3,245.3250000000001,703.9200000000001,635.15
102-69-2,CCCN(CCC)CCC,143.27400000000011,417.96,426.15
311-89-7,C(C(C(F)(F)F)(F)F)(C(N(C(C(C(C(F)(F)F)(F)F)(F)F)(F)F)C(C(C(C(F)(F)F)(F)F)(F)F)(F)F)(F)F)(F)F,671.0850000000004,428.13,451.15
338-83-0,C(C(N(C(C(C(F)(F)F)(F)F)(F)F)C(C(C(F)(F)F)(F)F)(F)F)(F)F)(C(F)(F)F)(F)F,521.0639999999999,373.56,402.85
7307-55-3,CCCCCCCCCCCN,171.32800000000023,523.81,502.15
100-69-6,C=CC1=CC=CC=N1,105.13999999999996,436.82,432.65
1121-55-7,C=CC1=CN=CC=C1,105.13999999999996,436.82,435.15
