CAS Reg. No.,PubChem SMILES,Mol. Wt.,JR Hvap /(kJ mol-1),CRC Hvap /(kJ mol-1)
75-07-0,CC=O,44.05300000000001,26.766,25.76
64-19-7,CC(=O)O,60.052000000000014,37.21,23.7
67-64-1,CC(=O)C,58.08000000000001,29.018,29.1
75-05-8,CC#N,41.053,30.524,29.75
98-86-2,CC(=O)C1=CC=CC=C1,120.15099999999994,42.42400000000001,43.98
107-02-8,C=CC=O,56.064000000000014,28.322000000000003,28.3
107-13-1,C=CC#N,53.06400000000001,32.08,32.6
591-87-7,CC(=O)OCC=C,100.11699999999996,33.461,36.3
107-18-6,C=CCO,58.08000000000002,38.281000000000006,40.0
124-68-5,CC(C)(CO)N,89.13799999999995,50.522000000000006,50.6
62-53-3,C1=CC=C(C=C1)N,93.12899999999996,41.867,42.44
100-66-3,COC1=CC=CC=C1,108.13999999999994,35.862,38.97
71-43-2,C1=CC=CC=C1,78.11399999999996,30.564,30.72
108-98-5,C1=CC=C(C=C1)S,110.18099999999995,37.963,39.93
100-47-0,C1=CC=C(C=C1)C#N,103.12399999999997,43.93000000000001,45.9
140-11-4,CC(=O)OCC1=CC=CC=C1,150.17700000000008,45.31100000000001,49.4
100-51-6,C1=CC=C(C=C1)CO,108.13999999999994,50.131,50.48
120-51-4,C1=CC=C(C=C1)COC(=O)C2=CC=CC=C2,212.24800000000008,58.717,53.6
111-44-4,C(CCl)OCCCl,143.0130000000001,35.678,45.2
5648-29-3,CCOCOCOCC,134.175,36.18000000000001,36.17
109-65-9,CCCCBr,137.02000000000007,30.933,32.51
74-97-5,C(Cl)Br,129.384,28.64,30.0
151-67-7,C(C(F)(F)F)(Cl)Br,197.381,26.731,28.08
74-96-4,CCBr,108.96599999999997,26.481,27.04
593-60-2,C=CBr,106.94999999999996,25.811,23.4
74-83-9,CBr,94.93899999999998,24.255000000000003,23.91
78-77-3,CC(C)CBr,137.02000000000007,30.545,31.33
507-19-7,CC(C)(C)Br,137.02000000000007,29.637,29.23
90-11-9,C1=CC=C2C(=C1)C=CC=C2Br,207.07,48.867,39.3
110-53-2,CCCCCBr,151.0470000000001,33.159000000000006,35.01
106-94-5,CCCBr,122.99299999999997,28.707,29.84
75-26-3,CC(C)Br,122.99299999999997,28.319000000000003,28.33
106-95-6,C=CCBr,120.97699999999998,28.037,30.24
590-19-2,CC=C=C,54.09200000000001,24.263,24.02
106-99-0,C=CC=C,54.09200000000001,23.158,22.47
123-72-8,CCCC=O,72.10699999999996,31.218000000000004,31.5
106-97-8,CCCC,58.12400000000002,24.498,22.44
26171-83-5,CCC(CO)O,90.12199999999994,57.468,52.84
107-88-0,CC(CCO)O,90.12199999999994,57.468,54.31
109-74-0,CCCC#N,69.10699999999997,34.976,33.68
109-79-5,CCCCS,90.19099999999996,31.235000000000003,32.23
71-36-3,CCCCO,74.12299999999995,41.17700000000001,43.29
78-92-2,CCC(C)O,74.12299999999995,40.789,40.75
78-93-3,CCC(=O)C,72.10699999999997,31.244,31.3
106-98-9,CCC=C,56.10800000000002,23.828000000000003,22.07
590-18-1,CC=CC,56.10800000000002,24.456000000000003,23.34
624-64-6,CC=CC,56.10800000000002,24.456000000000003,22.72
123-86-4,CCCCOC(=O)C,116.15999999999993,36.357,36.28
540-88-5,CC(=O)OC(C)(C)C,116.15999999999994,35.061,33.07
109-73-9,CCCCN,73.13899999999995,35.139,31.81
33966-50-6,CCC(C)N,73.13899999999995,34.751000000000005,29.92
75-64-9,CC(C)(C)N,73.13899999999995,33.843,28.27
104-51-8,CCCCC1=CC=CC=C1,134.222,40.13,38.87
2040-95-1,CCCCC1CCCC1,126.2429999999999,35.885000000000005,36.16
13360-63-9,CCCCNCC,101.19299999999993,35.386,33.97
628-81-9,CCCCOCC,102.17699999999992,31.360000000000003,31.63
638-46-0,CCCCSCC,118.24499999999992,35.767,37.01
33021-02-2,CC(C)COC(C)(C)C,130.23099999999994,34.128,33.11
628-28-4,CCCCOC,88.14999999999993,29.134,29.55
628-29-5,CCCCSC,104.21799999999992,33.541,34.47
6163-64-0,CC(C)(C)SC,104.21799999999992,32.245000000000005,31.47
3073-92-5,CCCCOCCC,116.20399999999992,33.586,33.72
111-34-2,CCCCOC=C,100.16099999999992,30.69,31.58
107-00-6,CCC#C,54.09200000000001,24.356,24.52
96-48-0,C1CC(=O)OC1,86.08999999999997,32.126999999999995,42.773
464-49-3,CC1(C2CCC1(C(=O)C2)C)C,152.23700000000014,39.488,42.019
95-51-2,C1=CC=C(C(=C1)N)Cl,127.57399999999996,46.914,44.4
108-90-7,C1=CC=C(C=C1)Cl,112.55899999999995,35.611000000000004,35.19
109-69-3,CCCCCl,92.56899999999996,28.883000000000003,30.39
75-45-6,C(F)(F)Cl,86.468,20.183,20.2
75-00-3,CCCl,64.51500000000001,24.431,24.65
107-07-3,C(CCl)O,80.51399999999998,41.11,41.4
75-01-4,C=CCl,62.49900000000001,23.761000000000003,20.8
544-10-5,CCCCCCCl,120.62299999999992,33.335,35.67
74-87-3,CCl,50.48800000000001,22.205,21.4
107-84-6,CC(C)CCCl,106.59599999999996,30.721000000000004,32.02
513-36-0,CC(C)CCl,92.56899999999996,28.495,29.22
507-20-0,CC(C)(C)Cl,92.56899999999996,27.587000000000003,27.55
90-13-1,C1=CC=C2C(=C1)C=CC=C2Cl,162.61900000000006,46.817,52.1
344-07-0,C1(=C(C(=C(C(=C1F)F)Cl)F)F)F,202.509,34.836,34.76
76-15-3,C(C(F)(F)Cl)(F)(F)F,154.465,17.754,19.41
543-59-9,CCCCCCl,106.59599999999996,31.109,33.15
540-54-5,CCCCl,78.54199999999997,26.657,27.18
75-29-6,CC(C)Cl,78.54199999999997,26.269,26.3
107-05-1,C=CCCl,76.52599999999998,25.987,29.0
95-49-8,CC1=CC=CC=C1Cl,126.58599999999996,38.499,37.5
106-43-4,CC1=CC=C(C=C1)Cl,126.58599999999996,38.499,38.7
75-72-9,C(F)(F)(F)Cl,104.458,18.458,15.8
95-48-7,CC1=CC=CC=C1O,108.13999999999994,46.466,45.19
108-39-4,CC1=CC(=CC=C1)O,108.13999999999994,46.466,47.4
106-44-5,CC1=CC=C(C=C1)O,108.13999999999994,46.466,47.45
460-19-5,C(#N)C#N,52.036,41.002,23.33
287-23-0,C1CCC1,56.10800000000002,24.892000000000003,24.19
110-82-7,C1CCCCC1,84.16199999999994,29.688,29.97
1569-69-3,C1CCC(CC1)S,116.22899999999991,36.116,37.06
110-83-8,C1CCC=CC1,82.14599999999994,29.98,30.46
108-91-8,C1CCC(CC1)N,99.17699999999994,40.02,36.14
287-92-3,C1CCCC1,70.13499999999998,27.29,27.3
1679-07-8,C1CCC(C1)S,102.20199999999994,33.718,35.32
120-92-3,C1CCC(=O)C1,84.11799999999995,31.537000000000003,36.35
75-19-4,C1CC1,42.08100000000002,22.494,20.05
5500-21-0,C1CC1C#N,67.09099999999998,34.889,35.55
765-43-5,CC(=O)C1CC1,84.11799999999995,33.383,34.07
493-01-6,C1CCC2CCCCC2C1,138.25400000000005,38.368,41.0
493-02-7,C1CCC2CCCCC2C1,138.25400000000005,38.368,40.2
124-18-5,CCCCCCCCCC,142.2860000000001,37.854,39.58
354-51-8,C(C(F)(Cl)Br)(F)(F)Br,276.277,32.258,31.17
106-93-4,C(CBr)Br,187.862,32.916,34.77
74-95-3,C(Br)Br,173.835,30.69,32.92
78-75-1,CC(CBr)Br,201.88900000000007,34.754000000000005,35.61
124-73-2,C(C(F)(F)Br)(F)(F)Br,259.822,27.056,27.03
111-92-2,CCCCNCCCC,129.24699999999993,39.838,38.44
142-96-1,CCCCOCCCC,130.23099999999994,35.812,36.49
6863-58-7,CCC(C)OC(C)CC,130.23099999999994,35.036,34.06
6163-66-2,CC(C)(C)OC(C)(C)C,130.23099999999994,33.22,32.15
84-74-2,CCCCOC(=O)C1=CC=CC=C1C(=O)OCCCC,278.3479999999996,68.962,79.2
107-47-1,CC(C)(C)SC(C)(C)C,146.29900000000015,37.627,33.26
95-50-1,C1=CC=C(C(=C1)Cl)Cl,147.00400000000002,40.658,39.66
541-73-1,C1=CC(=CC(=C1)Cl)Cl,147.00400000000002,40.658,38.62
106-46-7,C1=CC(=CC=C1Cl)Cl,147.00400000000002,40.658,38.79
616-21-7,CCC(CCl)Cl,127.01399999999995,32.879999999999995,33.9
75-71-8,C(F)(F)(Cl)Cl,120.913,23.66,20.1
75-34-3,CC(Cl)Cl,98.95999999999998,28.428,28.85
107-06-2,C(CCl)Cl,98.95999999999998,28.816000000000003,31.98
75-35-4,C=C(Cl)Cl,96.944,28.226,26.14
156-59-2,C(=CCl)Cl,96.944,28.774,30.2
156-60-5,C(=CCl)Cl,96.944,28.774,28.9
1717-00-6,CC(F)(Cl)Cl,116.95,26.703000000000003,26.06
75-43-4,C(F)(Cl)Cl,102.923,25.385,25.2
661-97-2,C(C(F)(F)F)(C(F)(F)Cl)(F)Cl,220.927,22.252,26.28
75-09-2,C(Cl)Cl,84.93299999999999,26.59,28.06
1674-33-5,CCCC(CCl)Cl,141.0410000000001,35.106,36.45
142-28-9,C(CCl)CCl,112.98699999999998,31.042,35.18
76-14-2,C(C(F)(F)Cl)(F)(F)Cl,170.92000000000002,22.956,23.3
111-42-2,C(CO)NCCO,105.13699999999994,64.292,65.2
105-57-7,CCOC(C)OCC,118.17599999999992,33.382,36.28
629-14-1,CCOCCOCC,118.17599999999992,33.77,36.28
462-95-3,CCOCOCC,104.14899999999992,31.544,31.33
109-89-7,CCNCC,73.13899999999995,30.934,29.06
110-81-6,CCSSCC,122.25799999999995,38.132000000000005,37.58
111-46-6,C(COCCO)O,106.12099999999994,60.26599999999999,52.3
111-96-6,COCCOCCOC,134.175,36.18000000000001,36.17
111-90-0,CCOCCOCCO,134.175,50.449,47.5
111-77-3,COCCOCCO,120.14799999999993,48.223,46.6
60-29-7,CCOCC,74.12299999999995,26.908,26.52
105-53-3,CCOC(=O)CC(=O)OCC,160.1690000000001,45.99,54.8
95-92-1,CCOC(=O)C(=O)OCC,146.14200000000008,43.764,42.0
1067-20-5,CCC(CC)(CC)CC,128.2589999999999,34.332,34.61
352-93-2,CCSCC,90.19099999999996,31.315,31.77
367-11-3,C1=CC=C(C(=C1)F)F,114.09399999999998,30.254,32.21
372-18-9,C1=CC(=CC(=C1)F)F,114.09399999999998,30.254,31.1
540-36-3,C1=CC(=CC=C1F)F,114.09399999999998,30.254,31.77
75-37-6,CC(F)F,66.05,18.024,21.56
1120-59-8,C1CSC=C1,86.15899999999996,31.168,33.24
1708-32-3,C1C=CCS1,86.15899999999996,31.168,34.83
75-11-6,C(I)I,267.8349999999999,36.566,42.5
544-01-4,CC(C)CCOCCC(C)C,158.2850000000002,39.488,35.1
108-18-9,CC(C)NC(C)C,101.19299999999993,34.61,30.4
108-20-3,CC(C)OC(C)C,102.17699999999994,30.584000000000003,29.1
625-80-9,CC(C)SC(C)C,118.24499999999992,34.991,33.8
674-82-8,C=C1CC(=O)O1,84.07399999999997,32.114000000000004,36.8
110-71-4,COCCOC,90.12199999999994,29.318,32.42
124-40-3,CNC,45.085000000000015,26.482,26.4
75-83-2,CCC(C)(C)C,86.17799999999993,27.654,26.31
79-29-8,CC(C)C(C)C,86.17799999999993,28.174,27.38
75-97-8,CC(=O)C(C)(C)C,100.16099999999992,34.4,33.39
563-79-1,CC(=C(C)C)C,84.16199999999994,29.068,29.64
590-66-9,CC1(CCCCC1)C,112.21599999999992,32.68000000000001,32.51
6876-23-9,CC1CCCCC1C,112.21599999999992,33.522000000000006,32.96
638-04-0,CC1CCCC(C1)C,112.21599999999992,33.522000000000006,32.91
624-29-3,CC1CCC(CC1)C,112.21599999999992,33.522000000000006,33.28
2532-58-3,CC1CCC(C1)C,98.18899999999992,31.124,30.4
624-92-0,CSSC,94.20399999999998,33.68000000000001,33.78
115-10-6,COC,46.06900000000002,22.456000000000003,21.51
590-73-8,CCCCC(C)(C)C,114.2319999999999,32.106,32.07
584-94-1,CCCC(C)C(C)C,114.2319999999999,32.626000000000005,33.17
589-43-5,CCC(C)CC(C)C,114.2319999999999,32.626000000000005,32.51
592-13-2,CC(C)CCC(C)C,114.2319999999999,32.626000000000005,32.54
563-16-6,CCCC(C)(C)CC,114.2319999999999,32.106,32.31
583-48-2,CCC(C)C(C)CC,114.2319999999999,32.626000000000005,33.24
57-14-7,CN(C)N,60.100000000000016,32.730000000000004,32.55
4032-94-4,CCCCC(C)CC(C)C,142.2860000000001,37.078,36.47
6921-35-3,CC1(COC1)C,86.13399999999996,30.168000000000003,30.85
590-35-2,CCCC(C)(C)C,100.20499999999991,29.880000000000003,29.23
565-59-3,CCC(C)C(C)C,100.20499999999991,30.4,30.46
108-08-7,CC(C)CC(C)C,100.20499999999991,30.4,29.55
562-49-2,CCC(C)(C)CC,100.20499999999991,29.880000000000003,29.62
564-04-5,CCC(=O)C(C)(C)C,114.18799999999992,36.626,36.09
565-80-0,CC(C)C(=O)C(C)C,114.18799999999992,37.146,34.64
630-18-2,CC(C)(C)C#N,83.13399999999996,35.906000000000006,32.4
583-61-9,CC1=C(N=CC=C1)C,107.15599999999996,40.324,39.08
108-47-4,CC1=CC(=NC=C1)C,107.15599999999996,40.324,38.53
589-93-5,CC1=CN=C(C=C1)C,107.15599999999996,40.324,38.68
108-48-5,CC1=NC(=CC=C1)C,107.15599999999992,40.324,37.46
583-58-4,CC1=C(C=NC=C1)C,107.15599999999996,40.324,39.99
591-22-0,CC1=CC(=CN=C1)C,107.15599999999996,40.324,39.46
75-18-3,CSC,62.137000000000015,26.863,27.0
505-22-6,C1COCOC1,88.10599999999995,34.256,34.37
123-91-1,C1COCCO1,88.10599999999995,34.256,34.16
101-84-8,C1=CC=C(C=C1)OC2=CC=CC=C2,170.21100000000007,49.268,48.2
142-84-7,CCCNCCC,101.19299999999993,35.386,33.47
111-43-3,CCCOCCC,102.17699999999994,31.360000000000003,31.31
111-47-7,CCCSCCC,118.24499999999992,35.767,36.6
112-40-3,CCCCCCCCCCCC,170.34000000000023,42.306,44.09
112-95-8,CCCCCCCCCCCCCCCCCCCC,282.5559999999996,60.114,58.49
106-88-7,CCC1CO1,72.10699999999996,28.921,30.3
74-84-0,CC,30.07,20.046,14.69
107-15-3,C(CN)N,60.100000000000016,41.328,37.98
107-21-1,C(CO)O,62.06800000000002,53.404,50.5
540-63-6,C(CS)S,94.20399999999998,33.52,37.93
75-08-1,CCS,62.137000000000015,26.783,26.79
64-17-5,CCO,46.06900000000002,36.725,38.56
141-43-5,C(CO)N,61.08400000000002,47.366,49.83
110-80-5,CCOCCO,90.12199999999994,43.587,39.22
111-15-9,CCOCCOC(=O)C,132.159,38.767,40.76
5137-45-1,CCOCCOC,104.14899999999992,31.544,34.33
141-78-6,CCOC(=O)C,88.10599999999995,31.905,31.94
140-88-5,CCOC(=O)C=C,100.11699999999996,33.461,34.7
100-41-4,CCC1=CC=CC=C1,106.16799999999994,35.678,35.57
105-54-4,CCCC(=O)OCC,116.15999999999993,36.357,35.47
97-95-0,CCC(CC)CO,102.17699999999992,45.241,43.2
105-39-5,CCOC(=O)CCl,122.55099999999996,36.29,40.43
4806-61-5,CCC1CCC1,84.16199999999994,29.035,28.67
1678-91-7,CCC1CCCCC1,112.21599999999992,33.831,34.04
1640-89-7,CCC1CCCC1,98.18899999999992,31.433,31.96
3938-95-2,CCOC(=O)C(C)(C)C,130.18699999999995,37.287,34.51
74-85-1,C=C,28.053999999999995,18.748,13.53
619-99-8,CCCC(CC)CC,114.2319999999999,33.014,33.59
104-76-7,CCCCC(CC)CO,130.23099999999994,49.693,54.2
103-09-3,CCCCC(CC)COC(=O)C,172.26800000000017,44.873,43.5
104-75-6,CCCCC(CC)CN,129.24699999999993,43.655,40.0
19961-27-4,CCNC(C)C,87.16599999999993,32.772,29.94
625-54-7,CCOC(C)C,88.14999999999993,28.746,28.21
5145-99-3,CCSC(C)C,104.21799999999992,33.153,32.74
108-64-5,CCOC(=O)CC(C)C,130.18699999999995,38.195,37.0
16747-50-5,CCC1(CCCC1)C,112.21599999999992,32.508,33.2
609-26-7,CCC(CC)C(C)C,114.2319999999999,32.626000000000005,32.93
1067-08-9,CCC(C)(CC)CC,114.2319999999999,32.106,32.78
97-62-1,CCOC(=O)C(C)C,116.15999999999993,35.968999999999994,33.67
624-89-5,CCSC,76.16399999999996,29.089,29.53
617-78-7,CCC(CC)CC,100.20499999999991,30.788000000000004,31.12
539-82-2,CCCCC(=O)OCC,130.18699999999995,38.583,36.96
17952-11-3,CCCCCOCC,116.20399999999992,33.586,34.41
105-37-3,CCC(=O)OCC,102.13299999999995,34.131,33.88
628-32-0,CCCOCC,88.14999999999995,29.134,28.94
4110-50-3,CCCSCC,104.21799999999992,33.541,34.24
109-92-2,CCOC=C,72.10699999999996,26.238,26.2
462-06-6,C1=CC=C(C=C1)F,96.10399999999996,30.409,31.19
463-11-6,CCCCCCCCF,132.22199999999998,32.585,40.43
95-52-3,CC1=CC=CC=C1F,110.13099999999996,33.297,35.4
352-32-9,CC1=CC=C(C=C1)F,110.13099999999996,33.297,34.08
110-00-9,C1=COC=C1,68.07499999999997,30.158,27.1
98-00-0,C1=COC(=C1)CO,98.10099999999996,49.725,53.6
56-81-5,C(C(CO)O)O,92.09399999999997,71.921,61.0
629-78-7,CCCCCCCCCCCCCCCCC,240.4750000000003,53.43600000000001,53.58
142-82-5,CCCCCCC,100.20499999999991,31.176,31.77
26549-25-7,CCCCC(CC)O,116.20399999999992,47.467,42.5
544-76-3,CCCCCCCCCCCCCCCC,226.4480000000003,51.21000000000001,51.84
1522-22-1,C(C(=O)C(F)(F)F)C(=O)C(F)(F)F,208.057,32.721999999999994,27.05
392-56-3,C1(=C(C(=C(C(=C1F)F)F)F)F)F,186.054,29.634,31.66
76-16-4,C(C(F)(F)F)(F)(F)F,138.01000000000002,12.552,16.15
110-54-3,CCCCCC,86.17799999999993,28.950000000000003,28.85
111-27-3,CCCCCCO,102.17699999999992,45.629000000000005,44.5
591-78-6,CCCCC(=O)C,100.16099999999992,35.696,36.35
589-38-8,CCCC(=O)CC,100.16099999999992,35.696,35.36
111-26-2,CCCCCCN,101.19299999999993,39.591,36.54
496-11-7,C1CC2=CC=CC=C2C1,118.17899999999992,38.788,39.63
591-50-4,C1=CC=C(C=C1)I,204.01,40.599,39.5
542-69-8,CCCCI,184.02000000000007,33.870999999999995,34.66
75-03-6,CCI,155.96600000000004,29.419,29.44
74-88-4,CI,141.93900000000002,27.193,27.34
513-38-2,CC(C)CI,184.02000000000007,33.483000000000004,33.54
558-17-8,CC(C)(C)I,184.02000000000007,32.575,31.43
107-08-4,CCCI,169.99300000000008,31.645,32.08
75-30-9,CC(C)I,169.99300000000008,31.257,30.68
75-28-5,CC(C)C,58.12400000000002,24.11,21.3
110-19-0,CC(C)COC(=O)C,116.15999999999993,35.968999999999994,35.9
78-81-9,CC(C)CN,73.13899999999995,34.751000000000005,30.61
97-85-8,CC(C)COC(=O)C(C)C,144.21400000000014,40.033,38.2
625-44-5,CC(C)COC,88.14999999999993,28.746,28.02
78-78-4,CCC(C)C,72.15099999999997,26.336,24.69
123-92-2,CC(C)CCOC(=O)C,130.18699999999995,38.195,37.5
659-70-1,CC(C)CCOC(=O)CC(C)C,172.26800000000017,44.485,45.9
108-21-4,CC(C)OC(=O)C,102.13299999999995,33.742999999999995,32.93
75-31-0,CC(C)N,59.11200000000002,32.525000000000006,27.83
3875-51-2,CC(C)C1CCCC1,112.21599999999992,33.271,33.56
4747-21-1,CC(C)NC,73.13899999999997,30.546,28.71
99-87-6,CC1=CC=C(C=C1)C(C)C,134.222,40.404,38.2
598-53-8,CC(C)OC,74.12299999999996,26.520000000000003,26.05
1551-21-9,CC(C)SC,90.19099999999996,30.927,30.71
21968-17-2,CCCNC(C)C,101.19299999999993,34.998,32.14
5008-73-1,CCCSC(C)C,118.24499999999992,35.379,35.11
119-65-3,C1=CC=C2C=NC=CC2=C1,129.16199999999998,45.754000000000005,49.0
141-79-7,CC(=CC(=O)C)C,98.14499999999994,35.734,36.1
67-56-1,CO,32.041999999999994,34.499,35.21
109-86-4,COCCO,76.09499999999996,41.361,37.54
110-49-6,CC(=O)OCCOC,118.13199999999996,36.541,43.9
79-20-9,CC(=O)OC,74.07899999999998,29.679,30.32
96-33-3,COC(=O)C=C,86.08999999999997,31.235,33.1
126-98-7,CC(=C)C#N,67.09099999999998,34.386,31.8
74-89-5,CN,31.058,28.461,25.6
95-53-4,CC1=CC=CC=C1N,107.15599999999996,44.755,44.6
108-44-1,CC1=CC(=CC=C1)N,107.15599999999996,44.755,44.9
106-49-0,CC1=CC=C(C=C1)N,107.15599999999996,44.755,44.3
4625-24-5,CC12CCCC1C2,96.17299999999992,29.851000000000003,31.07
625-28-5,CC(C)CC#N,83.13399999999996,36.814,35.1
20089-07-0,CCC(C)CS,104.21799999999992,33.073,33.79
1679-09-0,CCC(C)(C)S,104.21799999999992,32.165,31.37
623-42-7,CCCC(=O)OC,102.13299999999994,34.131,33.79
123-51-3,CC(C)CCO,88.14999999999993,43.015,44.07
75-85-4,CCC(C)(C)O,88.14999999999993,42.107,39.04
563-80-4,CC(C)C(=O)C,86.13399999999994,33.082,32.35
563-46-2,CCC(=C)C,70.13499999999998,26.134,25.5
513-35-9,CC=C(C)C,70.13499999999998,26.762,26.31
1634-04-4,CC(C)(C)OC,88.14999999999993,27.838,27.94
96-34-4,COC(=O)CCl,108.524,34.064,39.23
105-34-0,COC(=O)CC#N,99.08899999999998,42.383,48.2
765-85-5,COC(=O)C1CCC1,114.14399999999996,36.442,37.13
108-87-2,CC1CCCCC1,98.18899999999992,31.605,31.27
590-67-0,CC1(CCCCC1)O,114.18799999999992,47.133,45.951
615-39-4,CC1CCCCC1O,114.18799999999992,47.975,53.0
96-37-7,CC1CCCC1,84.16199999999994,29.207,29.08
2868-37-3,COC(=O)C1CC1,100.11699999999996,34.044,35.25
6975-98-0,CCCCCCCCC(C)C,156.31300000000022,39.692,40.25
2847-72-5,CCCCCCC(C)CCC,156.31300000000022,39.692,40.7
116-54-1,COC(=O)C(Cl)Cl,142.96900000000005,38.06100000000001,39.28
598-98-1,CC(C)(C)C(=O)OC,116.15999999999993,35.061,33.42
592-27-8,CCCCCC(C)C,114.2319999999999,33.014,33.26
589-81-1,CCCCC(C)CC,114.2319999999999,33.014,33.66
589-53-7,CCCC(C)CCC,114.2319999999999,33.014,33.35
591-76-4,CCCCC(C)C,100.20499999999991,30.788000000000004,30.62
78918-91-9,CCCC(C)CC,100.20499999999991,30.788000000000004,30.9
106-70-7,CCCCCC(=O)OC,130.18699999999995,38.583,38.55
60-34-4,CNN,46.073000000000015,34.897000000000006,36.12
547-63-7,CC(C)C(=O)OC,102.13299999999994,33.742999999999995,32.61
80-62-6,CC(=C)C(=O)OC,100.11699999999996,33.541,36.0
90-12-0,CC1=CC=CC2=CC=CC=C12,142.20100000000008,44.658,45.5
871-83-0,CCCCCCCC(C)C,142.2860000000001,37.466,38.23
15869-85-9,CCCCC(C)CCCC,142.2860000000001,37.466,38.14
75-56-9,CC1CO1,58.08000000000002,26.695,27.35
107-83-5,CCCC(C)C,86.17799999999993,28.562000000000005,27.79
96-14-0,CCC(C)CC,86.17799999999993,28.562000000000005,28.06
107-41-5,CC(CC(C)(C)O)O,118.17599999999992,60.62400000000001,57.3
624-24-8,CCCCC(=O)OC,116.15999999999993,36.357,35.36
105-30-6,CCCC(C)CO,102.17699999999992,45.241,50.2
626-89-1,CC(C)CCCO,102.17699999999992,45.241,44.46
590-36-3,CCCC(C)(C)O,102.17699999999992,44.333,39.59
108-11-2,CC(C)CC(C)O,102.17699999999992,44.853,44.2
108-10-1,CC(C)CC(=O)C,100.16099999999992,35.308,34.49
565-69-5,CCC(=O)C(C)C,100.16099999999994,35.308,33.84
628-80-8,CCCCCOC,102.17699999999992,31.360000000000003,32.02
1741-83-9,CCCCCSC,118.24499999999992,35.767,37.41
78-82-0,CC(C)C#N,69.10699999999997,34.588,32.39
513-44-0,CC(C)CS,90.19099999999996,30.847,31.01
75-66-1,CC(C)(C)S,90.19099999999996,29.939,28.45
554-12-1,CCC(=O)OC,88.10599999999997,31.905,32.24
78-83-1,CC(C)CO,74.12299999999995,40.789,41.82
75-65-0,CC(C)(C)O,74.12299999999995,39.881,39.07
557-17-5,CCCOC,74.12299999999996,26.908,26.75
3877-15-4,CCCSC,90.19099999999996,31.315,32.08
109-06-8,CC1=CC=CC=N1,93.12899999999996,37.43600000000001,36.17
108-99-6,CC1=CN=CC=C1,93.12899999999996,37.43600000000001,37.35
108-89-4,CC1=CC=NC=C1,93.12899999999996,37.43600000000001,37.51
119-36-8,COC(=O)C1=CC=CC=C1O,152.14900000000006,56.099,46.7
693-95-8,CC1=CSC=N1,99.15799999999996,38.33200000000001,37.58
554-14-3,CC1=CC=CS1,98.16999999999996,34.348,33.9
616-44-4,CC1=CSC=C1,98.16999999999996,34.348,34.24
110-91-8,C1COCCN1,87.12199999999996,36.504000000000005,37.1
91-20-3,C1=CC=C2C=CC=CC2=C1,128.17399999999995,41.77,43.2
463-82-1,CC(C)(C)C,72.15099999999997,25.428,22.74
79-24-3,CC[N+](=O)[O-],75.06699999999998,36.637,38.0
75-52-5,C[N+](=O)[O-],61.04000000000001,34.411,33.99
108-03-2,CCC[N+](=O)[O-],89.09399999999997,38.863,38.5
79-46-9,CC(C)[N+](=O)[O-],89.09399999999997,38.475,36.8
629-92-5,CCCCCCCCCCCCCCCCCCC,268.529,57.888000000000005,56.93
111-84-2,CCCCCCCCC,128.2589999999999,35.628,37.18
593-45-3,CCCCCCCCCCCCCCCCCC,254.50200000000032,55.662000000000006,55.23
112-80-1,CCCCCCCCC=CCCCCCCCC(=O)O,282.4679999999995,72.784,67.4
111-65-9,CCCCCCCC,114.2319999999999,33.402,34.41
124-07-2,CCCCCCCC(=O)O,144.21400000000014,50.566,58.5
4128-31-8,CCCCCCC(C)O,130.23099999999994,49.693,44.4
111-66-0,CCCCCCC=C,112.21599999999992,32.732,34.07
629-05-0,CCCCCCC#C,110.19999999999992,33.260000000000005,35.83
2809-67-8,CCCCCC#CC,110.19999999999992,35.554,37.26
15232-76-5,CCCCC#CCC,110.19999999999992,35.554,36.94
1942-45-6,CCCC#CCCC,110.19999999999992,35.554,36.0
503-30-0,C1COC1,58.08000000000001,27.176,28.67
75-21-8,C1CO1,44.05300000000001,24.778,25.54
76-01-7,C(C(Cl)(Cl)Cl)(Cl)Cl,202.295,40.287000000000006,36.9
629-62-9,CCCCCCCCCCCCCCC,212.42100000000028,48.984,50.08
363-72-4,C1=C(C(=C(C(=C1F)F)F)F)F,168.064,29.789,32.15
771-56-2,CC1=C(C(=C(C(=C1F)F)F)F)F,182.091,32.677,34.75
109-66-0,CCCCC,72.15099999999997,26.724,25.79
111-29-5,C(CCO)CCO,104.14899999999994,60.082,60.7
123-54-6,CC(=O)CC(=O)C,100.11699999999996,40.216,34.3
110-59-8,CCCCC#N,83.13399999999996,37.202,36.09
110-66-7,CCCCCS,104.21799999999992,33.461,34.88
109-52-4,CCCCC(=O)O,102.13299999999994,43.888000000000005,44.1
71-41-0,CCCCCO,88.14999999999993,43.403000000000006,44.36
6032-29-7,CCCC(C)O,88.14999999999993,43.015,41.4
107-87-9,CCCC(=O)C,86.13399999999994,33.47,33.44
96-22-0,CCC(=O)CC,86.13399999999996,33.47,33.45
109-67-1,CCCC=C,70.13499999999998,26.054,25.2
16529-66-1,CC=CCC#N,81.11799999999997,37.16,37.09
628-63-7,CCCCCOC(=O)C,130.18699999999995,38.583,38.42
110-58-7,CCCCCN,87.16599999999994,37.365,34.01
355-25-9,C(C(C(F)(F)F)(F)F)(C(F)(F)F)(F)F,238.024,11.144,22.9
115-25-3,C1(C(C(C1(F)F)(F)F)(F)F)(F)F,200.028,12.516,23.2
307-34-6,C(C(C(C(C(F)(F)F)(F)F)(F)F)(F)F)(C(C(C(F)(F)F)(F)F)(F)F)(F)F,438.0519999999999,8.328,33.38
108-95-2,C1=CC=C(C=C1)O,94.11299999999996,43.578,45.69
123-38-6,CCC=O,58.08000000000002,28.992,28.31
74-98-6,CCC,44.09700000000002,22.272,19.04
109-76-2,C(CN)CN,74.12699999999995,43.554,40.85
57-55-6,CC(CO)O,76.09499999999997,55.242,52.4
504-63-2,C(CO)CO,76.09499999999996,55.63,57.9
107-12-0,CCC#N,55.08000000000001,32.75,31.81
107-03-9,CCCS,76.16399999999996,29.009,29.54
75-33-2,CC(C)S,76.16399999999996,28.621,27.91
71-23-8,CCCO,60.096000000000025,38.95100000000001,41.44
67-63-0,CC(C)O,60.096000000000025,38.563,39.85
115-07-1,CC=C,42.08100000000002,21.602,18.42
2807-30-9,CCCOCCO,104.14899999999994,45.813,41.4
109-60-4,CCCOC(=O)C,102.13299999999995,34.131,33.92
107-10-8,CCCN,59.11200000000002,32.913,29.55
2040-96-2,CCCC1CCCC1,112.21599999999992,33.659000000000006,34.7
106-36-5,CCCOC(=O)CC,116.15999999999994,36.357,35.54
110-86-1,C1=CC=NC=C1,79.10199999999998,34.548,35.09
289-95-2,C1=CN=CN=C1,80.08999999999997,38.532,43.09
109-97-7,C1=CNC=C1,67.09099999999998,32.406000000000006,38.75
123-75-1,C1CCNC1,71.12299999999998,31.822,33.01
91-22-5,C1=CC=C2C(=C1)C=CC=N2,129.16199999999998,45.754000000000005,49.7
157-40-4,C1CC12CC2,68.11899999999999,25.536,26.76
100-42-5,C=CC1=CC=CC=C1,104.15199999999994,35.008,38.7
110-61-2,C(CC#N)C#N,80.08999999999999,45.45400000000001,48.5
79-27-6,C(C(Br)Br)(Br)Br,345.65399999999994,45.010000000000005,48.7
79-34-5,C(C(Cl)Cl)(Cl)Cl,167.85000000000002,36.81,37.64
127-18-4,C(=C(Cl)Cl)(Cl)Cl,165.834,37.704,34.68
56-23-5,C(Cl)(Cl)(Cl)Cl,153.823,34.064,29.82
629-59-4,CCCCCCCCCCCCCC,198.39400000000023,46.758,48.16
109-99-9,C1CCOC1,72.10699999999997,29.574,29.81
97-99-4,C1CC(OC1)CO,102.13299999999995,48.17,45.2
119-64-2,C1CCC2=CC=CC=C2C1,132.206,41.18600000000001,43.9
142-68-7,C1CCOCC1,86.13399999999996,31.972,31.17
110-01-0,C1CCSC1,88.17499999999995,30.876,34.66
1070-87-7,CC(C)(C)CC(C)(C)C,128.2589999999999,33.036,32.51
509-14-8,C([N+](=O)[O-])([N+](=O)[O-])([N+](=O)[O-])[N+](=O)[O-],196.031,82.88799999999999,40.74
1613-51-0,C1CCSCC1,102.20199999999994,33.274,35.96
287-27-4,C1CSC1,74.14799999999997,28.478,32.32
110-02-1,C1=CSC=C1,84.14299999999997,31.46,31.48
108-88-3,CC1=CC=CC=C1,92.14099999999996,33.452,33.18
75-25-2,C(Br)(Br)Br,252.731,36.737,39.66
102-82-9,CCCCN(CCCC)CCCC,185.35500000000025,44.349,46.9
71-55-6,CC(Cl)(Cl)Cl,133.40500000000003,31.905,29.86
79-00-5,C(C(Cl)Cl)Cl,133.40500000000003,32.813,34.82
79-01-6,C(=C(Cl)Cl)Cl,131.389,33.239000000000004,31.4
75-69-4,C(F)(Cl)(Cl)Cl,137.368,28.862,25.1
67-66-3,C(Cl)(Cl)Cl,119.378,30.587000000000003,29.24
96-18-4,C(C(CCl)Cl)Cl,147.43200000000004,35.039,37.1
354-58-5,C(C(Cl)(Cl)Cl)(F)(F)F,187.375,28.158,26.85
76-13-1,C(C(F)(Cl)Cl)(F)(F)Cl,187.375,28.158,27.04
629-50-5,CCCCCCCCCCCCC,184.36700000000025,44.532,46.2
121-44-8,CCN(CC)CC,101.19299999999993,30.993,31.01
112-27-6,C(COCCOCCO)O,150.17400000000012,67.128,71.4
76-05-1,C(=O)(C(F)(F)F)O,114.022,33.462999999999994,33.3
420-46-2,CC(F)(F)F,84.03999999999999,16.299,18.99
98-08-8,C1=CC=C(C=C1)C(F)(F)F,146.11100000000005,29.705,32.63
75-50-3,CN(C)C,59.112000000000016,24.315,22.94
464-06-2,CC(C)C(C)(C)C,100.20499999999991,29.492000000000004,28.9
3522-94-9,CC(C)CCC(C)(C)C,128.2589999999999,33.944,33.65
1069-53-0,CC(C)CC(C)C(C)C,128.2589999999999,34.464,34.43
62016-38-0,CC(C)CCC(C)CC(C)C,156.31300000000022,38.916,38.22
564-02-3,CCC(C)C(C)(C)C,114.2319999999999,31.718000000000004,31.94
540-84-1,CC(C)CC(C)(C)C,114.2319999999999,31.718000000000004,30.79
560-21-4,CCC(C)(C)C(C)C,114.2319999999999,31.718000000000004,32.12
565-75-3,CC(C)C(C)C(C)C,114.2319999999999,32.238,32.36
5857-36-3,CC(C)C(=O)C(C)(C)C,128.21499999999992,38.464,35.64
1462-84-6,CC1=C(N=C(C=C1)C)C,121.18299999999994,43.212,39.95
108-75-8,CC1=CC(=NC(=C1)C)C,121.18299999999994,43.212,39.87
311-89-7,C(C(C(F)(F)F)(F)F)(C(N(C(C(C(C(F)(F)F)(F)F)(F)F)(F)F)C(C(C(C(F)(F)F)(F)F)(F)F)(F)F)(F)F)(F)F,671.0850000000004,6.738,46.4
1120-21-4,CCCCCCCCCCC,156.31300000000022,40.08,41.91
108-05-4,CC(=O)OC=C,86.08999999999997,31.235,34.6
95-47-6,CC1=CC=CC=C1C,106.16799999999994,36.34,36.24
108-38-3,CC1=CC(=CC=C1)C,106.16799999999994,36.34,35.66
106-42-3,CC1=CC=C(C=C1)C,106.16799999999994,36.34,35.67
95-87-4,CC1=CC(=C(C=C1)C)O,122.16699999999992,49.354,46.9
