y_true,y_pred,y_std
495.15,370.45657910456407,36.798977830297076
453.15,468.25451695870873,36.78507980044039
354.75,316.6909303495854,39.175989500399396
468.15,438.4395936154899,36.116151690197256
465.75,405.8019157698343,36.24396249609122
327.15,336.49017551056835,36.74993419793549
383.15,385.50931786326987,36.874362128982526
361.15,353.41213357043347,36.41828171929586
633.15,578.3620394526616,38.941788453912494
546.15,534.0603689642752,36.503498468519226
536.15,536.875749785183,37.12955805624893
571.45,563.0644187778892,36.40055703722643
451.15,460.5589153015405,36.30893697695465
496.25,478.50288540073535,36.182832430175445
436.95,458.9050532624386,36.28597860790642
494.65,479.163674457079,36.22491033744693
540.15,555.2861915917186,36.32607272359728
562.65,524.2146817423081,36.08485308682993
458.15,434.71795916438504,36.83126913349904
458.15,438.99033225751276,36.43452644700127
505.15,505.6233318979924,36.05770727717097
331.15,331.88727995275474,36.75785528250234
387.15,484.67477397165226,36.08229472357495
473.15,534.0342296783714,36.56615453402022
505.15,508.0646845314258,36.17675925147136
555.15,508.32281810237356,36.351254422774666
520.15,534.7505538820546,36.20690300067896
534.15,520.6459050117776,36.090979004523845
633.15,501.9991878036602,36.124113622223724
587.15,613.1989148970392,37.18188424426696
614.45,575.8694217762057,36.407974181700354
507.75,496.91799607510376,36.01962578546915
458.45,480.91318206089477,36.039490355668626
611.15,609.9622308315936,37.69513663311313
553.15,546.8541645820053,36.140145904450286
579.65,563.7251445928383,36.3980431358729
561.15,568.1618606668856,37.05989085008176
543.15,540.3371859918126,36.239867076655116
561.15,550.64639001316,36.20044146038532
636.15,585.3004880813731,36.82216705215356
568.65,555.0680002501924,36.26845160697149
564.65,555.0680002501924,36.26845160697149
593.15,606.6897759221765,37.074408233189324
539.65,550.1016831289699,36.261657738501164
552.15,550.6244485392687,36.18079256462064
518.15,507.2578470006745,36.14869418526528
502.15,495.1101814287354,36.53223821347938
493.15,495.1101814287354,36.53223821347938
525.15,528.3293676882955,36.36011159853901
509.15,528.3293676882955,36.36011159853901
555.65,538.382550686014,36.91638894041412
513.15,503.3751588747783,36.62046000930141
538.15,549.374820941007,36.68773992998
422.15,445.64676669567547,36.46304795275855
445.15,459.8819241335332,36.53211460617204
554.15,538.3825506860148,36.916388940414116
425.15,461.4019044168281,36.40426901189309
429.15,447.5161999446982,36.195051015605074
390.75,406.33529125584056,36.29310828037782
424.65,461.342723147886,36.40301935429397
379.15,407.1096562211482,36.396877757583205
390.15,401.0704721516107,36.36113378507595
350.15,371.7518173680583,36.3489778482853
317.17,367.4890163393516,36.37134788991806
453.15,474.744873563479,36.044724515087275
511.15,517.6976933442264,36.057991433974735
527.15,496.0960571173881,36.156387722770035
504.15,508.30326845033943,36.02475922148294
377.95,392.78259439046064,36.278669619569136
364.15,362.53830055363585,36.314823895667026
338.15,382.80172322957554,36.404653980280074
538.15,561.2513527480394,36.79994728640317
470.15,477.28176206466725,36.107227123360346
349.65,455.37890876361405,38.46371699344973
627.75,554.9148877176448,36.24367675233895
399.15,473.6323736325504,46.52702133574191
381.15,397.7355534334019,36.217966251625164
503.15,475.1727770506862,36.07228650207005
524.15,534.6181284556416,36.07041855587268
538.15,534.6181284556416,36.07041855587268
496.15,517.0065003164538,36.035521867254374
474.65,512.1675915424532,36.11949303894958
448.15,437.77948655434085,36.07416077313215
478.15,462.4771387353094,36.45652951740936
504.15,462.4771387353094,36.45652951740936
588.15,600.8146910889036,37.28263667625822
502.65,535.1817477990559,36.26167676051547
533.15,515.8932432428412,36.15311590723871
493.15,497.70342844710416,36.05695637502806
518.15,497.70342844710416,36.05695637502806
517.15,497.70342844710416,36.05695637502806
511.15,552.8345336815119,36.23654181267189
534.15,552.8345336815119,36.23654181267189
515.15,552.8345336815119,36.23654181267189
509.65,538.1586419139918,36.092103578280366
397.65,438.73964526589356,36.072985826603215
415.15,454.4825624525895,36.104719612445564
505.15,538.115438820272,37.73855715531155
605.15,534.9979692261102,36.21134366557828
361.65,415.14366722722343,36.09181932077999
424.15,436.4168138074415,36.112299851328395
539.15,531.1129796857545,36.159519716954996
535.15,531.1129796857545,36.15951971695499
623.15,665.665406485073,39.21927510474032
504.15,533.5752001004498,36.369994550598705
296.15,318.3562198528114,41.21888140229311
252.05,357.1243902289711,40.057012170772914
286.15,365.24270662792287,36.615516974165544
345.95,460.0283187079181,36.1932400993767
461.15,480.59699856543364,36.12646173496422
481.15,523.1689421347417,36.43376362322877
406.75,438.12942722848476,36.08695508535402
465.15,459.48647915080187,36.49206956446401
437.15,452.79130883606206,36.14808657108162
420.15,434.5601540173212,36.123793743478764
469.15,496.79059428284125,36.580446772824885
408.15,408.9621260114102,36.41798273589823
535.15,544.9533790577832,36.203778596923364
490.15,493.1388252041688,36.2910277556965
573.15,599.2895502004778,37.09479340808164
442.15,453.69127229880064,39.046798257754894
435.15,441.28808565915733,36.32513112929574
547.95,520.8895071625889,37.0327611651978
507.15,448.74822665030126,36.19386786247512
525.15,509.85379183716645,36.247259944942876
523.15,509.85379183716645,36.247259944942876
534.15,509.85379183716645,36.247259944942876
508.15,519.7219938375757,36.20531413117966
530.65,562.7376869428946,36.505646333837
540.15,562.7376869428933,36.50564633383699
396.65,463.85810486721607,36.279280912694794
484.15,469.1274248723369,36.30041172126037
524.15,532.0594483913351,36.33644819062762
544.3499999999999,514.5896402767007,36.62902609750373
436.15,453.30933656789557,36.21384563362575
328.54999999999995,344.45013464342185,36.539160844618316
494.65,500.52642765815375,36.300881607856745
462.65,461.21439468390196,36.14633760138016
524.15,522.2417173183096,36.05588735404981
534.15,529.319877607175,36.174425752951095
459.15,434.09854078396233,36.70342477773116
574.15,626.2957539186582,38.0763567566481
419.15,440.97094914522495,36.11488284778539
339.04999999999995,326.8475456356133,37.10517273533301
502.15,488.4983287093606,36.406162753609365
558.15,546.1916102949184,36.629197373535135
464.15,437.63133335310084,36.39833285654205
536.15,467.715374307498,36.05323461145999
480.15,512.0959298532903,36.19219907303571
509.15,495.4830845486285,36.741221066432466
503.15,472.8188673726855,36.0389285023395
469.65,431.7784450456793,36.1157582346522
417.15,403.6842607883299,36.26280262452461
533.15,542.0503891014699,36.214725528988936
460.15,473.6834507915185,36.38808851825893
523.15,539.1089474007596,36.430256008602896
357.15,391.8059379846534,36.28462469266714
545.15,549.5167622751543,36.28274319707223
420.15,505.5538353935553,36.07792335993333
468.15,479.7800564849239,36.207391337429804
543.15,521.8085818943148,36.08544001160776
377.15,392.5397248166953,37.1806739477906
413.15,421.73671251898264,36.40902530797692
439.05,354.7242996313704,36.38983415426925
280.45,298.0778831166807,38.72523608022147
409.15,418.2364141465698,36.09413875030541
539.65,495.4377266429416,36.03142099470972
450.15,438.1306432153355,36.092426010938176
423.45,426.04335489161815,36.12730728814654
436.65,426.4699075528134,36.12499819762418
397.65,426.04335489161815,36.12730728814654
354.15,320.7425953849744,37.45121747479436
496.15,489.78653711869345,36.047918115476065
488.15,489.78653711869345,36.047918115476065
487.15,489.78653711869345,36.047918115476065
484.15,489.78653711869345,36.047918115476065
501.15,489.78653711869345,36.047918115476065
490.15,489.78653711869345,36.047918115476065
480.65,463.42015982934157,36.05470242293986
479.65,463.42015982934157,36.05470242293986
488.15,463.42015982934157,36.05470242293986
466.15,431.7609989112061,36.30449669471876
545.15,490.6291175935753,36.1937515079655
537.15,493.00628353630884,36.03740177078959
480.65,495.74724367963574,36.15877384596301
478.15,511.20412115927456,36.07338453978567
469.65,495.2143872081831,36.02541568067113
491.65,522.7587023783287,36.04795974023002
452.15,447.9797897093857,36.31146189987234
459.15,415.55442123611874,36.39395214097235
374.15,413.501729041825,36.177782266390246
427.15,382.57392788345965,36.57999250247688
435.15,396.4482829667533,36.27690303715122
478.15,490.30710984039365,36.279841220853505
444.15,465.09633317775524,36.23514568566937
507.15,468.6573381048817,37.22767917816587
274.65,381.01056630210496,37.16280451071871
623.15,611.1991891267353,37.752784348201736
377.15,377.0283759502591,36.20832891088384
393.15,397.65508454386054,36.11159674560119
403.85,403.1421654597872,36.10918080359028
450.15,456.42321418472454,36.30422609425973
457.15,508.8320609697575,36.04024080059539
335.54999999999995,331.2309537538997,36.69005106781491
355.15,346.7809057783031,36.641402874850414
540.15,454.3530155623805,36.11954572680767
557.15,515.164579102936,36.035760225572325
415.15,432.7180397419378,36.10536395243772
420.15,433.18527258077285,36.16172200054828
523.15,520.0787350951787,36.32606580714124
577.15,520.0787350951787,36.32606580714124
555.65,549.8014892294257,36.18054493459246
513.15,544.8697819150759,36.117444327882346
524.15,544.8697819150759,36.117444327882346
499.15,544.8697819150759,36.117444327882346
547.15,544.8697819150759,36.117444327882346
513.65,544.8697819150759,36.117444327882346
516.15,544.8697819150759,36.117444327882346
437.15,450.7174485268583,36.0736713833183
401.15,429.74785862092557,36.17349326731582
417.15,429.74785862092557,36.17349326731582
449.15,385.3346153755266,36.33107812929699
338.15,326.84754563561336,37.10517273533301
402.15,406.33411281945655,36.22430711360255
378.35,427.0669365383168,36.108768378699295
355.15,386.90530847251,36.14594687963602
434.15,475.9299297259051,36.12662424590811
425.15,475.9299297259051,36.12662424590811
428.75,475.9299297259051,36.12662424590811
491.15,454.3530155623805,36.11954572680767
508.15,515.4290785366037,36.171761383777536
469.15,453.26905874751253,36.10305025854889
434.25,449.3347880269079,36.056130051138084
431.55,449.3347880269079,36.056130051138084
430.15,449.3347880269079,36.056130051138084
417.15,449.3347880269068,36.056130051138084
452.25,449.3347880269079,36.056130051138084
445.05,449.3347880269079,36.056130051138084
432.15,475.9299297259051,36.12662424590811
438.15,423.4073673702179,36.12239978321277
440.58,423.4073673702179,36.12239978321277
540.15,539.8565028030337,36.09195050036103
541.25,539.8565028030337,36.09195050036103
533.15,539.8565028030337,36.09195050036103
475.65,473.80032591911265,36.063705670241305
418.75,446.3790046922719,36.0714395559386
431.15,446.3790046922719,36.0714395559386
542.15,435.7844106368601,36.12298965504459
592.15,566.149482531647,37.046455806680996
569.15,566.149482531647,37.046455806680996
570.15,566.149482531647,37.046455806680996
578.15,627.6379153703207,40.35979815591907
458.65,531.7522827535155,36.458562412577685
442.15,515.6018464237118,36.59475779742839
644.15,601.7010607400404,38.57696820426969
467.15,539.7564771956771,36.416192884880225
459.15,538.510708691342,36.368715687761565
580.8499999999999,567.5258291216387,37.62035815797204
477.15,474.41888896056315,36.38412539075155
578.25,548.6452874856304,36.18754235540768
604.15,592.4802702029314,37.139623352623666
633.15,641.5285284430963,38.122248317417935
523.15,596.7651288541052,36.7326704525601
633.15,621.5646166084391,37.57623488665741
602.15,587.4067204723175,37.112621339652925
500.15,450.12051366904967,36.436539951745154
380.65,392.78259439046064,36.278669619569136
572.15,577.3442817106835,36.687185694204764
549.25,543.0462771648507,36.33000970750911
528.15,514.1270386579225,36.49197089392567
498.15,558.3120491580114,36.319811865285864
498.15,558.3120491580114,36.319811865285864
390.05,385.6324855743678,36.868412197159685
443.45,397.8963029297501,37.08176028877651
506.15,500.9882584686326,36.01443645975702
521.15,500.9882584686326,36.01443645975702
527.15,500.9882584686326,36.01443645975702
568.15,553.6288819685989,36.25451127841587
559.15,503.0933129339773,36.77534083514644
381.15,389.95340713064667,36.143144700870465
540.15,554.7483941281669,36.24097744054856
556.15,554.7483941281669,36.24097744054856
572.15,552.3389557460368,36.3226874278688
444.15,447.63103882087046,36.080442167407654
478.15,403.15235027099527,36.097273354625734
289.75,311.95219085241774,37.84816277974631
422.15,429.6169983525929,36.10862512918782
544.15,544.2402224142572,36.15108236046119
567.15,544.2402224142572,36.15108236046119
583.15,544.2402224142572,36.15108236046119
451.15,445.4114697380141,36.16855232203832
486.15,484.8297273938186,36.03853134169257
487.15,484.8297273938186,36.03853134169257
490.35,484.8297273938186,36.03853134169257
477.15,459.06256610051224,36.06916561118083
514.15,535.4589106643944,36.097874818764915
494.15,463.4844635287443,36.29993577636958
458.15,407.52637271993973,36.10412362163557
489.15,473.67923490703345,36.072031718963686
463.65,543.8058189062613,36.176933407627054
388.65,459.4446816038323,36.12004103501964
309.65,311.76371838958886,37.90589185488875
407.65,413.3159833328194,36.45433325990843
453.65,514.0720804534606,36.03052791215363
470.15,462.95739620172634,36.06550518715077
564.15,528.8684073972242,36.21429383424256
564.15,528.8684073972242,36.21429383424256
327.15,302.0338933775096,38.494465156815835
402.15,426.52187629981415,36.09951870616014
449.15,430.3461700407028,36.23139358852872
445.15,454.27440274649393,36.15883157734551
374.15,369.2232242763358,36.703226611626654
404.15,403.1421654597872,36.10918080359028
329.15,338.30241637173333,36.626778104470695
341.15,362.01321054882806,36.319345267935056
387.15,416.99442398115343,37.03568101946966
377.85,387.8745689083314,36.27772148316618
307.35,319.6823619461645,36.90037665952897
504.15,505.55274985217756,36.01220376256847
489.15,481.9563724637558,36.08485417964327
494.15,481.9563724637558,36.08485417964327
490.15,481.9563724637558,36.08485417964327
477.15,447.9797897093857,36.31146189987234
442.15,407.17124350410916,36.23389304382817
471.15,466.6115666382202,36.047598604138315
453.15,466.6115666382202,36.047598604138315
578.15,546.354720403434,36.195431510570465
290.65,333.79138532430966,36.72776520519109
505.65,542.0117390541404,36.09344168833005
518.65,542.0117390541404,36.09344168833005
570.15,590.9742966202934,36.57338939603492
459.45,590.9742966202934,36.57338939603492
463.65,510.56943813151224,36.0563383661547
533.15,510.20981301323445,36.26324174078446
487.15,516.9786182311449,36.0586063120613
546.65,533.5611526478601,36.30531143208408
451.15,466.6115666382202,36.047598604138315
358.15,362.53830055363585,36.314823895667026
468.55,498.52519117976254,36.14019986541287
490.15,498.5251911797622,36.14019986541285
422.15,444.81001829501116,36.05325779080073
439.15,444.81001829501116,36.05325779080073
441.15,444.81001829501116,36.05325779080073
516.15,508.77191169803547,36.105306273878384
494.15,508.77191169803547,36.105306273878384
494.15,508.77191169803547,36.105306273878384
417.15,449.43251061102717,36.22956623669806
487.15,486.26309127038155,36.07698730328451
448.15,443.7135158865682,36.06343351631823
461.15,443.7135158865682,36.06343351631823
455.15,443.7135158865682,36.06343351631823
505.15,506.2717602973187,36.0134577617143
501.15,506.2717602973187,36.0134577617143
456.15,461.53021930215226,36.08463751065195
461.95,490.74274854796687,36.05083358834902
569.15,588.4413325029079,36.70202965167342
470.15,508.0015651734904,36.02471941309839
478.15,508.0015651734904,36.02471941309839
398.15,399.1993829120739,36.19806268415787
380.15,399.1993829120739,36.19806268415787
642.15,531.0771288002587,36.23362009827499
723.15,714.2888556955209,47.814481721921595
420.15,469.5439117607589,36.3265615782042
418.65,446.7756305050272,36.09547782681569
609.15,597.289744924355,37.847837065824685
622.15,616.2825549471413,37.80754442158485
468.15,517.2409290960072,36.09406371982476
414.15,436.6426983486268,36.13009441764034
413.15,436.6426983486268,36.13009441764034
497.15,499.3337257065335,36.03198189276095
456.15,462.96793942437165,36.08013476561424
426.15,436.9810056376672,36.12747119715106
606.15,607.7667275266,37.74243994943576
594.15,585.7905751405864,37.5958419254507
603.15,569.6098181893669,39.623006468961826
409.15,422.4946278561389,36.12919944210813
442.15,448.1614496224379,36.0744855359298
531.15,463.42936610689935,36.06251592690019
470.15,480.50705639554235,36.05508980308316
568.15,525.5823720643602,36.859324645027016
436.65,448.9196179506902,36.0969128017371
405.15,417.41699213540136,36.15918847038517
492.15,449.7931895291382,36.79223483158937
457.15,441.0904764708202,37.15768267557661
491.15,441.1483553366809,37.16944310349829
486.65,537.5539792922787,36.09015688024958
662.15,645.2875697786235,42.1907252098022
530.15,401.27348051803614,36.31989933024851
494.15,507.32321801904607,36.02338494096783
542.15,501.9991878036602,36.124113622223724
527.15,472.34246914919913,36.04531800027213
458.15,443.276015615324,37.274120663893555
563.15,563.536550616383,37.725577400149064
553.15,563.536550616383,37.725577400149064
561.15,563.536550616383,37.725577400149064
341.95,371.1672560063314,36.351939075795634
480.15,446.73320498164514,36.100165658615616
353.15,352.61285506934087,36.88318095564276
379.15,383.9828685866557,36.30505498390631
341.15,382.80172322957554,36.404653980280074
448.15,482.9922657915451,36.068159079954036
458.15,476.0915280531518,36.100376233175666
469.65,476.0915280531518,36.100376233175666
460.15,476.0915280531518,36.100376233175666
542.15,543.3200489620764,36.17734065324699
347.65,355.5123666116689,36.38269774548175
372.15,413.8048075240917,36.476048478236144
304.95,340.5957252110335,36.66571670347845
442.15,461.1576731094112,36.110873793816744
494.15,501.4914436895052,36.01069930490213
501.15,501.4914436895052,36.01069930490213
476.15,476.54340844242984,36.110865182126375
456.15,429.193841706985,36.11071241829764
380.15,404.883951383111,36.21018936170073
326.45,343.97663825588563,36.5445769038295
514.15,521.8769151754802,36.05582071704502
307.15,350.0820476687821,36.46273145227278
467.65,429.61027775227274,36.63707424632765
369.35,392.2939382702157,36.28161406307188
455.15,461.74523409696656,36.05957082685226
516.3499999999999,499.6661587508861,36.03936802651081
368.55,377.10608727791544,36.37240725903017
492.15,427.02681207036153,38.200523935074365
485.15,495.74724367963574,36.15877384596301
394.15,407.1841434534201,36.24499593352488
494.15,484.0500148428002,36.03964378330667
524.15,484.0500148428002,36.03964378330667
516.15,484.0500148428002,36.03964378330667
568.15,540.2684479605166,36.083787872844745
559.65,538.7318158303349,36.101165491643386
501.15,500.9882584686326,36.01443645975702
509.65,500.9882584686326,36.01443645975702
528.65,523.2571543500028,36.092001588010696
529.65,523.2571543500028,36.092001588010696
368.15,370.00616043289403,36.34908640441412
476.15,479.60632559609377,36.111051291511764
370.15,389.35794923475385,36.145605166683595
315.54999999999995,319.8163449175652,36.91189359600909
508.15,504.7511852164522,36.01183579137605
521.65,504.7511852164522,36.01183579137605
604.15,584.7026079224291,45.49006728673149
577.15,541.7513285005618,36.149984398154814
613.15,612.172877801924,37.57184534812001
386.15,389.95340713064667,36.143144700870465
438.55,429.62058498617336,36.10387233822123
415.15,443.64345545452034,36.05661968923486
451.65,443.64345545452034,36.05661968923486
466.15,443.64345545452034,36.05661968923486
579.15,536.642279851576,36.1042713908612
481.15,383.2652238145396,36.29530435000082
580.15,525.2077990204074,36.0575551434934
363.15,400.96463511393915,36.36088114282774
266.75,267.34077248439075,43.75173186348931
529.15,528.3616778373843,36.067177086700525
584.15,497.5685577748885,36.11914801933258
473.15,466.1089401535318,36.11013147675825
476.45,466.1089401535318,36.11013147675825
474.15,466.1089401535318,36.11013147675825
470.15,441.6364037323777,36.05854338061619
464.15,437.8013903349157,36.471766155374
567.15,504.583215515291,36.01113751267999
515.65,523.9902080312814,36.115206923815286
504.15,520.3401886672749,36.08921391912855
565.15,527.9593184005439,36.29116027699616
557.15,527.9593184005439,36.29116027699616
528.15,527.9593184005439,36.29116027699616
538.15,527.9593184005439,36.29116027699616
546.65,527.9593184005439,36.29116027699616
483.15,497.5467718516482,36.01780675317045
479.15,476.982271722972,36.10869851585352
479.15,484.8297273938186,36.03853134169257
476.65,484.8297273938186,36.03853134169257
468.15,484.8297273938186,36.03853134169257
453.65,459.06256610051224,36.06916561118083
496.15,513.5131385267172,36.06617556387437
478.15,511.928520729056,36.20759539971611
488.15,511.928520729056,36.20759539971611
491.15,511.928520729056,36.20759539971611
511.15,517.0472385407958,36.05870324691317
707.15,642.0968673908372,38.1433826623871
473.65,502.9476644300894,36.01603910179811
466.15,479.4267362139029,36.03611112274896
499.15,447.9718748551417,36.069234809546344
369.15,390.68209943962245,36.12895390248931
350.15,386.90530847251,36.14594687963602
354.15,390.0830583539854,36.131398177576806
396.15,430.0618233972957,36.11673724273938
402.15,430.0618233972957,36.11673724273938
414.15,434.3110744682974,36.16599180026619
352.65,376.4938480173226,36.23398053850699
464.15,387.11996564726667,36.26467452492567
638.15,574.7657795037525,36.39669867027304
476.15,459.44468160383377,36.12004103501964
458.15,450.69816479710437,36.2706374236745
467.15,450.69816479710437,36.2706374236745
484.15,450.69816479710437,36.2706374236745
598.15,577.5810282237305,37.3865297029933
558.15,577.5810282237305,37.3865297029933
567.15,530.2813076393347,36.36983512136082
388.65,405.365382794709,36.20954333930968
432.39,424.3714072420233,36.23871637525339
422.15,441.0352937412779,36.07022368059945
428.15,441.05092257553235,36.32959933890375
422.15,436.6426983486268,36.13009441764034
405.65,436.3059029416471,36.13280361260911
468.65,516.8392069721572,36.09226659988881
356.15,328.2621666814151,37.97042824950141
322.15,313.747406731762,37.637082001753384
540.15,431.1483239230423,36.13221910550908
536.15,431.14832392304316,36.13221910550911
546.15,496.1582053594079,36.029643206648224
539.15,496.1582053594079,36.029643206648224
540.15,496.1582053594079,36.029643206648224
539.15,496.1582053594079,36.029643206648224
311.45,313.739589969565,37.14305371370865
525.15,518.1324290444287,36.03173414772162
526.15,518.1324290444287,36.03173414772162
400.15,405.00461608327845,36.109612275292946
396.15,405.00461608327845,36.109612275292946
544.15,558.5511939149374,36.554958735398706
528.15,529.553902041431,36.18487497825735
533.15,514.3327654114344,36.237807783254674
603.65,585.8888994514374,36.606550354925005
567.65,534.2910283169123,36.093114489959916
261.15,311.44420791081905,37.26213563376039
578.15,563.0303194913145,36.931631315449906
548.15,578.627104355886,36.40027760120705
460.15,420.7361244090137,36.10532846640752
406.55,446.59209758382883,36.060572078801975
360.65,405.0046160832784,36.10961227529293
361.15,405.0046160832792,36.109612275292946
361.15,405.00461608327845,36.109612275292946
384.15,405.0254217613864,36.095658592296
543.15,525.3733096208741,36.844914163450404
428.15,448.4959855771488,36.09643703655548
569.15,525.2077990204074,36.0575551434934
576.15,525.2077990204074,36.0575551434934
529.15,490.62911759357485,36.193751507965494
558.65,549.6773937929488,36.1820231726609
589.15,567.6338951558511,36.40115992036016
553.15,501.32356183234106,36.435766986010876
502.15,469.57412430798587,36.04643116287302
591.15,593.1935246524575,36.60218344279784
426.15,439.3783817364745,36.07999904469803
399.15,412.64283957648763,36.16606096510453
490.15,430.5699281520716,36.104902351390606
480.15,403.15235027099556,36.097273354625734
404.15,445.03366363094955,36.17585909213759
375.15,405.94518769884894,36.291927427682964
337.15,341.4666341920942,36.58100560523092
336.15,344.4501346434222,36.539160844618316
356.15,334.8967402512387,36.68970094670376
402.15,457.53990534892046,36.16109037385978
477.15,431.1483239230423,36.13221910550908
479.15,431.1483239230423,36.13221910550908
487.15,457.53990534892046,36.16109037385978
495.95,492.8171504667553,36.205510235981215
500.15,492.8171504667553,36.205510235981215
481.65,492.8171504667553,36.205510235981215
475.15,468.7121783506877,36.10918346607015
402.55,428.26315441126246,36.1154266278715
417.25,428.26315441126246,36.1154266278715
418.45,428.26315441126246,36.1154266278715
477.15,491.94786447280717,36.047226195491355
411.15,457.53990534892046,36.16109037385978
415.15,457.53990534892046,36.16109037385978
426.15,457.53990534892046,36.16109037385978
421.15,394.3931102080893,36.164383941643194
416.15,394.3931102080893,36.164383941643194
521.15,454.3743339389384,36.09440268891235
520.55,518.1324290444287,36.03173414772162
524.15,518.1324290444288,36.03173414772159
539.15,518.1324290444288,36.03173414772159
530.15,518.1324290444288,36.03173414772159
538.15,518.1324290444288,36.03173414772159
531.15,518.1324290444288,36.03173414772159
520.55,518.1324290444287,36.03173414772162
540.15,563.1808081758448,36.59986149553442
517.15,539.1204031797206,36.13810981825849
401.92,424.61676925328527,36.12196141085985
406.35,424.61676925328527,36.12196141085985
507.15,518.2198078037818,36.03513540702353
545.65,518.2198078037818,36.03513540702353
406.05,427.3602774795343,36.32703283637139
401.35,397.22110653031757,36.10808173843796
572.15,560.423275977468,36.51333097997001
580.15,560.423275977468,36.51333097997001
565.15,547.8161776206834,36.14198213004308
573.8499999999999,531.9049331641504,36.09061139529279
579.3499999999999,531.9049331641504,36.09061139529279
744.15,670.2924554170055,40.32552642460085
573.15,629.2454549879827,38.09431968805423
558.15,551.3996915746629,36.72945255305134
585.15,551.399691574662,36.72945255305136
601.15,551.3996915746629,36.72945255305134
545.15,542.128318749162,36.08933550495299
531.15,542.128318749162,36.08933550495299
532.15,542.128318749162,36.08933550495299
585.65,564.6183730527989,37.11408531209858
483.85,509.68335118272404,36.12673646970075
540.15,568.8143763744698,36.90577378382782
543.15,562.6836987317431,37.31662799044688
593.15,560.0344853294724,37.66490455586914
549.65,584.4230495291415,36.418485433993915
593.15,599.4943887867279,36.81368028561782
613.15,599.4943887867279,36.81368028561782
425.95,449.61243289724456,36.06370247784075
478.15,502.3274363358371,36.04258231310404
479.65,455.9755074569082,36.074026429171525
387.25,411.7771703993539,36.19992773138086
468.15,479.55037510302134,36.67845785460168
371.65,408.6370416114298,36.21828540970016
523.15,539.1187468594607,36.079212105494214
466.15,484.40398010871894,36.06167993832631
374.34,376.54090305082207,36.66619185370528
509.15,522.3902835431857,36.06142763626066
587.15,575.4176584199901,36.54044835616146
481.65,520.8243539304519,36.15174855116138
445.65,465.39348351002906,36.05224929706924
427.15,464.9949573375203,36.052894284403976
489.15,553.1099997711766,36.77118687294386
593.15,616.3768722321158,37.297984909155794
475.15,566.6250917708331,36.612144755660594
404.35,433.02604100197823,36.11431813996651
393.35,432.5634601135341,36.113141597621684
445.15,371.96190893994657,36.51687746481889
419.15,325.38706800926605,37.004385665078715
479.15,430.1665115458184,36.620472030050024
320.15,338.1457888059837,36.65328947424113
497.65,506.6657524040658,36.053618923188985
494.05,525.7909432126545,36.084412337777664
505.25,525.7909432126545,36.084412337777664
511.81,525.7909432126545,36.084412337777664
490.15,501.56344640224165,36.72844882290333
475.95,501.56344640224245,36.72844882290333
528.15,541.1756416725647,36.10030145400907
498.15,499.1998415488531,36.03032559484223
471.15,471.938069558911,36.2221653595042
635.15,630.6591326061755,38.77948236939578
623.15,612.206113670021,38.93402717352328
512.15,499.53306723200023,36.06474891287575
498.75,514.0261408146032,36.03234116746654
475.15,481.9733514221732,36.04771200556631
451.75,454.58033718597176,36.15683443076738
583.15,580.8913907324494,36.862210682751616
465.15,445.18072639086097,36.89078098730232
447.65,466.2546828791339,36.473876389441784
423.15,411.2516440358052,36.28481471836862
342.65,377.10608727791544,36.37240725903017
479.15,536.6736361511256,36.40528924147035
553.15,553.104495091675,38.304957232429885
585.15,570.6772168538956,37.659380517474794
426.65,449.00604263149836,37.93021592705878
435.15,477.62767008147966,37.356822405935176
498.15,448.39137986014043,36.06962667187244
362.15,390.68209943962245,36.12895390248931
451.15,464.27603845124855,36.13625015809443
559.15,498.18058680389,37.23437817982686
413.15,430.51725570605873,36.11835039241105
442.15,482.20119912318233,36.29522556434504
417.15,434.41493531826825,36.166774602412616
413.15,427.25650292605565,36.133227031978926
489.15,502.13706804551924,36.09370084446407
377.85,391.2823104626757,36.12660131037352
533.65,534.7245736673971,36.144161193966205
377.65,414.1371591386892,36.47053943317637
356.15,420.2103803629649,39.26634045027586
547.15,583.7556670654532,45.68444455357654
623.45,575.8694217762077,36.40797418170036
633.15,584.9584622427021,36.49972018592157
682.3499999999999,584.9584622427021,36.49972018592157
644.15,589.864489030364,36.669177531904204
581.15,581.3711900970245,36.40966944292194
677.15,657.594430730124,38.724295387172965
613.15,589.1151516462681,36.515450578955004
603.15,589.1151516462681,36.515450578955004
586.15,588.3463409775878,36.494915192907634
627.15,588.3463409775878,36.494915192907634
584.15,591.0012042988585,36.618810911621125
577.15,578.4596972450581,36.39865625367143
555.15,582.6325159402084,36.41925588387594
644.15,607.4379396202255,37.10968195097614
553.15,530.9401043482187,36.13396395700998
518.15,543.2055133578305,36.504014525045854
562.15,566.5237344501594,36.40043228085829
517.15,485.1098733601422,36.159568680374356
613.15,535.8230733322306,36.10947531118319
483.15,518.2140266592498,36.37706133112716
439.45,453.92943563888514,36.084249650727934
583.15,579.846472155468,36.40300059752937
468.15,501.7078933517505,36.01536971562131
458.15,484.24820632312395,36.043317092381336
668.65,618.0258887907894,37.41168719883071
530.15,530.2641818412294,36.137771813946145
495.35,521.1331948340546,36.05554470473348
522.15,524.0068353166513,36.136833931676584
536.95,524.0068353166513,36.136833931676584
471.15,497.5467718516482,36.01780675317045
476.65,497.5467718516482,36.01780675317045
595.15,582.3614010680757,36.60750203264295
544.15,538.1108164144092,36.08002886231222
547.15,538.1108164144092,36.08002886231222
554.15,538.1108164144092,36.08002886231222
590.15,583.739081474168,36.41212792441608
588.15,583.739081474168,36.41212792441608
543.15,513.4274227445667,36.02877173744546
636.15,603.6167950846929,36.89702216094113
505.65,533.6198012772552,36.203207060145274
511.15,536.454179750227,36.24441141081015
589.15,521.9081674075206,36.1091707175421
421.78,425.70989025618087,36.094542469455554
379.34,392.6678176740838,36.12538603110322
477.15,511.03565705585856,36.06856597774001
500.65,511.03565705586027,36.06856597773999
473.15,476.4940857918402,36.065503381717406
533.15,462.03847886947165,36.1382708787409
549.15,549.3329940839293,36.167487759080004
405.15,438.20044651301237,36.564072232752245
486.15,409.4005813732823,36.218391588058765
391.15,425.7027125849536,36.27399026519952
412.35,426.0353308477533,36.276912806175794
370.45,360.22498329422507,37.212376297148964
463.15,475.24705013279805,36.682383401663785
406.15,438.15294044929203,36.56241632220101
441.15,454.79458987834414,36.11585045903806
320.36,341.03394981995154,36.66588398092852
456.15,461.5305476759968,36.11306860828568
502.15,501.82872474312876,36.01048337941124
493.15,476.98227172297277,36.10869851585352
469.15,429.6169983525929,36.10862512918782
340.15,323.74560939019847,36.845728315475775
358.54999999999995,356.01521516683704,36.37758175077983
317.15,350.55300595126903,36.45632396063281
439.65,451.683707089248,36.15697787661294
509.15,522.455427055266,36.04348389175948
488.15,443.8872039421107,36.09143501245231
443.15,462.1329481729059,36.05836727955745
462.15,462.1329481729059,36.05836727955745
357.15,329.41670385633336,36.8873842526698
389.45,434.16450176029,36.185497183311256
460.15,401.27348051803614,36.31989933024851
481.15,434.16450176029,36.185497183311256
525.15,470.4570650644486,36.31259623875361
546.15,470.4570650644486,36.31259623875361
388.35,400.63734413059035,36.171520171912896
497.65,509.7847198393043,36.56102603633012
476.15,509.7847198393043,36.56102603633012
459.15,509.7847198393037,36.561026036330134
558.15,527.7751346262432,36.907662089641
486.15,507.9000321228021,36.12527932674949
476.15,488.31878963829746,36.17633101561813
499.15,488.31878963829746,36.17633101561813
503.15,488.31878963829746,36.17633101561813
539.15,505.54026683785816,36.29322716767708
533.3499999999999,532.8512929000335,36.15895642443271
557.15,532.8512929000335,36.15895642443271
623.15,461.4241397279777,36.175002549042404
553.15,461.4241397279777,36.175002549042404
482.15,491.95086307071773,36.054615491856666
498.15,491.95086307071773,36.054615491856666
497.15,491.95086307071773,36.054615491856666
580.65,574.9162951430847,36.63578703007099
468.15,488.51597430315985,36.64950984946022
396.95,434.16450176029,36.185497183311256
402.89,365.0491079299601,36.46337480440584
359.75,367.2060452517577,36.38962538434881
543.15,531.4362792368853,36.067390096156444
524.3499999999999,440.7544159315645,36.16917079274965
493.15,464.2018226877948,36.092280780543376
365.45,425.9954890036881,36.60303128345862
510.15,521.9081674075206,36.1091707175421
583.15,549.4802874661806,36.30046368087737
510.25,499.6661587508861,36.03936802651081
633.15,551.445819900166,36.32321278400889
540.15,551.445819900166,36.32321278400889
500.15,521.9081674075206,36.1091707175421
634.15,557.5931481761531,36.565030873896724
705.15,530.0213133662221,36.52024119244198
569.15,490.25624925200344,36.45860411109854
539.15,463.34128857681236,37.49504122118425
473.15,489.0826653438303,36.07878584334456
643.15,629.2454549879827,38.09431968805423
577.15,611.6030159304519,38.08217381871621
523.65,519.1754122912159,37.65224707834234
496.15,495.0861451432455,44.72588209851055
562.15,553.216531665533,37.10298788587944
614.65,591.1792299015779,36.71378026096135
465.15,451.7551123639414,37.18265175137093
425.15,437.62513621073515,37.255015873758396
481.15,476.5212429024168,36.701404451092515
331.65,502.7202583724433,36.737636690638304
600.65,555.801046626019,36.26760415935009
426.15,437.05651902653386,36.081435155952214
505.65,495.7050067465001,36.0242222910697
557.15,534.3433187245664,36.14473374626089
551.15,533.6491792408913,36.07681745572443
447.15,462.79741973124317,36.081344342443536
390.15,392.9270719383172,36.14288946359057
523.65,495.7050067465,36.02422229106973
496.65,499.91134310069594,36.01616266521085
562.15,514.7739081850369,36.04184714355073
469.15,472.1961325575933,36.2992040894884
488.65,479.6552442396636,36.47100594366774
533.15,479.6552442396636,36.47100594366774
441.15,427.1818870066603,37.46701631019332
394.15,382.1669648590354,37.31854920157974
482.65,451.7551123639414,37.18265175137093
356.65,344.89195065801596,37.30904386586935
461.65,522.7244848220228,36.11286301782214
426.15,464.1574736616302,36.2410908468161
478.15,522.5507344762955,36.10312936647445
417.15,410.32421425506175,37.46543772377788
466.15,517.7204576836318,36.043179954094235
450.25,408.05965751934474,36.54055140841614
398.75,519.802722126577,41.596363866119496
391.15,463.5048042014521,36.927064704087776
367.15,432.76251029547996,36.11229753203746
477.15,432.76251029547996,36.11229753203749
391.35,394.4010175712156,36.11923375540269
437.65,387.92134429489613,36.152149612409154
505.15,502.21610032208986,36.10765487295837
448.15,419.7063831181292,36.163614738538826
466.15,485.90463273735395,36.147271345947324
477.15,485.90463273735395,36.147271345947324
524.15,545.515477519201,36.22557140766406
430.15,452.26433134219104,36.480584907225364
386.15,452.26433134219104,36.480584907225364
477.15,423.9401342368487,36.53790795093473
477.15,423.9401342368487,36.53790795093473
658.15,664.6737500689346,41.246619093479275
573.15,584.5625868037572,45.579412228386744
480.15,468.6573381048817,37.22767917816587
513.15,476.4213808728298,36.45380092289808
358.85,454.78115013682316,36.37902124678027
565.15,526.2589874512757,36.64035627983736
543.15,526.2589874512757,36.64035627983736
535.15,526.2589874512757,36.64035627983736
561.15,592.8779538140353,37.690855842817705
385.15,478.3395501726928,36.48170066918433
485.65,516.5203864640109,36.454357989081494
465.15,543.7546364229426,36.38564004773219
575.15,561.4588625894337,36.55883805548484
679.15,644.3217417983374,47.49725438687514
546.15,532.6436855862737,36.67580491679553
623.15,562.162745455588,37.24162138271763
361.95,353.0318313536552,36.87038284692956
435.65,383.0696295089841,36.93811128148553
204.35,340.47138085496346,36.84123287668459
309.15,324.1980161663887,38.79953785263342
460.15,458.3634107423094,36.62538249584015
462.15,498.7220136935611,36.48477215110047
534.8499999999999,569.6098181893669,39.623006468961826
467.15,467.7313957329948,37.25214834661333
508.15,512.607583034386,38.679628695952985
275.95,292.2032737123887,39.34197953667672
507.65,509.1758373809494,36.01967651590748
505.65,509.1758373809494,36.01967651590748
528.15,559.3382295190065,36.34743294500765
421.15,448.79672584773516,36.18493587710822
443.15,471.2501479684558,36.04105597532539
443.15,471.2501479684558,36.04105597532539
592.15,559.6241214913265,36.42843616928583
505.65,415.5149211958119,36.176718785932835
588.15,564.3530537239666,39.680830016255484
359.45,566.7581719215531,37.038814590248094
623.15,587.9224143252952,40.99386030962797
652.15,602.0034557571445,45.5880815670333
515.65,513.8448332377469,38.60886005608374
635.15,624.9162455385497,38.00825205712145
426.15,433.499786149041,37.03039945358582
451.15,451.8244644244804,47.855261822697024
402.85,411.0197004453684,47.85414125631338
502.15,509.10077603895917,36.41039715950316
432.65,442.7608231550506,36.057902597598726
435.15,442.7608231550506,36.057902597598726
