Mol. wt.,Log P (JR),logP (CRC)
53.06400000000001,0.6959799999999999,0.2
93.12899999999996,1.2687999999999997,0.9
69.10699999999997,1.31008,0.5
73.13899999999995,0.7436,0.6
101.19299999999993,1.396,1.6
52.036,0.03356,0.1
67.09099999999998,0.91998,0.3
105.13699999999994,-1.4394,-1.4
101.19299999999993,1.3927999999999998,1.4
60.100000000000016,-0.5783,-0.5
107.15599999999996,1.69844,1.6
107.15599999999996,1.69844,1.6
107.15599999999996,1.69844,1.6
101.19299999999993,1.396,1.7
61.08400000000002,-1.0626,-1.3
87.16599999999993,1.0043,0.9
73.13899999999995,0.6011000000000001,0.7
73.13899999999997,0.6141999999999999,0.6
129.16199999999998,2.2348,2.1
31.058,-0.4251,-0.7
107.15599999999996,1.5772199999999998,1.4
83.13399999999996,1.55608,1.1
46.073000000000015,-0.9205,-0.9
93.12899999999996,1.39002,1.1
93.12899999999996,1.39002,1.2
87.12199999999996,-0.3938000000000001,-0.9
61.04000000000001,-0.1071,0.1
89.09399999999997,0.6715,0.8
81.11799999999997,1.47618,1.0
74.12699999999995,-0.7060999999999993,-1.4
59.11200000000002,0.3551000000000001,0.5
80.08999999999997,0.4765999999999999,-0.4
71.12299999999998,0.3697999999999999,0.5
80.08999999999999,0.8137599999999999,-1.0
185.35500000000025,3.6887000000000025,4.0
59.112000000000016,0.1777999999999999,0.3
121.18299999999994,2.00686,1.9
169.2270000000001,2.9358000000000004,2.8
104.15299999999992,-1.4729999999999992,-1.7
119.16399999999992,-1.0972000000000002,-1.1
172.31600000000023,2.0246,1.9
121.18299999999992,1.7526,2.3
200.37000000000023,2.8048,3.0
115.21999999999991,1.9139,2.4
97.16099999999994,2.09028,1.7
135.21000000000004,2.06102,2.9
143.18900000000005,2.54322,2.6
125.21499999999992,2.870480000000001,2.8
69.06299999999999,0.6745999999999999,0.1
85.14999999999995,0.7599,0.8
95.023,1.07228,1.1
135.16600000000005,1.6449999999999998,1.2
101.10499999999996,-0.3309999999999999,-1.4
179.2220000000001,3.3880000000000017,3.4
133.19400000000002,2.2845000000000004,2.5
85.14999999999993,0.734,0.9
122.17099999999996,0.7275,0.7
125.19599999999996,1.5575,1.4
118.13899999999995,1.14048,1.1
89.13799999999995,-0.2839999999999999,-0.4
171.2840000000002,1.5224,1.4
109.12799999999996,0.9743999999999996,0.6
135.16600000000005,0.8280000000000001,0.8
135.16600000000005,1.4713999999999998,0.8
75.11099999999996,-0.6741000000000001,-1.0
75.11099999999996,-0.6741,-1.0
57.09600000000001,-0.0203,-0.1
117.15099999999995,1.75268,1.6
108.14399999999996,0.851,-0.3
136.19800000000006,0.6040000000000001,-0.3
131.178,2.14278,1.7
118.13899999999995,1.5628999999999995,1.3
179.2220000000001,3.3880000000000017,3.5
136.17900000000003,1.6912999999999998,2.0
151.19000000000003,1.5895999999999997,1.8
135.12200000000004,1.1210999999999998,1.2
107.15599999999996,1.1453,1.1
183.2540000000001,2.8596000000000004,3.2
135.21,1.7961,1.8
149.23700000000014,2.1846,2.3
169.2270000000001,2.672400000000001,2.8
149.21800000000005,2.400880000000001,2.0
156.18800000000007,2.1436,1.7
156.18800000000007,2.1436,1.6
156.18800000000005,2.1436,1.4
146.23800000000017,-1.916999999999998,-2.5
161.24500000000018,0.0731,0.1
225.3350000000001,4.0984000000000025,3.6
172.02500000000003,2.0313000000000003,2.1
196.04700000000005,2.646180000000001,2.5
182.02,2.32078,1.8
200.0790000000001,2.5151000000000003,3.2
186.05200000000008,2.33972,2.0
202.007,2.3573000000000004,2.5
202.007,2.3573000000000004,2.5
157.99800000000005,1.8441,1.4
208.05800000000005,2.997300000000001,3.2
164.02700000000002,1.9056,1.8
78.074,0.5897599999999998,-0.2
67.09099999999998,1.08608,0.8
115.17599999999992,0.9226,1.0
117.19199999999992,0.3667999999999998,0.4
149.2370000000001,2.7823,2.8
149.23700000000014,2.898600000000001,2.8
141.17000000000007,1.24338,1.3
87.16599999999994,1.0059,1.3
191.2740000000001,2.839600000000001,2.5
115.20099999999996,2.00078,2.0
113.15999999999994,0.6766000000000001,-0.1
80.046,-0.39734,0.0
75.49799999999999,0.74878,0.5
127.57399999999996,1.9222,1.9
151.59600000000006,2.40608,2.5
137.56900000000002,2.2116800000000003,2.0
169.63600000000002,2.949700000000001,3.2
188.61700000000005,2.770560000000001,2.3
155.62800000000007,2.4060000000000006,2.7
155.62800000000007,2.4060000000000006,3.1
202.55300000000005,2.1564,1.8
175.54600000000002,2.3873000000000006,2.6
141.60100000000006,2.3817000000000004,2.8
141.60100000000006,2.23062,2.2
141.60100000000006,2.23062,2.9
141.60100000000006,2.23062,1.4
171.58300000000006,2.556620000000001,3.3
171.58300000000006,2.556620000000001,3.4
157.55600000000004,2.2482000000000006,2.2
157.55600000000004,2.2482000000000006,2.4
123.53899999999996,1.238,1.6
225.55300000000005,3.2670000000000003,2.8
169.61100000000005,2.2984,2.1
89.52499999999999,1.13888,0.2
113.54699999999998,1.735,1.2
113.54699999999995,1.735,1.3
163.60700000000003,2.888200000000001,1.6
163.60700000000006,2.8882000000000003,2.4
185.479,-0.3333999999999999,0.7
143.23000000000013,0.8994,1.0
51.048,0.14318,0.5
61.471,0.70628,1.0
135.048,0.2889,1.3
109.17199999999994,2.09028,2.1
159.2320000000001,2.9053000000000013,2.6
155.28500000000017,2.6609000000000007,2.8
127.2309999999999,1.9286,2.0
127.23099999999992,2.0580000000000003,1.3
57.09600000000002,0.1075,0.1
157.3010000000002,3.0858000000000008,4.2
200.2410000000001,2.643299999999999,1.4
198.845,1.62588,1.7
129.24699999999993,2.173,2.4
172.31600000000023,1.7625999999999995,1.3
109.943,1.31368,1.3
162.01900000000003,2.5756,2.9
162.01900000000003,2.5756,2.7
172.014,2.8650800000000007,2.7
163.00700000000006,2.09182,2.5
192.00100000000003,2.9016,3.1
192.001,2.9016,3.1
157.9840000000001,1.8045,2.2
148.98000000000002,1.7834,2.1
147.21800000000016,0.9046,1.0
115.17599999999992,0.8746999999999999,0.3
161.24500000000015,0.3371,0.2
131.21899999999994,0.7105999999999999,0.7
149.2370000000001,2.3936,2.7
164.25200000000012,2.115,2.2
135.59400000000005,1.687,1.4
251.2820000000001,2.05184,2.1
116.20799999999991,0.2054,0.2
87.16599999999993,0.958,1.0
163.26400000000012,2.8412200000000007,3.5
199.2970000000001,3.6860000000000026,4.2
129.20299999999995,1.2648,0.9
116.16399999999992,0.3254000000000002,0.1
159.09100000000004,1.8730000000000004,1.8
185.35500000000025,3.736600000000003,4.5
119.16699999999992,1.6545999999999998,1.9
84.12199999999996,0.008,0.5
70.09499999999997,-0.0345,-0.2
173.25900000000013,3.2940000000000014,2.8
133.191,-0.6623999999999998,-0.8
145.24600000000015,1.0975,1.2
119.16399999999992,0.1243999999999998,0.2
87.12199999999996,0.0945,-0.8
137.18200000000004,1.4582,1.6
103.16499999999994,-0.0711999999999999,0.0
103.16499999999994,-0.0712000000000001,0.0
121.18299999999994,1.88564,2.3
121.18299999999994,1.88564,1.8
121.18299999999994,1.88564,2.5
121.18299999999994,2.03672,2.2
121.18299999999994,2.03672,2.1
136.19800000000004,1.3348,1.8
149.2370000000001,1.9664,1.9
147.17700000000008,2.44464,2.5
115.17599999999992,0.8747,0.6
107.53999999999996,0.9068,0.8
155.2850000000002,2.5647,3.5
185.35500000000025,3.6887000000000025,5.3
88.15399999999994,-0.4932999999999998,-0.7
89.13799999999993,-0.4597000000000001,-0.4
144.26200000000014,1.2412,0.3
96.13299999999995,1.0265399999999998,0.9
97.11699999999996,1.29144,1.2
171.24300000000008,2.905800000000001,3.5
166.18000000000006,1.6607999999999998,2.2
151.16500000000008,2.21164,2.9
151.16500000000008,2.21164,2.5
151.16500000000008,2.21164,2.7
113.20399999999992,1.5369,1.5
101.14899999999994,0.4846,-0.1
102.18099999999993,-0.1032,-0.3
108.14399999999996,1.09344,0.5
108.14399999999996,1.0934399999999995,0.5
122.17099999999996,1.28064,1.3
108.14399999999996,1.0934399999999995,0.6
95.14499999999995,1.63154,1.5
157.2160000000001,2.8516400000000006,3.0
113.18499999999996,1.7599400000000005,1.8
88.10999999999996,-0.4548000000000001,-0.5
168.108,1.503,1.5
244.20600000000005,3.1700000000000017,3.4
106.037,-0.5027000000000001,0.1
134.0910000000001,0.2758999999999999,1.0
157.30100000000022,2.956400000000001,3.4
240.26200000000009,2.2638,2.4
210.3650000000002,2.1559,2.5
181.3230000000002,4.430880000000004,4.7
165.2360000000001,1.3279,0.9
137.18200000000007,1.6675,1.5
137.18200000000007,1.6674999999999998,1.2
193.29000000000013,2.931500000000001,3.1
167.16400000000007,1.9935,2.1
179.2190000000001,2.0437,1.5
87.12199999999994,0.1423999999999999,-0.1
165.1920000000001,1.4455,2.6
165.1920000000001,1.4455,1.9
121.18299999999994,1.8312,1.7
121.18299999999994,1.8312,2.0
145.2050000000001,2.703780000000001,2.5
89.09399999999997,0.1016000000000001,-0.2
169.1800000000001,0.99348,1.0
73.13899999999995,0.5679,0.7
136.19800000000006,1.65584,1.5
167.2080000000001,1.80824,1.7
43.06900000000001,-0.4104,-0.4
117.14799999999993,0.7524000000000002,0.7
89.13799999999993,0.7174,0.5
99.17699999999992,1.172,1.4
135.21000000000004,2.13962,2.4
135.21,2.42682,3.0
135.21,2.1427,2.9
121.18299999999994,1.95242,2.0
171.24300000000008,3.271600000000001,3.2
151.16500000000008,2.1572,3.0
195.1740000000001,1.7715,2.3
163.22000000000008,2.0594,1.6
121.18299999999994,1.95242,2.0
149.2370000000001,2.9852000000000016,2.7
107.15599999999996,1.644,1.7
107.15599999999996,1.644,1.6
151.16500000000008,1.2583,1.3
87.14699999999998,1.22058,1.3
111.11899999999996,1.4079,1.3
111.11899999999996,1.4079000000000002,1.1
135.14100000000005,1.89178,1.9
121.11399999999998,1.69738,2.1
141.10100000000003,1.7339000000000002,1.9
97.09199999999998,1.2207,0.8
130.07800000000003,-0.7977000000000001,-0.9
97.11699999999996,0.7383,0.4
130.23499999999996,0.8543000000000001,0.3
115.21999999999991,1.9155,2.6
100.16499999999994,-0.4306999999999998,-0.5
108.14399999999996,1.59396,-0.3
71.07899999999998,-0.1092199999999999,-0.3
157.25700000000018,1.2878999999999998,0.9
133.19400000000002,1.6326,1.2
117.15099999999995,2.1678999999999995,2.1
249.007,2.1994,2.6
249.007,2.1994,2.7
101.19299999999993,1.204,1.0
103.16499999999994,-0.0232999999999999,-0.1
135.21000000000004,2.3922,2.2
103.12099999999997,0.4901000000000001,0.3
149.2370000000001,2.70062,2.6
69.06299999999999,0.6746,0.1
149.23700000000014,1.837,2.1
123.15499999999994,1.2774,1.2
123.15499999999994,1.2774,0.9
147.17700000000005,1.76128,1.6
137.18200000000007,1.1539,0.8
133.15000000000003,1.5668799999999998,1.9
137.18200000000007,1.2705,0.7
61.08400000000002,-0.2328000000000001,-0.2
137.18200000000007,1.58582,1.2
89.13799999999995,-0.0183999999999998,-0.5
109.12799999999996,1.0901999999999998,1.4
109.12799999999996,1.0901999999999998,1.0
73.09499999999997,-0.2477,-1.1
151.16500000000008,1.0554,1.9
135.16600000000005,1.0462,0.9
131.178,2.3136800000000006,2.1
122.17099999999996,1.1594199999999997,0.9
122.17099999999996,1.1594199999999997,0.6
135.21000000000004,1.7488,2.2
121.18299999999994,1.45372,1.3
121.18299999999994,1.45372,1.3
149.2370000000001,1.9664,2.0
117.15099999999995,1.8667,2.4
149.21800000000005,2.6047200000000013,3.0
133.15,2.13622,2.2
101.14899999999994,0.5178000000000001,0.4
87.16599999999994,1.1337,0.8
83.13399999999996,1.55608,1.1
83.13399999999996,0.3569000000000001,0.0
181.23800000000008,3.629520000000001,4.1
135.21000000000004,2.06102,2.8
182.13500000000005,1.8114200000000005,2.1
74.12699999999995,-0.8354999999999999,-1.1
111.14399999999992,0.999,0.5
115.21999999999991,1.7714,2.1
47.05700000000001,-0.4935,-0.7
82.10599999999998,0.7181199999999999,0.2
131.178,2.4763200000000003,2.6
131.178,2.4763199999999994,2.6
143.18900000000005,2.5432200000000007,2.7
83.08999999999997,0.98302,0.5
165.19200000000006,1.5149,2.3
197.2810000000001,4.047040000000003,4.2
152.15300000000008,1.4854200000000002,1.8
90.08199999999997,-0.2603000000000001,0.6
83.08999999999996,0.98302,0.7
83.08999999999997,0.98302,0.7
108.14399999999996,1.44986,0.5
149.1930000000001,1.95342,0.9
149.1930000000001,1.6693,1.1
183.2540000000001,3.738620000000002,3.8
122.17099999999994,0.9965,1.6
99.17699999999994,1.0059,1.1
87.12199999999996,0.1423999999999999,0.0
71.12299999999996,0.3918,0.4
69.10699999999997,-0.161,-0.1
82.10599999999997,0.7181199999999999,0.6
94.11699999999996,0.7850199999999998,-0.3
108.14399999999996,0.97222,1.0
108.14399999999996,1.1232999999999995,1.1
94.11699999999996,0.7850199999999998,-0.1
94.11699999999998,0.7850199999999998,0.0
81.11799999999997,1.32312,1.1
143.18900000000008,2.5432200000000007,2.5
143.18900000000008,2.5432200000000007,2.6
143.18900000000008,2.54322,2.5
144.17700000000005,1.93822,1.6
139.22300000000007,1.9907,1.8
73.11999999999999,0.8304799999999999,0.9
153.18400000000003,2.711480000000001,3.2
143.18900000000005,2.422,2.2
233.2740000000001,3.2056000000000013,2.0
138.12600000000003,1.1769999999999998,1.4
153.13700000000006,1.6033999999999995,1.7
153.13700000000006,1.6033999999999995,2.0
123.11099999999996,1.5947999999999998,1.9
153.13700000000006,1.0870999999999995,1.2
185.56600000000003,1.9738,2.8
199.2090000000001,3.261800000000002,3.8
129.15899999999996,1.5958,1.8
91.06599999999996,-0.7445999999999997,-0.4
151.16500000000008,1.5057999999999998,2.1
137.13800000000006,1.4633,1.8
159.22900000000016,2.6236000000000006,3.8
117.14799999999994,1.4517,1.8
215.20800000000008,3.387100000000002,3.8
129.14,1.6563,1.6
137.13800000000006,1.90322,2.4
191.10800000000003,2.613600000000001,2.6
149.14900000000006,1.9340000000000004,2.1
143.27400000000011,2.6957000000000004,3.7
205.3450000000002,4.171800000000003,5.0
70.05099999999999,0.0696,-0.2
251.32700000000003,4.348599999999999,4.7
193.074,2.25378,2.1
87.16599999999994,1.1337,1.1
94.11699999999998,1.20386,-0.7
147.2210000000001,2.590300000000001,2.5
169.052,1.7771,2.0
179.2220000000001,3.388000000000001,3.5
180.2100000000001,2.7830000000000004,1.8
185.22600000000008,3.0611000000000006,2.5
185.22600000000008,3.135800000000002,3.1
184.2420000000001,3.0123999999999995,2.8
197.2810000000001,2.9291,2.8
211.28900000000007,3.963300000000001,4.3
183.2540000000001,2.8668000000000013,3.1
144.17700000000005,2.0767,1.9
161.2480000000001,2.1536,2.0
129.16199999999998,2.2233800000000006,2.0
135.21000000000004,1.5763,1.8
197.2810000000001,3.2569000000000017,3.5
155.20000000000007,2.7486000000000006,2.5
183.2100000000001,2.3126,1.9
143.18900000000005,2.6817,1.6
135.19100000000003,2.25978,2.5
130.15,1.6297999999999997,0.6
129.20299999999992,0.3683999999999999,0.2
99.13299999999995,0.2864999999999999,-0.5
73.09499999999997,-0.1182999999999999,-0.7
89.14199999999995,-1.7688999999999997,-2.5
103.16499999999994,-0.0217000000000001,0.0
135.21000000000004,2.5085000000000006,2.5
57.09600000000002,-0.0218999999999999,0.0
143.23000000000013,0.8994,1.0
121.18299999999994,2.0341,1.8
55.08000000000001,-0.4216999999999999,-0.4
80.08999999999997,0.4765999999999999,-0.7
94.11699999999996,0.6638000000000001,0.3
104.11199999999998,0.95328,0.2
109.13199999999998,0.246,0.2
108.14399999999996,0.5403,-0.2
108.14399999999996,0.5403000000000001,-0.4
137.18200000000007,1.0065,0.6
95.10099999999996,0.3748999999999999,-1.3
121.13899999999995,1.2842,0.9
121.13899999999995,1.2842,0.5
95.10499999999998,0.0587999999999999,-0.2
85.10599999999997,-0.1036,-0.8
69.06299999999999,0.0989799999999999,-0.1
144.17700000000005,1.8169999999999995,1.2
145.16100000000006,1.9403999999999992,2.0
146.14900000000003,0.9230999999999996,0.8
99.08899999999996,-0.5770000000000002,-1.0
260.891,4.2084,3.9
128.094,0.3773199999999998,-0.2
158.2890000000002,1.6275,1.9
192.024,0.7254,1.3
101.14899999999996,0.1241000000000002,-0.3
163.2200000000001,2.0533,2.3
125.21499999999992,2.4114000000000004,1.2
133.19400000000002,2.0447,2.3
134.18200000000002,1.5239999999999998,1.7
164.25200000000012,1.8186,2.2
144.2620000000001,0.8897999999999999,1.0
172.3160000000002,1.67,1.7
156.2730000000002,1.2543000000000002,0.6
155.24100000000016,1.4961,0.5
136.19800000000006,1.71028,1.3
82.066,-0.7334,-1.4
86.119,0.5381,0.4
89.16299999999997,0.2803,0.3
103.18999999999996,0.3228,0.2
109.15299999999998,1.61978,1.3
81.07799999999999,-0.1284,0.0
69.06699999999998,-0.1953,-0.6
329.8169999999999,3.5563,3.3
144.388,1.88018,2.1
196.46400000000003,3.229,3.7
226.446,3.5550000000000006,3.5
183.425,2.4368,3.1
195.35000000000025,4.820980000000004,5.3
113.038,0.0340000000000001,0.1
161.12600000000003,2.2876,2.3
185.35500000000025,3.256400000000002,4.3
135.21000000000004,2.1940600000000003,2.3
165.1920000000001,2.520060000000001,2.8
186.2580000000001,2.6092200000000005,2.7
213.105,1.4112000000000005,1.2
227.13200000000003,1.7196200000000006,1.6
143.27400000000011,2.5184000000000006,2.8
105.13999999999996,1.7246,1.5
336.4319999999995,2.3655,1.7
150.18100000000007,1.1496,0.7
74.08299999999997,-1.0037999999999998,-1.6
131.131,-0.4044000000000001,-0.9
179.17500000000007,1.3432,1.3
223.2750000000001,3.216200000000001,2.7
163.19800000000006,-0.4945,0.4
189.1670000000001,-0.5594999999999994,-1.8
191.2520000000001,0.3287999999999999,0.1
235.28300000000013,1.2969,1.3
246.2660000000001,1.2997,1.1
251.28200000000007,1.0025,0.7
361.659,4.757500000000002,3.0
209.2520000000001,2.5524000000000004,1.8
145.15800000000007,0.1167000000000001,-0.6
269.77199999999976,2.9871000000000016,3.5
136.11400000000003,-0.3538,-0.7
244.25000000000009,0.8664999999999999,1.7
227.33700000000016,1.8456,3.0
74.08299999999997,-1.5695999999999994,-1.8
223.23100000000005,2.0442,2.7
151.16500000000008,0.8959000000000001,0.9
137.18200000000007,0.8036000000000001,0.1
118.13899999999995,1.1404800000000002,1.3
266.2529999999998,0.3166,0.0
169.2270000000001,2.9358000000000004,3.3
208.2610000000001,1.77922,1.9
237.0970000000001,1.1350000000000002,1.5
195.1740000000001,0.2488999999999999,0.4
171.58300000000006,1.6204000000000005,1.6
231.68200000000007,3.153200000000001,3.8
381.0229999999998,3.5692000000000013,4.1
266.1269999999998,3.806600000000001,4.4
178.01800000000006,2.2812,2.4
199.12200000000004,0.7908,0.9
102.13699999999996,-0.9187999999999992,-1.4
137.18200000000007,0.8933999999999995,1.1
117.19199999999992,0.4978000000000002,0.0
167.1680000000001,-0.4221000000000001,0.3
153.13700000000006,0.6725999999999999,1.3
126.11899999999996,-0.9092000000000005,-0.5
237.25800000000007,2.3526199999999995,3.1
157.21300000000014,0.8361000000000001,-2.0
123.15499999999994,1.2828199999999996,0.7
105.13699999999996,-1.3116,-1.8
173.17100000000005,0.9082,1.8
159.18800000000007,2.1276,1.6
182.13500000000005,0.8752000000000004,1.9
154.12500000000003,0.8826,1.5
154.12500000000006,0.8825999999999996,1.0
115.08799999999998,-0.8875,-1.0
109.12799999999996,0.9743999999999996,0.0
199.2570000000001,2.5946,2.1
149.1930000000001,1.8615,1.7
151.2090000000001,1.2818999999999998,1.4
108.10399999999998,-0.1364199999999998,0.1
143.10200000000003,-2.3203,-2.1
201.3100000000002,2.5406000000000004,-1.0
309.40899999999954,3.6236000000000015,4.0
209.2450000000001,1.0550999999999997,0.9
221.25600000000009,1.6306,1.5
137.13800000000003,0.967,1.2
137.13800000000003,0.967,0.8
193.24900000000008,3.5752000000000024,3.5
210.2330000000001,0.5709000000000001,1.1
266.3409999999999,0.4521,0.2
197.3220000000002,3.0172000000000017,2.8
71.07899999999997,-0.4936999999999999,-0.8
258.104,3.130700000000001,3.2
128.087,-1.2575,-1.5
325.4079999999996,3.440640000000002,3.4
229.28200000000007,4.541200000000003,4.8
150.18100000000007,0.219,0.4
164.16400000000007,-0.1156,0.7
133.15400000000005,1.1450999999999996,0.9
197.19300000000004,1.7233999999999998,1.7
136.15400000000005,0.2901000000000001,0.2
150.20600000000005,1.8785,1.3
227.28800000000007,3.668900000000001,3.9
193.20200000000008,0.8894999999999997,1.2
240.26200000000009,1.7614,1.7
313.35299999999967,2.2964,2.4
208.2640000000001,3.1537000000000006,3.2
428.44099999999975,1.6565999999999992,2.4
209.20100000000008,0.9974,1.0
356.37799999999976,1.7249,2.0
119.16699999999994,1.72218,1.4
582.6570000000017,3.060240000000001,2.5
179.2220000000001,3.225280000000001,3.7
211.2640000000001,3.312000000000001,3.0
256.30800000000005,4.450000000000003,4.3
361.39699999999976,4.112400000000003,3.8
248.3760000000001,3.650400000000001,3.0
202.34600000000023,-0.3565999999999975,-1.1
253.1320000000001,4.432400000000001,5.0
254.37700000000007,3.4094000000000024,3.9
330.4749999999995,4.998800000000005,5.3
148.20600000000013,-1.8497999999999983,-1.9
308.33999999999986,4.302400000000002,3.4
308.33999999999986,4.302400000000002,3.7
354.8319999999999,1.6628000000000007,2.0
137.96400000000003,0.4324,0.1
289.12899999999973,1.2935,1.6
265.93599999999986,2.34236,1.4
247.004,2.2655000000000003,2.2
196.04700000000005,2.4531800000000006,2.3
216.03400000000005,2.489700000000001,2.7
232.03300000000004,2.195300000000001,1.8
199.98800000000003,-0.6610999999999999,-0.6
187.04000000000005,1.7347,2.3
229.93,-0.1772999999999999,0.9
225.29600000000016,1.5223999999999998,3.2
224.26000000000013,0.961,1.7
223.27200000000013,1.9133999999999995,1.9
193.24600000000007,2.2257,2.9
117.14799999999994,0.8818000000000001,0.8
155.2850000000002,2.708800000000001,2.9
297.2669999999997,3.325540000000003,3.8
212.2490000000001,0.9389999999999996,1.7
127.18699999999993,1.0871,1.1
116.16399999999994,0.4548,0.4
116.16399999999994,0.4532000000000002,0.0
201.22500000000008,2.5580000000000007,2.4
221.2560000000001,2.1183,2.3
90.08599999999996,-1.9670000000000003,-1.6
215.59200000000004,2.470200000000001,2.8
260.33400000000006,2.0227,1.9
223.27200000000013,1.1108,0.8
323.1319999999998,0.9089999999999998,1.1
223.65900000000008,2.910200000000001,3.1
211.64800000000008,2.2576,2.1
213.6670000000001,4.041400000000002,4.2
142.58900000000006,1.5044000000000002,1.3
142.58900000000006,1.5043999999999995,1.6
184.65100000000007,2.5319,2.7
153.57200000000003,1.6112999999999995,1.7
169.56700000000004,1.7744999999999995,1.8
170.0830000000001,1.7858999999999998,1.8
316.5709999999998,4.604700000000001,5.2
271.6999999999997,2.2748,2.1
217.568,1.7386,2.4
218.552,1.8620000000000003,1.7
270.54999999999995,3.175200000000001,2.5
157.60000000000008,1.9308,1.9
171.58300000000003,2.333600000000001,2.5
171.58300000000003,2.333600000000001,2.5
172.57100000000003,1.8304,2.1
172.57100000000003,1.8304,2.1
287.65799999999984,3.023600000000001,3.3
201.56500000000003,1.9464000000000004,2.0
201.565,1.9464,1.8
173.55500000000004,1.9538,2.5
158.54400000000004,1.6432,1.6
169.61100000000005,2.2984,1.3
248.7170000000001,2.5238000000000005,2.7
213.6640000000001,3.2969000000000017,3.5
128.56199999999998,1.3172,1.1
179.60600000000005,2.5938000000000003,2.9
145.55300000000005,-0.3106000000000001,-0.1
247.55,2.064600000000001,2.8
245.6620000000001,1.1749999999999998,1.2
315.8689999999996,5.188000000000004,5.2
212.6800000000001,2.7419200000000004,2.4
294.3979999999996,3.6094000000000026,3.0
253.3010000000001,3.139000000000001,4.0
312.3279999999998,3.676000000000001,4.0
255.7450000000001,3.4072000000000022,3.5
230.09800000000007,2.3645000000000005,1.6
192.00100000000003,2.0866,2.3
385.4159999999997,2.568600000000001,1.2
636.6100000000016,2.11934,-2.0
307.3489999999997,3.7573000000000025,4.2
240.6980000000001,1.6708799999999997,2.2
85.06199999999997,-0.01532,-0.8
147.13300000000004,1.25648,1.5
113.11599999999996,0.76488,-0.2
177.15900000000005,1.0216799999999997,0.9
110.141,1.01478,1.0
215.36200000000017,3.5141000000000027,4.1
114.19199999999994,0.215,-0.3
264.41899999999987,4.2257000000000025,4.4
411.62999999999937,5.001900000000005,3.5
573.7710000000023,2.826100000000002,1.9
227.69900000000013,1.9196,2.6
77.15199999999997,-0.1250999999999998,-0.4
507.6269999999996,2.917100000000001,2.7
527.5260000000006,1.0288999999999997,1.8
187.6340000000001,0.9275,1.5
300.31399999999974,3.8659000000000017,3.4
214.26500000000016,1.0914,0.8
208.21700000000007,0.4909999999999997,1.0
238.24600000000007,1.6263999999999998,2.6
238.24600000000007,1.6264,2.1
108.10399999999998,-0.8374400000000002,-1.0
216.30900000000008,3.0022,2.2
268.2719999999997,1.6349999999999998,2.6
283.24299999999977,1.5345999999999995,2.4
90.12599999999996,-1.7352999999999992,-2.3
613.9150000000004,3.1154,1.8
197.2810000000001,2.9764000000000017,2.7
240.3500000000001,2.5660000000000007,2.4
240.3060000000001,2.686000000000001,2.4
250.921,2.7938,2.9
250.921,2.7938,3.1
449.9239999999999,4.932000000000001,5.0
241.87,0.48138,0.6
276.9149999999999,2.788880000000001,3.5
295.91799999999995,2.702,3.2
302.9529999999999,3.4654000000000007,3.2
338.9829999999999,1.8716000000000008,-0.4
343.4709999999995,3.4853000000000023,4.4
263.425,4.048800000000004,4.7
162.01900000000003,2.5756,2.8
190.02900000000005,2.0923,0.8
177.03400000000005,2.1578000000000004,2.4
177.03400000000005,2.1578000000000004,2.4
253.1320000000001,3.8248000000000006,3.7
253.1320000000001,3.8248000000000006,3.5
227.006,1.17116,1.6
207.016,2.4838000000000005,2.9
192.001,2.9016,3.1
148.98000000000002,1.7834,1.7
163.99500000000003,1.3656,1.8
198.052,3.5416000000000007,3.6
214.05100000000004,3.2472000000000003,3.5
199.04000000000005,2.9366000000000003,3.1
255.026,3.8885,3.6
128.134,1.42996,1.0
128.134,1.42996,0.8
128.134,1.42996,0.9
224.34800000000016,2.9510000000000014,3.0
311.8089999999995,2.946300000000001,3.6
217.2210000000001,-0.3827000000000007,0.3
234.34300000000016,2.5837400000000006,2.3
171.24000000000012,1.0574,1.2
236.3150000000001,1.7674,1.9
268.3599999999998,4.159400000000003,3.6
171.1960000000001,1.0592,1.1
267.3249999999998,1.8999,2.2
239.27100000000013,1.98494,2.2
176.1720000000001,0.3935999999999998,0.6
223.2720000000001,1.8828,2.1
183.2510000000001,1.1277999999999997,0.8
194.2340000000001,2.4410000000000007,3.0
155.24100000000013,1.8542,1.8
239.3620000000001,4.117800000000004,4.2
169.22400000000013,0.8817999999999997,0.8
178.2350000000001,1.5636,0.3
167.2080000000001,1.0053999999999998,1.0
116.16399999999992,0.4069000000000001,-0.2
310.6869999999998,3.5801000000000007,3.9
204.088,1.7812,1.8
207.22900000000007,0.9896999999999998,1.2
133.15000000000003,1.1812,1.2
199.2090000000001,2.8466000000000014,3.9
162.1920000000001,1.0726000000000004,0.8
112.08799999999998,-0.9368,-0.8
114.10399999999996,-0.7841,-1.1
147.17700000000008,1.5713,1.1
162.14800000000005,0.2163999999999996,0.2
102.16199999999998,0.0479000000000001,-0.2
153.13700000000006,0.5111999999999997,0.9
291.26199999999983,2.6920000000000006,3.0
205.16900000000004,0.9318999999999996,0.9
344.9209999999999,2.478,2.5
390.90199999999993,2.5096000000000003,2.1
396.9529999999999,3.1496000000000004,3.1
432.9829999999999,1.5558,-0.5
266.43499999999983,4.422200000000004,4.5
323.39199999999965,3.8386200000000015,3.6
211.2610000000001,1.9576,1.2
209.2930000000001,1.48692,1.5
272.3919999999997,3.517800000000002,4.2
153.1810000000001,1.2859999999999998,1.4
244.29400000000007,2.5352,2.2
105.13699999999994,-0.4360000000000001,-0.8
229.23500000000007,2.998200000000001,2.9
183.16300000000007,1.612,2.1
183.16300000000007,1.6119999999999997,1.8
163.2200000000001,1.9552,2.1
165.19200000000006,1.4508,1.7
165.19200000000006,1.4508,1.6
165.19200000000006,1.4508,1.8
309.4529999999995,4.292000000000004,3.9
143.1860000000001,0.2771999999999999,0.5
204.2730000000001,1.9776,1.2
165.2360000000001,1.4963,2.1
137.18200000000004,1.4582,2.1
225.29100000000008,2.983600000000002,3.5
175.23100000000008,1.9647,2.3
163.18400000000008,0.4188999999999999,0.7
136.19800000000006,1.4678399999999998,1.3
146.19300000000007,2.17974,2.4
242.23800000000008,0.7764399999999996,1.1
184.2420000000001,2.760440000000001,2.2
268.4039999999998,5.276700000000004,5.6
128.13099999999997,-0.3955999999999999,-0.3
188.2740000000001,2.272,2.5
174.2470000000001,2.2295,1.8
166.18000000000006,1.6607999999999998,1.9
166.18000000000006,1.6607999999999998,2.3
268.31599999999975,3.8312000000000026,4.5
129.11499999999998,0.0314,0.1
208.26400000000007,3.399840000000002,3.3
163.2200000000001,2.2618400000000003,1.5
164.20800000000008,1.7801,1.0
122.17099999999994,1.1476,1.3
123.15899999999996,0.67564,0.7
123.15899999999996,0.6756399999999999,0.4
158.20400000000006,2.24664,2.0
232.20500000000004,2.7989000000000006,2.4
88.10999999999996,-0.3732999999999999,-0.8
312.37199999999973,5.637000000000002,5.0
322.24299999999977,2.950200000000001,3.2
183.123,1.0852000000000004,1.8
183.123,1.0852000000000004,1.0
183.123,1.0852000000000002,1.0
183.123,1.0852000000000002,1.8
183.123,1.0852000000000004,1.9
298.20999999999987,2.2783999999999995,2.5
298.20999999999987,2.2783999999999995,2.5
211.133,0.6019000000000003,0.8
200.106,0.9142000000000006,2.1
234.62,2.748900000000001,2.4
212.117,1.2011999999999998,1.3
212.117,1.2012,1.1
212.117,1.2012000000000005,1.5
230.563,1.8820000000000003,2.5
244.20600000000005,3.1700000000000026,3.6
148.11800000000008,0.3199999999999999,0.5
259.22099999999995,3.2466000000000017,3.6
260.2049999999999,3.295300000000002,3.7
276.2729999999998,3.654200000000002,3.5
120.06399999999998,-0.4602000000000001,-0.2
218.168,2.656200000000001,2.8
218.16800000000003,2.656200000000001,2.5
234.16700000000003,2.361800000000001,3.7
184.10700000000003,1.2086000000000003,1.9
184.107,1.2086000000000003,1.7
184.10700000000003,1.2086000000000003,1.8
184.10700000000003,1.2086000000000003,1.4
184.10700000000003,1.2086000000000003,1.2
226.14400000000003,1.4282999999999997,1.4
275.2199999999998,2.9522000000000017,3.4
259.22099999999995,3.2466000000000017,3.5
198.13800000000003,0.7886000000000004,1.5
134.0910000000001,-0.0701000000000001,0.2
166.08900000000006,-1.7792999999999997,-1.4
292.24999999999983,4.400400000000003,4.7
292.24999999999983,4.400400000000002,4.7
240.2150000000001,2.7221000000000024,3.6
263.2969999999999,0.5011000000000001,0.9
239.3180000000001,2.9067000000000016,3.0
211.2640000000001,3.3712000000000018,2.7
260.34,5.173800000000003,5.0
231.68200000000007,4.183500000000001,3.8
242.28200000000007,2.3397999999999994,3.1
212.2960000000001,3.210600000000001,3.6
184.2420000000001,2.6983999999999995,2.8
184.2420000000001,3.1256000000000004,2.9
238.2900000000001,1.6070999999999995,2.2
267.37199999999984,3.0646000000000018,3.0
220.2750000000001,3.743700000000002,3.5
212.2520000000001,2.9033999999999995,1.5
212.25200000000007,3.3306000000000004,3.0
255.3910000000002,2.624200000000001,3.9
185.22300000000013,1.5918,1.9
146.19300000000007,1.9336,1.5
268.2759999999997,0.7908,1.2
296.33199999999994,2.1513400000000003,2.8
401.4219999999997,5.242900000000003,4.8
233.09800000000007,3.0869000000000018,2.7
199.33800000000025,3.3926000000000007,3.5
245.40700000000027,3.956900000000002,3.956900000000002
295.4509999999996,4.675700000000004,4.5
543.5250000000015,0.0012999999999995,1.3
145.2020000000001,1.6604,1.5
183.20700000000008,0.3505999999999998,-1.4
733.9370000000029,1.785600000000004,2.7
862.064000000003,2.679800000000008,3.4
421.57799999999946,3.088000000000002,3.3
333.26599999999974,3.924200000000004,5.1
204.31400000000025,-0.292599999999999,-0.1
144.22400000000005,1.41496,1.6
395.4989999999996,5.420400000000005,5.4
209.2930000000001,1.85272,1.7
253.3050000000001,2.9511000000000003,2.5
165.1920000000001,1.1842,1.2
122.12699999999997,0.95396,0.5
182.1790000000001,1.5757,1.8
224.2160000000001,1.9519,0.9
179.2190000000001,2.0436999999999994,1.6
209.2450000000001,1.4045999999999996,1.3
180.2070000000001,1.5758999999999996,1.0
132.11900000000003,-0.1887999999999999,0.1
149.19300000000007,1.4363,1.4
163.2200000000001,1.6654999999999998,1.7
146.19300000000007,2.1253,2.1
101.19299999999993,1.3813,1.3
277.32299999999964,3.5751800000000022,4.4
201.22500000000008,2.15668,2.4
218.2560000000001,0.5378999999999994,0.9
193.24600000000007,1.9293,2.9
167.20800000000008,1.80824,2.0
167.2080000000001,1.80824,1.7
225.3350000000001,4.555000000000003,5.1
104.10899999999997,-0.3937999999999999,-0.4
145.20200000000014,1.3885,1.6
226.27600000000007,1.1849999999999998,2.1
155.19700000000012,0.8392999999999999,0.7
141.1700000000001,0.4492,0.4
149.1460000000001,-0.6034999999999999,-0.6
165.1920000000001,2.255,2.3
129.188,0.6827000000000001,0.9
88.10999999999996,-0.3253999999999998,-0.7
175.18700000000007,1.4562000000000002,1.6
167.2080000000001,1.4178,1.3
162.14800000000005,1.4421999999999997,1.1
331.20199999999977,4.067600000000002,3.6
301.34199999999964,3.6038000000000014,4.3
372.5529999999994,3.8145000000000016,3.0
383.3659999999997,5.003300000000004,4.5
355.69999999999976,3.977000000000003,5.0
181.23800000000008,2.8400000000000007,3.1
196.2530000000001,2.4222,2.6
77.05799999999998,-0.5588000000000002,-1.0
328.2019999999999,4.314100000000002,3.7
125.14599999999996,1.7163199999999998,1.4
155.12800000000004,2.04232,2.2
141.10100000000003,1.7338999999999998,1.7
255.03200000000004,1.5731,1.8
248.19400000000005,1.8067,0.1
323.39199999999965,4.045800000000003,4.6
247.24700000000013,-1.8949199999999995,-1.8
217.2680000000001,1.771,1.9
465.63099999999946,2.564900000000001,2.9
214.2680000000001,2.5416000000000007,2.1
182.22600000000008,3.0245200000000008,3.6
212.25200000000007,3.0331200000000003,3.6
255.2740000000001,0.4274999999999998,1.0
285.2999999999996,-0.2100000000000005,0.4
598.7000000000018,6.629240000000007,2.1
122.17099999999996,1.98406,0.1
160.21700000000016,0.7730999999999999,-2.2
306.2789999999997,-4.0104,-2.2
144.1740000000001,-0.4825999999999992,-1.2
174.20400000000015,-1.473399999999998,-2.1
106.12799999999996,1.36996,0.2
111.14799999999995,-0.0891,-0.7
160.18000000000006,0.9153999999999995,0.7
75.07099999999997,-1.4716,-1.8
118.09599999999996,-1.7620000000000005,-2.1
57.05200000000001,-0.49772,-0.7
137.13800000000006,0.4910999999999999,1.3
133.15000000000003,1.24358,1.0
152.15300000000005,-0.0043,0.6
119.12299999999996,1.26388,1.6
119.12299999999996,1.2638799999999997,1.7
119.12299999999996,1.2638799999999994,1.6
103.12099999999997,-0.7558000000000002,-1.3
125.17099999999994,1.20518,0.9
370.9149999999999,2.473080000000001,2.0
228.116,0.9068000000000004,1.3
243.39100000000025,3.015800000000001,4.0
47.057000000000016,-0.4049999999999999,-0.7
167.20800000000008,0.6449999999999998,-0.6
123.15499999999994,1.7961199999999995,1.7
151.11800000000008,-2.0212,-2.2
101.10499999999996,-0.7616000000000003,-0.5
169.18000000000006,0.08022,-0.8
90.08199999999997,-1.3955000000000002,-1.7
183.11900000000003,0.9986000000000004,1.4
183.11900000000003,0.9986000000000002,2.3
151.16500000000008,1.3505999999999998,0.7
151.16500000000008,1.3505999999999998,0.7
151.16500000000008,1.3505999999999998,0.5
213.23600000000008,2.6445000000000003,3.3
213.23600000000008,2.7226,1.9
179.2190000000001,2.1308,1.7
213.2800000000001,3.078000000000001,2.8
189.17,1.2263,1.3
161.16000000000005,1.2336999999999994,0.7
76.05499999999998,-0.9561000000000002,-1.8
141.17000000000007,0.3645000000000001,-2.5
261.28099999999995,1.0709000000000002,1.2
311.3409999999997,2.224100000000001,2.5
289.33499999999964,1.6333,2.0
100.07699999999998,-1.1742,-1.7
114.06,-1.6476000000000002,-0.9
86.09399999999997,-0.7008000000000001,-1.3
123.15899999999996,0.40336,-0.8
95.10499999999998,-0.37684,-0.6
134.13800000000003,0.8561999999999996,1.2
132.16600000000005,1.7500999999999995,0.7
175.18700000000007,1.7949999999999997,1.4
156.18800000000007,2.23398,1.6
203.2410000000001,2.5752,2.3
147.13300000000004,0.8213999999999999,0.8
161.2040000000001,1.7026999999999997,1.8
205.21300000000008,1.1558999999999997,1.5
189.21400000000008,2.1851,1.8
175.18700000000007,2.0931999999999995,2.0
159.18800000000007,2.3705000000000007,2.1
173.2150000000001,2.2994000000000003,1.6
613.9590000000005,3.156200000000001,2.6
184.96400000000003,-0.0932999999999999,-0.2
219.02500000000003,1.8734,2.3
219.02500000000003,1.8734,1.7
219.02500000000003,1.8734,2.3
229.02000000000004,2.1628800000000004,3.0
570.9340000000004,3.7359000000000018,3.9
137.1860000000001,1.2969,1.3
193.24600000000007,2.0816,2.8
151.12900000000005,-0.7716000000000003,-1.7
147.13300000000004,0.5702,1.1
137.14200000000005,-0.3149000000000001,-0.7
227.30700000000013,4.217400000000003,3.9
293.45399999999944,4.913300000000004,5.3
152.19700000000012,1.20172,0.7
226.3230000000001,4.250500000000002,4.0
179.2190000000001,2.6435000000000013,2.6
113.15999999999994,0.6969999999999998,0.9
211.2610000000001,1.1291999999999998,-0.6
144.17700000000005,1.8169999999999995,1.9
144.17700000000005,1.817,1.8
145.16100000000006,1.9404,1.9
117.14799999999994,0.1983999999999999,-2.3
332.3999999999996,4.0218000000000025,3.9
301.3859999999996,2.8712000000000018,2.8
237.7300000000001,2.897800000000001,2.2
328.4119999999995,2.1354,3.1
461.77599999999984,5.167700000000003,4.1
131.17499999999998,0.4443999999999999,-1.5
197.19000000000008,0.0521999999999996,-2.7
249.0970000000001,3.0185000000000013,3.2
205.34800000000013,2.1858,1.0
242.36600000000016,2.878700000000001,2.6
295.29099999999966,-0.93222,-0.7
295.2979999999998,2.972200000000001,2.8
378.3159999999996,4.447900000000003,3.6
332.49999999999994,5.705400000000003,5.6
217.2930000000001,2.7081000000000004,2.7
149.2150000000001,0.1067000000000003,-1.8
279.3359999999996,1.84434,1.6
221.2560000000001,1.7906399999999996,2.2
225.3130000000001,2.7435400000000003,2.9
241.2430000000001,0.5301999999999998,0.6
271.38999999999976,1.8622,2.8
138.17000000000007,0.8595999999999999,0.6
138.17000000000007,0.8595999999999999,0.5
180.23200000000008,1.8871,2.4
198.13400000000004,1.5115999999999996,2.0
198.13400000000004,1.5115999999999996,1.6
199.2090000000001,2.989600000000001,2.7
190.24600000000007,1.6777,0.5
232.28300000000013,1.8551,0.8
229.2790000000001,3.447400000000002,3.6
168.15200000000007,1.1855999999999998,1.5
168.15200000000007,1.1855999999999998,1.5
168.15200000000004,1.1855999999999998,1.9
223.2280000000001,1.1824,1.4
165.1920000000001,1.6536,1.3
165.1920000000001,1.6535999999999995,1.1
207.2290000000001,1.6128,1.5
214.2680000000001,3.021,2.5
124.14299999999996,0.6724,1.0
243.13100000000003,1.4198000000000002,0.7
237.25800000000004,2.5037000000000003,3.9
151.16500000000008,1.0554,1.4
151.16500000000005,1.4265,2.0
151.16500000000005,1.4265,2.2
151.16500000000005,1.4265,2.2
167.20800000000008,0.8596999999999999,-0.5
167.16400000000007,0.7609999999999999,1.0
165.2360000000001,1.5425999999999995,1.7
135.16600000000005,1.09392,0.8
135.16600000000005,1.09392,1.2
122.17099999999996,1.15942,0.9
132.166,1.87132,2.2
164.23300000000006,2.18692,2.4
215.59200000000004,2.0348,2.5
57.05200000000001,0.1138799999999999,0.4
220.0550000000001,3.1717000000000013,3.5
225.16000000000005,0.9103200000000002,0.7
182.13500000000005,1.81142,1.9
182.13500000000005,1.8114200000000005,2.0
182.13500000000005,1.8114200000000005,2.7
182.13500000000005,1.81142,2.1
198.13400000000004,1.5170200000000005,2.1
198.13400000000004,1.5170200000000007,1.7
226.2790000000001,2.637100000000001,2.0
198.2690000000001,2.4418,2.2
130.19700000000003,1.37246,1.7
179.26300000000012,1.6701,1.7
90.08199999999998,-0.7839,-0.8
98.10499999999998,0.56522,0.1
152.15300000000008,1.4854200000000002,1.1
152.15300000000008,1.4854200000000002,1.9
152.15300000000008,1.4854199999999995,2.0
152.15300000000008,1.4854199999999995,2.0
152.15300000000008,1.48542,1.7
152.15300000000005,1.6364999999999998,2.2
152.15300000000005,1.6364999999999998,2.0
267.2399999999998,2.6786200000000004,3.1
181.14700000000005,1.3814,1.9
181.14700000000005,1.3814,1.9
127.10299999999997,0.62632,0.3
187.1980000000001,3.056420000000002,3.4
153.13700000000006,1.60882,2.5
153.13700000000006,1.60882,2.4
135.11900000000006,-0.9936,-1.1
119.11999999999996,0.0339999999999999,-0.1
271.4009999999998,3.4503000000000013,4.5
211.2640000000001,3.247320000000001,3.0
175.2310000000001,1.9653,2.0
191.2300000000001,1.91262,1.3
191.2300000000001,1.91262,2.1
218.21200000000007,0.3102999999999996,1.1
85.10599999999997,0.0478000000000001,0.1
218.25300000000013,0.9834000000000004,0.7
109.13199999999996,0.36722,-0.2
98.10499999999996,-0.1177999999999999,-0.5
108.14399999999996,0.97222,0.6
108.14399999999996,1.1232999999999995,0.8
135.16600000000005,1.59262,0.9
109.13199999999996,0.36722,0.3
158.2040000000001,2.12542,2.2
287.1439999999999,1.0391,1.7
114.17299999999996,1.03372,1.0
181.28500000000005,3.018200000000001,3.1
127.10299999999997,-1.23338,-0.3
195.21800000000007,0.6072999999999997,-1.9
74.08299999999997,-0.7155,-1.4
259.10299999999995,2.4742000000000006,2.4
684.8240000000027,1.103800000000004,1.103800000000004
222.28800000000007,2.0876399999999995,2.5
429.60399999999953,5.406500000000007,3.8
214.65200000000007,2.3651,2.3
309.4059999999995,0.6348,0.7
167.21100000000007,2.9058800000000007,2.9
158.2040000000001,2.0041999999999995,2.1
158.2040000000001,2.0041999999999995,2.1
158.20400000000006,2.0042,1.9
185.22600000000008,2.7982000000000005,1.6
291.3059999999997,3.790300000000002,3.5
159.18800000000005,2.6409,2.4
130.15,1.6297999999999997,1.3
130.15,1.6297999999999997,1.1
271.3599999999997,3.475500000000002,3.4
445.4679999999997,2.668800000000001,0.5
238.2870000000001,1.3510999999999995,2.1
298.34599999999966,1.0224999999999995,0.9
327.1229999999998,3.859500000000001,4.0
305.7609999999996,3.6358000000000015,3.5
230.909,3.5617,3.4
134.14200000000005,-0.1408599999999999,-0.4
103.07699999999996,-0.1479,-0.1
223.23100000000005,3.901200000000002,4.8
253.213,2.3702000000000005,3.2
166.13600000000002,0.6937000000000002,0.8
181.14700000000005,1.2218999999999998,1.6
181.14700000000005,1.2219,1.5
181.14700000000005,1.2219,1.4
162.14800000000005,1.66088,1.8
162.14800000000005,1.66088,1.4
153.14100000000005,0.7592000000000003,0.9
153.14100000000008,0.7591999999999999,0.5
153.14100000000008,0.7591999999999999,1.4
153.14100000000008,0.7591999999999999,0.5
211.129,0.9912,0.7
211.129,0.9912,0.9
167.16400000000007,1.1296,1.1
153.13700000000006,1.0871,1.2
153.13700000000006,1.0871,1.3
189.623,2.840700000000001,2.6
189.623,2.840700000000001,2.8
163.13600000000002,1.4710999999999996,1.6
167.12,1.293,1.5
167.12000000000003,1.293,1.8
181.15100000000007,0.1982999999999999,0.2
181.15100000000004,0.1983000000000001,0.3
148.12100000000004,1.46648,1.2
148.12100000000004,1.46648,1.2
185.56600000000003,1.9738,2.4
185.56600000000003,1.9738,2.9
199.2090000000001,3.261800000000002,3.9
310.1799999999997,4.790500000000004,5.2
119.11999999999996,0.0339999999999999,0.3
284.09799999999984,4.693900000000001,4.3
211.22000000000008,3.166000000000002,3.7
225.20300000000003,2.8062000000000014,3.5
243.17100000000005,1.3125999999999998,1.1
113.07199999999996,1.1878,0.7
157.08100000000002,0.8859999999999999,1.0
163.13600000000005,1.4710999999999996,2.0
192.13,0.4784000000000001,1.0
76.05499999999998,-0.6024999999999998,0.5
173.17100000000002,2.748000000000001,3.2
189.17,2.453600000000001,3.2
225.20700000000005,2.691200000000001,2.3
139.11000000000004,1.3004000000000002,2.0
139.11000000000004,1.3003999999999998,1.9
180.16300000000004,1.5531999999999997,1.0
180.16300000000004,1.5532,1.5
180.16300000000004,1.5531999999999997,1.7
181.14700000000005,1.5200999999999998,1.6
181.14700000000005,1.5200999999999998,1.5
214.22400000000007,3.338400000000001,3.7
214.22400000000007,3.338400000000002,3.7
165.14800000000005,1.7974,1.3
165.14800000000005,1.7973999999999997,1.5
165.14800000000005,1.146,1.6
227.21900000000005,2.825800000000001,3.3
253.2570000000001,3.4909000000000026,2.9
195.1740000000001,1.612,1.5
195.1740000000001,1.612,1.3
177.15900000000002,1.8069,1.5
231.27600000000004,3.746000000000002,4.4
181.15100000000004,1.0854,1.1
119.07599999999996,-0.2622,-0.5
196.2060000000001,1.9658,2.4
238.2430000000001,2.3420000000000005,1.8
247.25300000000004,4.492200000000002,5.0
139.11400000000003,0.5719999999999998,0.9
124.09899999999996,0.9898,0.3
140.10200000000006,-0.0330000000000001,-0.3
173.084,-2.0023,-1.1
174.15900000000002,2.143,1.9
174.15900000000005,2.143,1.8
174.15900000000002,2.143,1.4
190.15800000000004,1.8486,2.1
187.18000000000004,1.0096999999999998,1.3
169.20500000000004,2.316700000000001,2.4
105.05299999999995,-1.1536,-0.9
331.46699999999964,1.3224999999999996,1.6
511.5809999999999,4.289400000000003,3.1
270.71899999999977,3.129500000000001,2.9
222.33200000000016,2.0823,2.3
275.3479999999996,1.5886999999999996,1.4
271.31599999999963,0.8558999999999997,0.3
117.14799999999994,0.1983999999999999,-2.1
612.6320000000018,3.627120000000002,3.3
314.74699999999973,3.5533000000000023,2.2
299.4139999999995,3.4250000000000025,3.5
403.81799999999976,2.5727,4.7
369.37299999999976,1.9193,4.1
234.34300000000016,2.7455000000000007,2.2
113.20399999999992,1.5401,1.5
136.19800000000006,2.3741600000000007,0.6
156.097,-1.2386,-1.4
118.096,-3.0338000000000003,-1.1
89.05,-1.4436999999999998,-0.9
88.06599999999999,-2.043,-1.6
279.3399999999996,1.8118,2.2
286.7179999999998,2.447900000000001,2.2
145.16100000000003,1.78298,1.0
203.1970000000001,1.3640999999999996,1.3
193.20200000000008,1.4898999999999998,0.6
357.49399999999946,3.3429000000000024,4.2
361.70299999999975,5.458000000000003,4.7
260.3810000000001,2.850740000000001,2.9
120.10799999999996,-1.8148,-1.8
460.4389999999997,-1.4001999999999977,-1.6
353.37399999999974,3.500200000000003,3.7
339.3909999999996,3.860000000000003,3.9
281.3119999999996,3.720340000000003,5.2
265.3539999999999,4.535799999999999,5.1
295.336,4.8618,4.2
131.17499999999998,1.2703,0.9
168.19900000000007,2.9251000000000005,2.1
193.24900000000008,3.5752000000000024,3.7
180.2100000000001,2.7830000000000013,2.1
180.2100000000001,2.7830000000000004,2.8
210.2400000000001,1.9474,1.3
196.2090000000001,2.4886000000000013,2.3
328.4809999999996,5.019700000000005,4.6
300.31399999999974,3.784220000000001,3.6
232.2390000000001,0.7003999999999997,1.5
183.2100000000001,3.5359000000000016,3.9
185.22600000000008,3.0611000000000006,2.9
303.83299999999963,4.194900000000003,4.4
281.3589999999996,2.8404200000000013,2.6
193.20200000000008,0.4299000000000001,0.7
178.1910000000001,0.4240000000000001,0.9
164.20800000000008,0.0417,0.1
193.24600000000007,1.1195,1.5
213.23600000000008,3.1284,4.4
229.23500000000007,2.1936,3.2
197.23700000000008,2.9389000000000003,2.6
193.24900000000008,3.342080000000002,3.2
194.23700000000008,3.229900000000001,3.2
163.2200000000001,2.4252,2.0
181.23500000000013,0.4775999999999996,0.4
151.16500000000008,1.1830999999999996,0.6
151.1690000000001,0.6817999999999997,0.1
151.16900000000007,0.6817999999999997,0.4
109.12799999999996,1.4876999999999996,0.8
176.17500000000007,0.5671,0.5
193.24900000000008,3.834900000000002,3.8
161.16000000000005,1.3376,1.8
267.23699999999974,0.8407,0.6
225.2550000000001,1.965,2.1
219.2870000000001,4.583400000000002,4.4
253.2690000000001,0.8333999999999999,1.0
249.2690000000001,3.6000000000000023,3.4
187.2060000000001,0.7029999999999998,1.4
187.20600000000007,1.1973999999999991,1.5
252.27300000000008,1.7696,2.5
248.32600000000016,1.9056,1.8
128.17499999999993,-0.5286999999999995,-1.4
129.15899999999996,0.2131,-2.3
115.17599999999992,0.1207999999999999,0.0
115.17599999999992,-0.0217000000000001,-0.1
238.29100000000017,1.2198399999999998,1.7
310.35999999999973,4.655600000000002,3.9
220.31600000000017,2.32162,2.1
235.33100000000016,1.3403999999999998,0.9
350.2969999999997,3.730400000000003,4.2
347.2929999999997,4.148200000000004,5.2
207.2730000000001,2.836620000000001,3.1
225.29600000000016,1.5208,3.0
241.3640000000001,2.2341,3.5
211.6920000000001,2.666800000000001,2.2
102.09299999999998,-1.6528999999999998,-1.8
218.08300000000008,3.3419000000000016,3.1
229.7150000000001,2.1655999999999995,2.9
209.2450000000001,2.192,1.5
339.4789999999995,4.275500000000004,4.2
259.34900000000005,2.577500000000001,3.0
179.2190000000001,1.8356,2.4
102.13699999999996,0.0647000000000001,0.1
256.13200000000006,3.1350000000000016,3.2
132.12600000000003,0.4197999999999998,-0.6
164.12400000000002,-0.9936000000000004,-1.0
120.115,0.3528999999999999,-0.4
150.14500000000007,-0.4827000000000003,-0.9
123.11499999999997,-0.4245,-0.6
124.09899999999996,0.1747999999999999,0.1
217.27100000000007,4.166200000000003,4.3
94.11699999999998,0.6638,0.5
122.12699999999997,0.1805,0.2
122.12699999999997,0.1805,-0.4
122.12699999999997,0.1805,-0.3
123.11099999999996,0.7797999999999998,0.8
123.11099999999996,0.7797999999999998,0.4
123.11099999999996,0.7797999999999999,0.4
109.13199999999998,0.246,-0.2
109.13199999999998,0.246,-0.2
109.13199999999996,0.246,-0.5
167.12000000000003,0.478,0.2
167.12,0.478,0.2
167.12000000000003,0.478,0.2
167.12000000000003,0.478,0.6
167.12,0.478,-0.1
167.12000000000003,0.478,-0.1
123.15499999999994,0.6163999999999998,0.1
109.12799999999994,0.5738999999999999,0.1
95.10099999999996,0.7871999999999997,0.5
109.13199999999998,0.3671999999999999,0.3
214.2680000000001,2.2271000000000005,2.0
168.19600000000008,0.04662,-1.0
95.10499999999998,0.0587999999999999,-0.2
129.11499999999998,-0.6504000000000001,-0.8
111.09999999999997,0.7129,0.8
111.09999999999997,0.7129,0.2
97.07299999999998,-0.8010000000000002,-0.3
242.061,3.2398000000000007,3.0
144.17700000000005,1.8169999999999995,1.9
144.17700000000005,1.8169999999999995,1.6
144.17700000000005,1.8169999999999995,1.6
144.17700000000008,1.8169999999999995,1.3
144.17700000000008,1.817,1.8
173.17100000000005,1.933,1.6
173.17100000000002,1.933,1.3
145.16100000000003,1.5280999999999996,1.3
145.16100000000006,1.9404,2.1
145.16100000000003,1.5280999999999998,0.6
145.16100000000006,1.9404,2.3
145.16100000000006,1.9404,2.0
372.8079999999997,4.405900000000004,4.3
314.4109999999996,1.4589999999999996,0.3
193.2460000000001,1.6074999999999993,1.3
232.3270000000001,3.386800000000001,3.3
201.6610000000001,1.3885999999999998,2.2
413.6459999999993,5.286900000000005,5.4
328.4999999999994,4.118100000000003,4.5
224.26000000000013,0.961,1.4
641.7580000000021,2.819000000000002,1.6
853.918000000002,3.735700000000004,2.5
228.3210000000001,1.6112,1.6
229.7150000000001,2.1672,3.1
241.3640000000001,2.2357,3.7
247.53400000000005,2.7635000000000014,2.5
260.891,4.2084,4.9
217.87,3.0902000000000003,3.7
227.39200000000025,4.172800000000002,4.6
276.3799999999996,2.6506000000000007,2.3
142.11800000000005,-1.7358000000000002,-1.6
151.16500000000008,0.2251999999999999,0.2
570.675,3.4331,3.4
240.35000000000016,3.751680000000002,3.6
240.3500000000001,3.4856000000000025,4.6
268.3599999999998,3.0496000000000016,3.9
136.19800000000006,2.08596,1.5
85.07,-1.2181000000000002,-0.9
70.05499999999999,-0.8003000000000002,-0.5
100.146,0.7252999999999998,0.4
133.17200000000005,-0.2665,-2.3
117.12899999999998,-0.0306,0.1
257.78600000000006,4.035000000000004,3.4
126.11499999999997,-0.6283800000000002,-0.6
776.8720000000004,4.557300000000002,2.4
212.2960000000001,3.1348400000000005,2.3
1034.2000000000032,-2.697299999999985,-0.7
133.19400000000002,1.5012,1.5
143.14200000000008,-0.0721,-0.7
304.6699999999997,4.843900000000003,4.4
113.07599999999998,-1.5418000000000005,-0.6
126.123,-1.3818,-1.4
84.082,-0.6131000000000002,-0.4
99.09699999999998,-1.0309,-0.7
297.728,2.0591,2.5
315.5869999999998,5.290800000000001,5.3
174.41400000000002,1.24108,1.2
242.445,3.2606000000000006,4.5
204.5280000000001,2.0048000000000004,2.0
256.47200000000004,2.5052000000000003,3.0
151.25300000000013,1.9139,2.4
161.12600000000006,2.2876,2.4
161.12600000000006,2.2876000000000003,2.4
171.121,2.5770800000000005,2.9
281.2329999999997,4.147200000000001,5.2
335.2819999999997,4.148200000000004,5.3
191.27100000000016,-0.5691999999999998,-0.5
248.3700000000001,2.8921600000000014,2.6
290.32299999999964,1.2575999999999996,0.9
183.2070000000001,1.2946,0.8
211.2610000000001,1.2135999999999998,0.7
259.261,3.006800000000002,2.8
176.04399999999998,-1.00612,0.0
228.12,0.9934000000000004,0.6
245.103,0.8224000000000007,1.1
257.114,1.1094000000000002,0.2
315.19699999999995,2.622600000000002,2.4
151.03400000000002,-0.8998999999999999,0.2
229.104,1.116800000000001,0.9
439.20900000000006,2.879400000000002,3.0
296.3729999999997,5.410700000000004,5.0
309.3719999999998,4.872600000000003,5.0
305.38099999999963,2.7174,2.2
216.2010000000001,-2.0433,-0.8
312.33599999999984,3.0576000000000008,2.1
160.2200000000001,1.6690999999999996,1.6
297.35399999999964,2.819300000000001,2.6
274.3609999999997,2.4144,2.4
180.20700000000008,-0.2527000000000003,-0.6
209.2450000000001,0.8251000000000002,0.6
112.08799999999997,-0.9368,-1.1
60.056,-0.9762,-1.4
138.12600000000003,0.5075,0.0
117.14799999999994,0.0543,-2.3
409.6139999999994,4.594520000000006,4.3
119.16699999999994,1.9118,1.8
149.14900000000006,2.2378,2.3
149.14900000000006,2.2378,2.8
324.4239999999996,3.618000000000002,3.0
179.2190000000001,2.02164,2.2
149.19000000000014,-1.734699999999999,-1.0
138.12600000000003,1.177,1.4
159.22900000000013,1.3703,-2.6
107.15599999999992,1.1453,1.1
109.12799999999994,1.4876999999999998,0.8
209.2490000000001,1.7268,2.0
132.22799999999998,1.9221,2.1
205.30100000000016,3.0039200000000017,3.0
93.55699999999996,0.5724000000000001,0.3
88.15399999999994,-0.447,-0.7
73.09499999999996,-0.4675,-0.8
143.1080000000001,0.5224,0.3
142.12400000000008,0.2248,-0.3
109.11899999999996,0.9888000000000002,0.9
119.18299999999992,1.4718000000000002,1.0
191.2740000000001,2.695500000000001,2.7
115.2199999999999,1.6404,2.0
115.2199999999999,1.5924999999999998,2.0
115.21999999999991,1.7366,2.0
101.19299999999993,1.3944,1.5
113.08199999999998,0.8959000000000001,0.8
109.11899999999996,0.9888,1.1
77.10199999999996,0.3031000000000001,0.1
128.09699999999998,-0.1653000000000003,-0.5
141.1360000000001,1.5336000000000003,1.5
115.21999999999991,1.7366,1.9
101.19299999999993,1.3944,1.5
107.58399999999996,0.9609,0.7
91.12899999999996,0.6916,0.5
101.19299999999993,1.3813,1.5
155.16300000000012,1.9221,2.2
101.19299999999993,1.3797,1.6
141.09200000000004,0.4650000000000002,0.6
180.20700000000008,1.5759,1.0
87.12199999999994,-0.2531000000000001,-0.2
91.54099999999995,0.6976000000000001,0.2
57.09600000000002,0.4787000000000001,0.4
70.09499999999997,-0.2706200000000001,-0.4
141.1360000000001,1.6761,1.7
155.16300000000012,1.9221,2.2
155.16300000000012,1.9221,2.2
127.10899999999997,1.1566,1.3
181.07900000000004,1.8284,1.9
73.09499999999997,0.3644000000000001,0.3
91.54099999999995,0.6976000000000001,0.2
72.11099999999996,-0.3643,-0.2
57.09600000000002,0.4787000000000001,0.4
225.29100000000008,2.983600000000002,3.5
176.04600000000005,2.4521000000000006,2.0
143.13600000000005,1.4235,1.0
141.60100000000006,1.7987,1.7
125.14599999999994,1.2844,1.2
153.20000000000007,1.8873,2.2
137.18200000000007,1.1539,0.9
152.15300000000005,1.0535,1.0
149.1930000000001,1.8615,1.7
103.16499999999994,-0.0711999999999999,0.0
237.25800000000004,2.5037000000000003,3.9
195.10600000000005,2.2185,2.3
185.042,1.7355,1.8
235.049,2.3708,2.5
167.05200000000002,1.4383,1.6
131.07200000000003,1.1931000000000005,1.1
195.10600000000005,2.0891,2.4
127.10899999999998,1.286,1.0
127.10899999999998,1.286,1.4
185.042,2.255,3.1
131.07200000000003,1.3650000000000002,1.9
155.1630000000001,1.7927,2.3
169.1900000000001,2.1828000000000003,2.7
169.1900000000001,2.1349,2.8
141.1360000000001,1.5467,1.9
99.055,0.7256,1.0
167.05200000000002,1.9578,2.7
155.16300000000012,1.9368,2.2
113.08199999999998,0.8959000000000001,0.8
113.08199999999998,1.0678,1.5
185.042,1.7355,1.8
177.11600000000007,1.9213,1.7
145.09900000000007,1.5832000000000002,1.6
253.039,3.1859,4.3
167.05200000000002,1.4383,1.6
195.10600000000005,2.0412,2.6
99.055,0.5074000000000001,0.4
141.1360000000001,1.4988,1.8
141.1360000000001,1.6761,1.7
131.07200000000003,0.8439000000000002,1.1
169.22700000000006,2.9358000000000013,2.9
147.21800000000016,0.9046,1.0
123.14599999999996,1.584,1.8
81.06499999999998,0.5578000000000002,0.4
151.20000000000013,2.1869,2.8
138.1610000000001,0.6598999999999999,1.2
131.07200000000003,1.3650000000000002,2.1
137.1730000000001,1.9409,2.3
95.09199999999996,0.8185,0.9
95.09199999999996,0.5987000000000001,0.6
101.19299999999993,1.5238,1.2
60.100000000000016,-0.7502,-1.1
133.191,-0.6623999999999999,-0.8
123.15899999999996,0.4332,-0.5
123.15899999999996,0.4332,0.0
108.14399999999996,0.851,0.1
164.16400000000004,-0.1155999999999998,-1.7
88.15399999999995,-0.3176000000000002,-0.7
114.19199999999992,0.2149999999999999,-0.3
60.100000000000016,-1.0962,-2.0
109.11899999999996,0.8131000000000002,1.1
74.12699999999995,-0.7077,-1.2
126.123,-1.3818,-1.4
108.14399999999996,0.851,-0.3
136.19800000000004,0.604,-0.3
142.2460000000001,0.7102,0.2
243.135,0.5756,1.1
127.10899999999997,0.5923999999999999,0.2
109.11899999999996,0.6428000000000003,0.2
109.11899999999996,0.8463,0.9
95.09199999999996,0.6003000000000001,0.5
114.14799999999994,-0.0163999999999999,-0.5
101.19299999999993,1.3797,1.4
74.12699999999995,-0.7060999999999997,-1.4
108.14399999999996,0.8510000000000002,-0.3
88.15399999999994,-0.3159999999999998,-0.9
238.24600000000004,1.6264,2.6
126.12099999999997,1.9012,1.9
158.20400000000006,2.0042,2.0
158.20400000000006,2.0042,2.1
102.18099999999993,0.0741000000000001,-0.6
116.20799999999991,0.4642,-0.2
130.23499999999993,0.8543000000000001,0.3
158.20400000000006,2.0042,2.1
144.2620000000001,1.2444000000000002,0.9
175.15300000000002,2.1641000000000004,2.0
191.2740000000001,2.735400000000001,2.8
163.22000000000008,1.9552,2.1
179.26300000000015,1.6880999999999995,2.0
75.11099999999996,-0.6741000000000001,-1.0
239.23,1.7498,3.4
223.231,2.0442,3.2
129.1589999999999,0.3424999999999997,-2.6
100.16499999999994,0.3459999999999996,-0.3
71.12299999999998,0.8688000000000001,1.0
107.58399999999996,0.9625,0.5
107.58399999999996,0.8331,0.8
103.16499999999994,0.542,0.6
78.08999999999996,-0.8006000000000004,-1.1
91.12899999999996,0.8967,1.1
91.12899999999996,0.6932,0.6
78.08999999999996,-0.453,-0.9
49.04800000000001,-0.1278999999999999,-0.3
81.06499999999998,0.43,0.7
105.15599999999992,0.9539,0.8
119.18299999999992,1.1999,1.5
119.18299999999994,1.4996,2.1
120.17099999999994,0.3627,0.9
113.08199999999998,1.0694,1.6
91.12899999999996,0.8635,1.1
91.12899999999996,0.5638000000000001,0.6
77.10199999999996,0.6507000000000001,0.7
133.15400000000002,1.1451,0.9
133.15400000000002,1.1451,1.5
147.133,0.8213999999999999,0.8
162.14800000000002,0.1523999999999999,0.6
150.14500000000007,-0.5311000000000006,-0.9
110.11599999999996,0.1135999999999998,0.2
85.07,-1.6131000000000004,-0.7
144.17700000000005,1.817,1.9
103.16499999999994,0.5735999999999997,0.6
103.16499999999994,0.3701000000000002,-0.2
89.13799999999995,-0.0199999999999996,-0.4
61.08400000000002,-0.4509999999999998,-0.8
76.09899999999996,-1.166199999999999,-1.5
89.13799999999995,0.1519000000000001,0.2
89.13799999999993,0.1981999999999999,0.2
75.11099999999996,-0.1903000000000001,-0.3
147.18100000000007,1.1555000000000002,0.9
99.09699999999998,-1.2077000000000002,-0.8
99.17699999999992,1.2778,0.7
57.09600000000001,0.4787000000000001,0.5
102.18099999999993,0.1133999999999997,0.4
102.18099999999993,0.1612999999999997,0.4
143.18900000000005,2.4220000000000006,2.2
74.12699999999995,-0.4895000000000002,-0.6
88.15399999999994,-0.0994000000000003,-0.1
243.30600000000013,2.538400000000001,3.0
121.18299999999992,1.7063,1.2
129.20699999999994,-1.1496999999999988,-1.3
114.19199999999992,0.0408999999999997,0.1
145.16100000000003,1.5281,1.3
135.21000000000004,2.3922,2.1
105.13699999999994,-1.0460000000000005,-1.5
104.15299999999992,-1.4729999999999996,-1.7
122.17099999999994,0.5827999999999998,0.1
151.20900000000012,1.39922,1.5
165.19200000000006,1.4508,1.7
157.2130000000001,0.6672999999999998,1.2
165.2360000000001,1.5052,2.1
151.16500000000005,1.4265,2.0
165.1920000000001,1.5149,2.3
123.15899999999996,0.5425999999999999,1.1
129.08100000000002,0.4814999999999999,0.3
161.12600000000003,2.2876000000000003,2.4
190.45700000000005,1.4448,1.6
129.08100000000002,0.4799000000000001,0.4
113.038,0.0340000000000001,0.1
99.055,0.5074,0.2
131.07200000000003,1.0653,1.4
249.03199999999995,2.4169,3.3
141.09200000000004,0.6368999999999999,0.8
113.08199999999998,0.7681,0.5
177.11600000000004,1.7456,2.0
163.08900000000006,1.4034,1.6
149.06200000000004,1.1427,1.1
199.069,1.778,1.7
213.09600000000003,2.0386999999999995,2.3
182.06700000000004,0.7246999999999997,0.6
241.87000000000003,0.48138,0.6
127.958,0.2754,0.2
134.175,0.3778000000000001,0.1
121.12999999999997,1.1329,0.9
81.06499999999998,0.2101999999999999,0.1
109.11899999999996,0.8130999999999999,1.1
123.14599999999994,1.2032,1.0
95.09199999999996,0.4708999999999999,0.6
109.11899999999996,0.861,0.5
95.09199999999996,0.6003000000000002,0.3
101.19299999999993,1.3813,1.4
253.3450000000001,4.397400000000004,4.1
101.14899999999994,0.5178000000000001,0.5
102.18099999999994,0.2760000000000002,0.2
198.2690000000001,2.4418,2.5
74.12699999999995,-0.3601,-0.9
131.07200000000003,0.8454999999999999,0.8
159.12600000000006,1.4484,1.8
115.21999999999991,1.7698,1.6
183.079,1.9643,1.7
163.26400000000015,2.810900000000001,3.1
230.909,3.882400000000001,4.0
196.46400000000003,3.229,3.7
230.909,3.8824,4.5
122.17099999999996,1.15942,0.9
162.01900000000003,2.575600000000001,2.9
101.19299999999993,1.2372,1.4
101.19299999999993,1.3797,1.2
158.20400000000006,2.0042,1.9
121.18299999999994,1.88564,2.3
135.21000000000004,2.1940600000000003,2.3
329.8169999999999,3.5563,3.3
135.21000000000004,2.1940600000000003,2.3
258.15,0.1578000000000001,1.0
138.17000000000007,0.8595999999999999,0.5
152.15300000000005,0.5491999999999999,1.4
124.14299999999994,0.5566000000000002,0.5
162.01900000000003,2.575600000000001,2.9
129.10899999999998,1.547,1.5
121.18299999999994,1.88564,1.7
259.22099999999995,3.246600000000001,3.5
109.13199999999996,0.2460000000000001,-0.2
162.01900000000003,2.575600000000001,2.9
152.24000000000007,0.1031999999999999,0.3
153.18100000000007,1.286,1.2
114.10399999999996,-1.7675999999999992,-1.3
121.18299999999994,1.88564,1.8
162.01900000000003,2.575600000000001,2.8
190.02900000000005,2.0923,0.8
149.2370000000001,2.3936,2.7
177.29100000000017,3.515600000000001,3.2
163.2200000000001,2.2618400000000003,1.1
251.12,2.104,1.7
293.2009999999998,2.6907000000000005,2.6907000000000005
110.11999999999998,-0.3589999999999999,-0.5
109.13199999999996,0.2459999999999998,0.2
121.18299999999994,1.88564,1.8
195.062,1.5269,2.2
161.24500000000018,0.3370999999999999,0.2
132.12600000000003,0.1600400000000001,-0.1
85.066,-0.3482,-1.4
165.15600000000006,-0.7612000000000001,-1.1
89.13799999999995,-0.2840000000000001,-0.4
102.18099999999993,-0.1048,-0.2
121.13899999999994,0.629,0.2
119.16399999999992,-0.9215000000000002,-1.3
77.05799999999998,-0.5604,-0.7
105.13699999999992,-1.3116,-1.8
89.13799999999995,-0.2840000000000001,-0.8
251.909,2.1888000000000005,1.9
154.12500000000006,0.8825999999999998,1.6
123.15899999999996,0.6756399999999999,0.7
143.57700000000006,1.02062,1.2
143.57300000000004,1.6278,1.8
125.13099999999996,0.0728199999999998,-0.9
123.15499999999994,1.2828199999999998,1.2
153.14100000000005,0.7591999999999999,0.9
154.12500000000003,0.8825999999999998,1.5
111.10399999999996,-0.6479000000000001,-1.0
99.093,-0.03978,-0.9
151.16500000000008,1.27542,1.8
129.24699999999993,2.1599000000000004,2.3
223.231,2.0442,2.7
135.16600000000005,1.4714,1.6
194.23700000000005,2.970200000000001,2.6
193.24900000000005,3.575200000000001,3.5
136.15400000000005,0.3677,0.4
123.15499999999992,0.7610999999999999,1.1
125.19599999999996,1.5575,1.4
137.13800000000003,0.967,1.2
151.16500000000008,1.0554,1.9
118.13899999999995,1.1404800000000002,1.4
150.20600000000005,1.8785,1.9
77.15199999999997,-0.1250999999999998,-0.4
183.051,0.7583000000000002,0.8
152.15300000000005,0.3878,0.1
117.14799999999994,0.1983999999999999,-2.1
109.12799999999994,0.9744,0.6
75.11099999999995,-0.6741000000000001,-1.0
95.10499999999998,0.0588,-0.1
94.11699999999996,0.6638000000000001,0.5
95.10499999999998,0.0588,-0.2
144.17700000000005,1.817,1.9
137.18200000000007,1.0908,0.8
141.2140000000001,1.4568,0.7
127.18699999999993,1.0667,0.2
135.122,1.1211,1.2
172.02500000000003,2.0313,2.1
123.98099999999997,0.3400000000000001,0.0
112.08799999999998,-2.0396,-1.2
141.60100000000006,2.23062,2.5
133.50000000000003,1.0723,1.2
269.4939999999999,3.4552,4.6
269.494,3.4552000000000005,4.6
97.51999999999998,0.4794999999999999,0.4
105.524,0.2242,0.6
141.60100000000008,2.23062,1.9
200.58100000000005,1.3471,1.4
93.513,-0.2895000000000001,-0.5
169.61100000000005,1.8639,1.6
127.57399999999996,1.9222,1.9
155.58400000000006,1.4389,0.6
79.52999999999997,0.1839,-0.1
142.02900000000008,1.0536,1.0
121.56699999999996,0.3133999999999999,0.3
107.58399999999996,0.7867999999999999,0.3
171.58300000000006,1.459,0.4
93.55699999999996,0.4445999999999999,0.4
84.07799999999999,-0.6146200000000002,-1.0
137.18200000000007,1.6675,1.5
165.19200000000006,1.1842,1.2
103.16499999999994,0.2423,0.0
115.21999999999991,1.7714,1.7
121.18299999999994,1.8312,1.7
103.13999999999994,0.8356999999999999,0.6
91.12899999999996,0.6932000000000001,0.2
77.05799999999999,-0.5588000000000002,-1.0
153.15600000000006,1.5946,1.5
139.12900000000005,0.9246,0.6
91.12899999999996,0.6932000000000001,0.6
63.07500000000002,-0.0853999999999999,-0.4
109.11899999999996,0.5150000000000001,0.5
123.14599999999994,0.8572,1.0
155.12800000000004,0.9447,1.0
77.10199999999996,0.1752999999999999,0.1
105.15599999999996,1.0817,1.0
77.10199999999996,0.3031000000000001,0.1
77.10199999999996,0.6507000000000001,0.3
101.19299999999993,1.5238,1.5
165.19200000000006,1.094,0.4
89.09399999999997,-1.1475000000000002,-1.1
219.02500000000003,1.8734,2.3
103.16499999999996,0.3701000000000002,-0.1
171.2840000000002,2.0507,2.5
140.20700000000005,1.9839000000000009,2.3
89.13799999999995,-0.0199999999999999,-0.4
103.16499999999994,0.3701000000000002,-0.2
89.13799999999995,0.3276000000000002,-0.1
137.18200000000007,1.58582,1.7
133.191,-0.1312000000000002,-0.5
179.2190000000001,1.397,0.7
88.15399999999994,-0.1140999999999999,-0.2
122.17099999999996,1.15942,0.9
122.17099999999996,1.15942,0.6
85.10599999999997,0.0478000000000001,0.1
83.13399999999996,0.3569000000000001,0.0
141.60100000000006,2.23062,3.0
118.20099999999994,1.0936,1.0
141.60100000000006,2.23062,1.9
152.15300000000008,1.48542,2.0
109.13199999999996,0.5182999999999998,0.6
108.14399999999996,1.1232999999999995,1.1
101.19299999999993,1.3813,1.5
107.15599999999996,1.57722,1.3
121.18299999999994,1.45372,1.3
87.16599999999994,0.9912,1.0
87.12199999999996,0.1277,0.2
143.18900000000005,2.4220000000000006,2.3
166.13600000000002,0.6937,-0.1
138.12600000000003,1.177,1.9
214.22400000000005,3.338400000000001,3.7
152.15300000000008,1.48542,2.0
89.14199999999995,-1.550699999999999,-1.9
88.15399999999994,-0.0994000000000003,-0.4
87.16599999999994,1.1337,1.0
99.13299999999995,0.4379,0.4
121.18299999999992,1.1878,1.4
151.16900000000007,0.6818,0.1
108.14399999999996,0.5403000000000001,-0.2
57.09600000000001,0.1311,0.1
71.07899999999998,-0.3423,-0.7
55.080000000000005,-0.4216999999999999,-0.4
147.14100000000005,0.0019999999999998,-0.5
110.11599999999996,-0.0977999999999998,0.0
100.146,0.7253000000000001,0.4
127.16799999999996,0.847,0.5
128.15199999999996,1.4463,1.6
135.16600000000005,1.09392,0.8
122.17099999999994,0.5828,-0.1
252.36100000000013,3.746200000000002,3.7
165.2360000000001,2.2384000000000004,2.3
177.2470000000001,1.821,1.6
167.25200000000012,1.821,1.6
137.18200000000004,1.4582,1.6
137.18200000000004,1.824,1.9
175.23100000000008,1.9925,2.8
84.12199999999996,0.1194799999999999,-0.5
122.17099999999994,1.1476,1.4
161.12600000000003,2.2876000000000003,2.3
203.16300000000007,2.6638,2.6
209.13300000000004,2.2888,2.7
141.13600000000008,1.5004,1.7
195.10600000000005,1.9466,2.3
113.08199999999998,0.8975000000000002,0.8
163.08900000000006,1.5312,1.5
227.12300000000005,2.5566000000000004,2.4
213.09600000000003,2.1665,2.2
253.1320000000001,3.8248000000000006,3.5
109.11899999999996,0.9904000000000002,0.7
109.11899999999996,0.861,1.0
101.19299999999993,1.3797,1.4
101.19299999999993,1.3813,1.4
123.15899999999996,0.40336,-0.8
131.22299999999996,-0.7263999999999986,-1.4
152.15300000000005,0.5491999999999999,0.2
122.17099999999996,1.15942,0.6
162.01900000000003,2.575600000000001,2.7
109.13199999999996,0.2460000000000001,-0.5
121.18299999999994,1.88564,2.5
152.15300000000005,0.5491999999999999,0.2
122.17099999999996,1.15942,0.9
250.921,2.793800000000001,3.1
162.01900000000003,2.575600000000001,2.9
183.123,1.0852,1.9
211.133,0.6019,0.8
121.18299999999994,1.88564,2.0
233.2710000000001,0.7021999999999999,1.0
177.16300000000004,-0.2653999999999999,0.5
204.1850000000001,0.5285999999999998,0.4
75.11099999999995,-0.6724999999999999,-1.1
165.19200000000006,1.1611,-1.4
124.14699999999996,0.0706399999999996,-0.4
136.15400000000008,0.3677000000000002,-0.5
125.19599999999996,1.5575,0.5
137.13800000000003,0.967,0.1
165.1920000000001,1.4455,1.8
118.13899999999995,1.1404800000000002,1.1
138.12600000000003,1.177,1.4
123.15499999999994,1.2828199999999998,0.5
109.12799999999994,0.9744,0.2
94.11699999999996,0.6638000000000001,0.1
172.02500000000003,2.0313,2.1
161.55400000000006,1.3755,1.6
147.52700000000004,1.1148,1.1
145.56400000000002,2.0613,2.1
157.60000000000008,1.9308,2.0
169.61100000000008,2.2984,2.1
155.58400000000003,1.4389,1.5
127.57399999999996,1.9222,1.9
141.60100000000006,2.23062,2.9
96.13299999999995,0.58528,0.5
91.12899999999996,0.5507000000000002,0.4
105.15599999999992,1.0817,0.7
119.18299999999992,1.2015,1.3
91.12899999999996,0.5654000000000001,0.5
105.15599999999996,1.0833000000000002,0.9
77.10199999999996,0.3047000000000002,0.0
92.11699999999996,-0.7581000000000004,-1.2
101.19299999999993,1.5238,1.5
252.3170000000001,3.055600000000002,3.055600000000002
138.12600000000006,-0.1139000000000002,0.7
153.13700000000003,0.6726,0.8
137.13800000000006,0.4911,0.4
123.15499999999994,1.2774,0.9
108.14399999999996,0.97222,0.9
186.05200000000008,2.33972,2.9
176.17500000000004,0.6118999999999999,1.3
107.15599999999996,1.5772199999999998,1.4
135.16600000000005,1.09392,1.2
121.18299999999994,1.45372,1.3
101.14899999999994,0.5178000000000001,0.4
101.19299999999993,1.3797,1.4
225.2910000000001,3.1762200000000016,3.4
150.1810000000001,1.48562,1.3
131.17499999999998,0.4443999999999999,-1.8
152.15300000000008,1.48542,1.7
166.13600000000002,0.6937,0.8
153.14100000000005,0.7591999999999999,1.3
152.15300000000008,1.48542,1.8
177.2030000000001,1.6041999999999998,1.5
87.16599999999994,1.1337,1.1
166.60700000000006,2.4652000000000003,3.1
135.21,1.5779,1.8
123.11099999999996,0.7797999999999999,0.4
108.14399999999996,0.5403,-0.3
144.17700000000005,1.817,1.6
275.2199999999998,2.9522000000000004,3.4
130.19099999999997,-0.7227000000000003,-1.1
137.18200000000004,0.8934,1.1
151.2090000000001,1.2819,1.4
108.14399999999996,0.5403000000000001,-0.4
231.2990000000001,1.55042,1.0
151.2090000000001,1.2449,1.6
192.2620000000001,1.4544,1.1
139.22300000000007,1.9907,1.8
123.15899999999996,0.5425999999999999,0.6
172.23100000000008,2.3008000000000006,1.1
141.1360000000001,1.6761,1.4
141.1360000000001,1.5336,1.1
127.10899999999997,1.2860000000000005,1.2
127.10899999999997,1.2876000000000003,1.1
141.13600000000008,1.5483,1.6
141.13600000000008,1.5467,1.7
123.14599999999996,1.3789,1.1
109.11899999999996,0.9904000000000004,0.9
200.24100000000007,2.643300000000001,1.4
102.16199999999998,0.0479000000000001,-0.2
169.29300000000012,2.9584400000000013,3.4
162.15600000000006,-0.4158000000000004,-0.9
174.24400000000017,-0.7060999999999991,-1.2
165.2360000000001,1.5425999999999995,1.7
179.17500000000004,1.3432,1.3
127.14699999999996,-0.9214000000000002,-1.3
123.15499999999994,1.2828199999999998,0.7
154.12500000000003,0.8825999999999998,1.0
241.461,2.3222,2.2
182.13500000000005,0.8752,0.7
190.00000000000003,0.5268999999999999,-0.3
135.16600000000005,1.4714,0.8
136.15400000000008,0.3677,-0.4
151.16500000000005,0.8958999999999999,0.9
132.166,1.33488,1.2
125.19599999999996,1.5575,1.3
137.13800000000003,0.967,0.8
151.16500000000008,1.27542,1.8
152.15300000000005,0.3878,-0.4
109.12799999999994,0.9744,0.0
162.14800000000002,0.1523999999999999,0.5
83.09399999999997,-0.0080999999999998,-1.1
95.10499999999998,0.0588,-0.2
144.17700000000005,1.817,1.6
153.13700000000003,0.6726000000000001,1.3
214.06200000000007,2.4075,2.3
172.02500000000003,2.0313,2.3
200.0790000000001,2.5151000000000003,3.2
228.08900000000008,2.1509,1.7
149.23700000000014,2.6114000000000006,3.0
141.60100000000006,2.3817000000000004,2.8
142.58900000000006,1.5044,1.3
144.56500000000003,0.2944,0.5
157.60000000000008,1.9308,1.9
172.57100000000003,1.8304,2.7
127.57399999999996,1.9222,1.9
155.58400000000006,1.4389,1.6
171.58300000000003,1.459,0.9
118.13899999999995,1.1404800000000002,1.3
165.19200000000006,1.4508,1.8
152.1970000000001,1.2497,1.0
137.18200000000007,1.6675,1.2
121.18299999999994,1.8312,2.0
91.12899999999996,0.6948000000000003,0.3
125.14599999999996,1.7163199999999998,1.4
156.11600000000004,1.3161,0.8
153.15600000000006,1.7840999999999998,1.5
91.12899999999996,0.6932000000000003,0.4
167.18300000000005,1.5275,1.1
155.12800000000004,0.9447,0.4
105.15599999999992,0.9539,0.9
105.15599999999992,1.0833000000000002,0.8
151.16500000000008,1.3505999999999998,0.5
219.02500000000003,1.8734,2.3
219.3280000000001,3.5377000000000027,3.5377000000000027
137.18200000000007,1.5858199999999998,1.2
165.1920000000001,1.6535999999999995,1.1
137.18200000000007,1.1539,0.8
303.3609999999997,4.673700000000004,4.1
122.17099999999996,1.15942,0.1
108.14399999999996,0.97222,0.6
109.13199999999998,0.36722,0.3
114.17299999999996,1.03372,1.0
149.1930000000001,1.95342,1.7
151.16500000000005,1.4265,2.2
107.15599999999996,1.5772199999999998,1.4
135.16600000000005,1.09392,1.2
135.21000000000004,1.49622,1.6
121.18299999999994,1.45372,1.3
99.09299999999998,-0.03978,0.1
101.19299999999993,1.3813,1.3
102.13699999999994,-0.8077000000000001,-1.1
144.21800000000013,-0.3325999999999998,-0.7
150.2250000000001,1.9278,1.7
152.15300000000008,1.48542,1.1
180.16300000000004,1.5531999999999997,1.7
166.13600000000002,0.6937,0.8
259.22099999999995,3.2466000000000017,3.6
335.3189999999998,4.972800000000003,4.8
214.22400000000005,3.338400000000001,3.7
114.19199999999992,-0.0553000000000001,-0.4
135.21000000000004,2.2213000000000003,2.4
95.10499999999998,0.0588,-0.5
94.11699999999996,0.6638000000000001,0.3
122.12699999999997,0.1804999999999999,-0.3
149.23700000000014,2.5663,2.7
119.16699999999992,1.9118,1.8
123.15899999999996,0.5425999999999999,0.5
141.13600000000008,1.6761,1.5
147.2210000000001,2.1476,2.6
134.18200000000004,1.3554,0.9
127.10299999999997,-1.3546000000000002,-1.5
153.13700000000003,0.6726000000000001,1.3
99.09699999999998,-1.2077000000000002,-0.2
112.13199999999996,0.87364,0.8
103.16499999999992,0.1076999999999999,-0.3
117.14799999999993,0.2000000000000001,-2.6
128.56199999999998,1.3172,1.1
141.60100000000006,2.23062,1.4
226.27600000000007,1.1849999999999998,2.1
105.15599999999992,1.0849000000000002,0.7
133.194,1.7575,2.1
237.00000000000003,-0.0433,-0.5
144.17700000000005,1.817,1.4
98.10499999999998,0.5652200000000001,0.1
139.11400000000003,0.572,0.9
145.14300000000003,0.6335000000000001,0.8
152.15300000000008,1.48542,1.9
144.17700000000005,1.817,1.2
117.19199999999992,0.4978000000000001,0.0
149.15700000000007,-0.1029000000000001,-0.2
108.14399999999996,0.97222,1.0
138.12600000000003,0.3620000000000001,1.4
243.30900000000003,4.728400000000002,5.0
130.19099999999997,-0.0091999999999997,-1.3
112.17599999999992,1.0290800000000002,0.0
126.11899999999996,-0.6534000000000004,-1.8
150.20600000000005,1.8785,1.3
108.14399999999996,0.97222,0.4
109.13199999999996,0.36722,0.2
109.13199999999998,0.36722,0.4
144.17700000000005,1.817,1.3
147.14100000000005,0.002,-0.5
159.18800000000005,2.1276,1.6
144.17700000000005,1.817,1.8
222.29100000000008,3.4540000000000024,3.7
149.15700000000007,-0.0545000000000001,0.0
59.06800000000001,-0.5084000000000002,-0.9
135.13000000000005,-0.0648999999999999,-0.1
163.2200000000001,1.6654999999999998,1.7
91.08499999999997,-0.2981,-0.8
269.77199999999976,2.9871000000000016,3.5
85.14999999999993,0.9113000000000002,0.7
71.12299999999996,0.5212000000000001,0.4
99.17699999999992,1.3014,1.1
100.12099999999997,-0.1593,-0.4
227.2630000000001,2.956100000000001,2.956100000000001
151.16500000000008,0.7709999999999999,-1.7
187.7140000000001,-0.9695999999999992,-0.9695999999999992
227.33700000000016,1.8456,3.0
113.076,0.3178999999999998,0.1
103.12099999999997,-0.4917999999999999,-0.4
56.068000000000005,-0.53132,-1.4
131.17499999999998,0.5884999999999998,-1.5
85.07,-1.2181000000000004,-0.9
101.134,0.1203,0.1
84.08199999999998,-0.6131000000000004,-0.4
93.12899999999996,1.2688,0.9
331.32699999999977,3.5421000000000014,4.5
176.12400000000005,-1.4074,-1.6
294.3069999999997,-0.3110999999999995,-2.7
266.3409999999999,0.4521,0.2
215.68800000000013,1.7770999999999997,2.6
289.3749999999995,1.9309,1.8
70.09499999999997,-0.1412199999999999,-1.0
121.13899999999995,0.7855000000000001,0.6
135.16600000000005,0.7143999999999999,0.5
134.17800000000005,1.8181,1.3
136.19400000000005,1.6115,1.9
184.24200000000008,2.518,1.3
165.1920000000001,1.4455,1.9
187.20600000000007,0.7029999999999998,1.4
137.13800000000006,0.8055999999999999,0.3
123.15499999999994,0.7611000000000001,-0.1
150.18100000000007,0.8548999999999998,0.7
135.16600000000005,1.4714,1.2
179.26300000000012,1.6701,1.7
150.17700000000008,1.7038,1.8
244.3160000000001,0.7968000000000001,0.3
343.121,-2.456199999999998,-0.6
281.1809999999998,-0.8847999999999985,0.0
104.15299999999996,-1.0795999999999994,-1.8
226.3220000000001,4.288840000000002,3.0
185.042,2.2534,3.4
324.4679999999995,4.610000000000005,5.3
268.3599999999998,3.0496000000000016,3.9
118.09599999999998,-1.7620000000000005,-2.1
137.96400000000006,-0.1333999999999999,-0.5
302.953,3.4654000000000007,3.2
87.12199999999996,0.2718000000000001,-0.2
88.15399999999994,0.0300000000000001,-0.4
163.2200000000001,2.4252,2.0
171.28400000000016,2.6124,3.4
113.15999999999994,0.6766000000000001,-0.1
236.2740000000001,3.3872000000000018,2.5
117.14799999999994,0.7377,0.6
79.48599999999999,0.3039000000000001,0.2
201.22500000000008,2.5580000000000007,2.4
191.19000000000008,1.7411999999999996,1.5
206.028,2.2738,2.0
101.483,0.7342,0.7
83.493,0.437,0.5
318.87299999999965,4.894400000000004,5.2
213.6640000000001,3.2969000000000017,3.5
147.17700000000008,1.1851,1.4
148.16100000000006,1.7844,2.1
85.10599999999997,0.0478000000000001,0.0
113.15999999999994,0.8280000000000001,0.9
113.11999999999996,-1.2268999999999994,-0.8
42.041,-0.57382,-0.3
240.6980000000001,1.6708799999999997,2.2
123.15899999999996,0.6756399999999999,0.4
112.13199999999996,0.0361800000000001,-0.2
71.12299999999996,0.4975999999999999,0.2
113.20399999999992,1.5254000000000003,1.7
99.17699999999992,1.2778,1.5
127.2309999999999,2.058,1.3
85.14999999999993,0.8876999999999999,0.6
57.09600000000001,0.1074999999999999,0.1
85.10599999999997,-0.1183000000000003,-0.4
102.09299999999996,-1.624900000000001,-1.5
296.1559999999999,-2.195199999999998,2.1
166.1880000000001,-0.3897000000000006,-0.2
111.10399999999996,-0.6479000000000004,-1.7
129.094,-0.5088000000000001,-0.9
285.4749999999994,4.779000000000004,5.4
266.38799999999986,3.5328000000000026,4.9
135.21,1.5763,1.8
101.10499999999996,-0.3309999999999999,-1.4
115.17599999999992,0.7028000000000002,-0.4
122.17099999999996,1.14148,1.8
111.18799999999992,1.4659,1.6
284.7459999999997,3.153800000000002,3.0
117.938,1.0035,1.0
105.13699999999994,-1.4393999999999998,-1.4
274.3609999999997,-0.2262999999999987,-0.2262999999999987
115.21999999999991,1.7382,2.2
115.17599999999992,0.9079,1.0
112.17599999999992,0.85178,0.8
163.26400000000012,2.5284000000000004,2.7
135.59400000000005,1.687,1.4
131.21899999999997,0.7106000000000001,0.7
78.021,0.5384800000000001,0.8
82.05299999999998,-0.5459000000000005,-0.8
203.032,2.5506,3.6
95.09199999999996,0.7706,1.2
136.019,1.7453999999999998,2.2
126.20299999999992,1.58628,2.1
115.21999999999991,1.7366,1.8
115.21999999999991,1.7366,2.1
89.13799999999995,-0.1137000000000001,0.1
98.14899999999994,0.46008,0.5
107.53999999999996,0.9068,0.8
89.13799999999996,-0.2839999999999999,-0.8
115.21999999999991,1.5941,2.0
90.08199999999997,-0.2603000000000001,0.6
101.19299999999993,1.3465,1.6
101.19299999999993,1.3464999999999998,1.2
231.68200000000004,4.183500000000002,3.8
314.34399999999977,3.7878000000000025,4.8
199.33800000000025,3.3926000000000007,3.5
153.18100000000007,0.5989999999999998,-1.0
218.25300000000013,-1.642599999999999,-1.7
156.1850000000001,0.5376000000000003,0.9
333.26599999999974,3.924200000000004,5.1
88.06599999999999,-2.043,-1.6
61.08400000000002,-1.0626000000000002,-1.3
237.2550000000001,1.8303,1.2
127.10899999999997,1.1582,0.7
143.18600000000012,0.6248,0.8
193.24600000000007,1.9293,2.9
132.11900000000003,-0.1887999999999999,0.1
145.20200000000014,1.4847,1.9
115.2199999999999,1.5941,2.0
165.1920000000001,2.255,2.3
301.34199999999964,3.6038000000000014,4.3
355.69999999999976,3.977000000000003,5.0
281.23299999999983,4.147200000000002,5.2
91.12899999999996,1.0408000000000002,1.0
46.025000000000006,-0.2991999999999999,-0.2
114.10399999999996,-1.4868,-1.7
111.09999999999997,0.3785,-0.1
111.09999999999997,0.3785,0.1
100.081,-0.7660000000000002,-0.5
97.11699999999996,0.7383000000000001,0.4
75.06699999999998,-1.536,-1.5
151.12900000000005,-0.7716000000000003,-1.1
129.20299999999995,1.4421,1.9
222.11700000000005,-1.6463999999999996,1.6
115.17599999999992,1.052,1.3
111.14799999999995,-0.0891000000000003,-0.7
184.24200000000008,3.1256000000000013,2.9
33.03,-0.6657000000000002,-1.2
76.05499999999998,-0.9561000000000002,-1.8
297.1849999999997,4.133800000000003,3.8
103.08099999999996,-1.2666000000000004,-0.7
280.4149999999995,3.875000000000002,4.8
132.166,1.7500999999999998,0.7
330.1709999999998,2.880000000000001,3.1
72.10699999999996,0.8412999999999999,0.8
131.17499999999998,0.4443999999999999,-1.7
164.16400000000004,-0.1155999999999998,-0.2
309.3659999999996,4.252800000000004,5.6
73.13899999999995,0.6141999999999999,0.6
328.4119999999995,2.1354,3.1
131.17499999999998,0.4443999999999999,-1.5
234.34300000000016,2.5837400000000006,2.3
131.17499999999998,0.5884999999999998,-1.5
237.25500000000005,2.955820000000001,3.0
115.08799999999997,-0.8875000000000002,-1.0
296.15299999999974,4.743620000000002,5.2
241.29000000000008,3.7452400000000026,5.1
199.29400000000007,1.295,1.3
202.21700000000007,0.3275199999999999,0.7
46.073000000000015,-1.1387,-1.6
63.12500000000001,0.2231,-0.3
82.55499999999999,1.5032,1.3
140.1900000000001,-1.0197999999999992,0.3
225.31300000000013,2.743540000000001,2.9
149.2150000000001,0.1513999999999998,-1.9
127.10899999999997,1.1582,1.3
101.19299999999993,1.2503,1.6
187.2390000000001,0.6638999999999999,0.4
121.18299999999994,1.8312,2.1
121.05199999999998,-0.6983999999999999,0.8
76.05499999999998,-0.8207,-0.8
151.16500000000008,1.8649,1.8
151.16500000000008,1.0554,1.4
101.19299999999993,1.3944,1.3
214.29400000000007,0.3714999999999997,1.7
111.11899999999996,1.4079,1.3
151.16500000000008,1.3505999999999998,0.7
114.10399999999996,-0.5734000000000001,-1.4
135.21000000000004,2.506900000000001,2.5
149.23700000000014,2.1846,2.3
331.13699999999994,4.6821,4.5
103.16899999999994,-1.506599999999999,-2.1
133.20999999999998,1.6862,1.6
119.18299999999992,1.2961,1.4
105.15599999999996,0.9539,0.9
149.1930000000001,1.95342,0.9
145.25000000000014,-0.3841999999999985,-0.9
167.2270000000001,2.2774,2.6
223.31600000000017,1.816,2.2
365.582,5.335500000000001,5.0
374.2059999999999,4.748100000000001,4.5
256.202,3.6900200000000014,3.8
354.2339999999999,5.187100000000003,5.0
399.134,5.700900000000001,5.3
135.03500000000005,1.3184,2.0
167.05200000000002,1.9578,2.9
123.14599999999996,1.5987,2.0
95.09199999999996,0.8185,1.1
123.14599999999994,1.5508,1.9
105.15599999999992,1.3031,1.5
75.08599999999997,0.6465,1.3
89.13799999999993,0.1998,0.1
90.12599999999996,-0.9038999999999991,-1.1
103.16499999999992,0.542,0.6
103.16499999999994,0.5882999999999998,0.5
116.11999999999996,-0.5381,-0.7
349.12699999999995,4.8212,4.5
197.23700000000005,2.9475000000000016,2.95
345.164,4.99052,4.7
113.08199999999998,1.1157,1.4
127.10899999999998,1.5057999999999998,1.9
101.19299999999993,1.2519,1.5
115.2199999999999,1.6404,1.7
101.19299999999993,1.2519,1.5
87.16599999999993,0.8617999999999999,1.1
121.18299999999992,2.03672,2.2
87.16599999999993,1.0043,0.8
101.19299999999993,1.2519,1.5
121.18299999999992,2.03672,2.6
115.21999999999991,1.7845,1.8
153.13700000000006,0.5111999999999999,-0.1
121.18299999999992,2.03672,2.1
141.25800000000007,2.3407,2.5
141.25800000000007,2.0321,2.8
149.2370000000001,2.0095,2.1
112.17599999999996,0.7387,0.2
205.34500000000017,3.657600000000003,4.4
115.21999999999991,1.5941,2.0
115.17599999999992,0.7306,0.8
163.22000000000008,1.69682,2.3
135.21,2.06102,2.8
163.22000000000008,1.69682,1.0
164.25200000000012,1.8186,2.2
144.26200000000014,0.8881999999999999,1.1
214.31200000000013,2.9718000000000018,3.4
164.25200000000012,1.8186,2.6
102.18099999999993,-0.2325999999999999,-0.2
88.15399999999994,-0.2751000000000001,-0.1
146.23800000000017,-1.916999999999998,-2.5
133.191,-0.7071000000000003,0.1
393.48299999999966,3.3728000000000025,4.1
373.49299999999954,2.968300000000002,4.2
235.049,2.8887,4.0
109.11899999999996,1.1623,1.5
376.41199999999975,4.208400000000002,4.1
209.13300000000007,3.1281000000000017,3.9
181.07900000000004,2.3479,3.1
265.441,4.526500000000004,4.7
251.41400000000024,4.136400000000004,4.4
223.3600000000002,3.500300000000003,3.3
237.38700000000023,3.890400000000003,3.8
164.25200000000012,2.115,2.2
119.18299999999992,1.6437,1.9
169.14600000000007,1.4170999999999998,1.6
155.1630000000001,1.8905,1.9
163.26400000000012,2.8412200000000007,3.6
144.1740000000001,1.0760999999999998,1.2
207.2730000000001,2.1772,1.2
163.26400000000012,2.8412200000000007,3.5
194.2340000000001,2.4410000000000007,3.0
177.2470000000001,2.1686,1.2
149.2370000000001,2.532800000000001,3.3
178.2350000000001,1.5636,0.3
129.20299999999992,1.2648,0.9
185.3110000000002,2.677900000000001,2.7
143.23000000000013,1.6517,1.3
157.30100000000022,2.761200000000001,3.2
115.21999999999991,1.735,1.9
171.32800000000023,3.293800000000002,3.7
87.16599999999994,0.9564,1.1
145.09900000000007,1.4059,1.9
88.15399999999994,-0.1473,-0.1
136.19800000000004,1.3348,1.4
102.18099999999993,-0.1863000000000001,-0.2
136.19800000000004,1.3348,1.2
102.18099999999993,-0.1846999999999998,-0.3
203.20700000000008,2.767000000000001,3.0
207.3170000000001,2.2910000000000004,2.5
110.15999999999994,0.6856999999999999,1.2
166.18000000000006,1.6607999999999998,1.9
116.11999999999996,0.2958999999999999,-0.8
122.17099999999994,1.1476,1.6
121.61099999999992,1.1769,1.2
166.18000000000006,1.6607999999999998,2.2
217.19000000000003,2.4072000000000005,3.0
179.2190000000001,1.397,1.0
194.19000000000003,1.2966,0.8
166.18000000000006,1.6607999999999998,2.3
87.12199999999994,0.0945,-0.8
151.2090000000001,1.373,1.4
125.17099999999992,0.8168,0.7
121.18299999999992,1.7526,2.3
149.19300000000007,1.3884,0.6
135.21,1.7482,2.0
199.33800000000025,3.215300000000002,4.0
227.39200000000025,3.9955000000000034,4.1
157.25700000000018,2.045,2.2
143.23000000000013,1.6549,1.6
74.12699999999995,-0.5358,-0.6
135.21,2.06102,2.8
115.2199999999999,1.5941,2.0
185.3110000000001,2.825200000000001,3.5
171.2840000000002,2.4351000000000003,3.0
135.21,2.06102,2.9
183.6380000000001,2.0417999999999994,1.6
129.20299999999995,1.2648,1.1
129.20299999999992,1.1206999999999998,1.1
136.19800000000004,1.3348,1.8
102.18099999999993,0.2427999999999999,0.4
255.44600000000028,4.775700000000004,5.2
241.41900000000027,4.385600000000004,4.7
213.36500000000024,3.605400000000002,3.6
260.34,5.173800000000004,5.0
211.2640000000001,3.3712000000000018,2.7
273.33499999999964,4.665100000000003,3.9
131.178,0.1880000000000001,1.3
143.23000000000013,1.6549,1.5
281.928,3.2732,4.3
227.95800000000003,2.3832000000000004,3.1
235.2860000000001,3.951400000000002,3.7
172.22800000000012,0.0225,-0.1
117.10399999999996,-0.7929000000000002,-1.2
116.11999999999996,-1.3921999999999994,-1.8
130.14699999999996,-1.0036999999999991,-1.5
163.19800000000006,-0.4945,0.4
191.2520000000001,0.3288,0.1
158.20100000000014,-0.3675999999999996,-0.6
115.13199999999992,0.0112,-0.5
177.2030000000001,1.586,0.9
309.4059999999995,0.6347999999999998,0.7
133.19400000000002,2.2845000000000004,2.5
271.3599999999997,3.475500000000002,3.4
197.2810000000001,2.9764000000000017,2.7
149.1930000000001,1.3227,1.0
149.2370000000001,2.1383,2.3
149.23700000000014,2.898600000000001,2.8
93.55699999999996,1.1382,0.9
65.503,0.3596,0.1
181.3230000000002,3.2414000000000023,3.4
209.3770000000002,3.973700000000004,4.1
103.16499999999992,0.5883,0.5
141.13600000000008,1.5004,1.7
177.11600000000004,1.7935,1.9
109.11899999999996,0.861,1.0
123.14599999999994,0.9035,0.9
101.19299999999993,1.3944,1.4
91.12899999999996,0.5654000000000001,0.5
105.15599999999992,0.9076,1.0
103.16499999999992,0.2422999999999999,0.0
99.17699999999992,1.172,1.4
135.21,2.42682,2.5
101.19299999999993,1.2519,1.5
101.19299999999993,1.3944,1.1
155.1630000000001,1.8905,2.1
141.13600000000008,1.5483,1.6
119.18299999999992,1.2977,1.3
105.15599999999992,0.9555,0.9
135.21,2.42682,3.0
135.21,2.42682,2.5
166.18000000000006,2.0266,2.4
87.12199999999994,0.1424000000000001,-0.1
121.18299999999992,2.1184,2.2
74.12699999999995,-0.4879,-0.7
115.2199999999999,1.7366,1.6
116.20799999999991,0.4571999999999998,0.8
102.18099999999993,0.1149999999999999,0.3
102.18099999999993,0.1149999999999999,0.3
89.13799999999995,0.7174,0.5
135.21,2.1427,2.9
88.15399999999994,-0.1457000000000001,-0.2
88.15399999999994,-0.2272000000000003,-0.2
163.22000000000008,2.0594,1.6
71.001,0.9419,1.9
182.13500000000005,0.7137999999999998,-0.3
182.13500000000005,0.7137999999999998,1.1
123.15499999999994,1.7961199999999995,1.7
182.13500000000005,0.7137999999999998,0.6
61.08400000000001,-0.0627999999999999,-0.2
122.12699999999997,0.1805000000000001,-0.4
327.1229999999999,3.8595000000000006,4.0
223.3600000000002,3.4513000000000016,4.4
169.26800000000014,1.2911,1.2
105.05299999999998,-1.1536,-0.9
88.15399999999994,-0.4454000000000002,-0.8
122.17099999999994,1.3104999999999998,1.5
157.2160000000001,2.8815000000000017,2.9
111.14399999999992,0.999,0.5
73.09499999999996,-0.2477,-1.1
149.19300000000007,1.6693,1.1
107.15599999999992,1.7283,1.7
135.16600000000005,1.0462,0.9
135.21,1.4485,1.9
87.16599999999994,1.0043,1.1
101.14899999999994,0.5325,0.4
185.3110000000002,2.873100000000001,3.8
213.36500000000024,3.6533000000000015,4.0
143.23000000000013,1.7028,1.7
129.20299999999995,1.3127,1.5
60.10000000000002,-0.8779999999999999,-1.0
155.16300000000012,1.8889,2.2
217.2340000000001,3.1571000000000016,3.3
136.15400000000008,0.4412,0.0
171.28400000000016,2.4830000000000005,2.3
102.18099999999993,0.2427999999999999,0.2
157.25700000000018,2.0929,1.7
152.15300000000005,1.6364999999999998,2.2
192.2180000000001,0.3292999999999992,0.0
255.44600000000028,4.823600000000003,5.6
101.19299999999993,1.396,1.6
101.19299999999993,1.3944,1.7
115.17599999999992,0.9226,0.9
99.17699999999992,1.1021,1.3
108.14399999999996,1.1232999999999995,0.8
241.41900000000027,4.433500000000003,5.0
227.39200000000025,4.043400000000003,4.5
199.33800000000025,3.263200000000001,3.4
138.12600000000003,1.2901999999999998,2.1
388.11800000000005,-2.5520999999999976,0.2
326.1779999999999,-0.980699999999999,0.8
157.25700000000018,2.2223,2.9
303.67099999999976,2.946400000000001,2.3
263.3839999999999,3.826400000000003,4.5
157.30100000000022,3.084200000000002,3.5
184.24200000000008,3.0124000000000013,2.5
219.2870000000001,4.583400000000003,4.4
219.2870000000001,4.583400000000003,5.1
242.175,3.3816000000000006,3.5
197.23700000000005,2.938900000000001,2.6
169.22700000000006,3.430200000000002,3.5
183.25400000000008,3.298700000000002,3.1
151.16500000000008,1.1831,0.6
151.16900000000007,0.6818,0.4
88.15399999999994,-0.0994000000000003,-0.2
135.21000000000004,2.5085000000000006,2.5
88.15399999999994,0.0300000000000001,-0.2
115.21999999999991,1.7829,1.6
171.2840000000002,2.2894000000000005,2.1
375.5099999999994,1.8568000000000016,1.8568000000000016
165.1920000000001,1.4455,2.6
123.15499999999994,1.2774,1.2
151.16500000000008,1.2819,1.2
155.62800000000007,2.4060000000000006,2.7
143.23000000000013,1.8322,2.4
111.11899999999996,1.4079,1.3
151.16500000000008,1.3505999999999998,0.7
137.13800000000006,0.4911,1.3
165.1920000000001,1.6535999999999995,1.1
137.13800000000003,1.1441,1.1
90.03399999999998,-0.8443999999999998,-0.3
89.04999999999998,-1.4437000000000002,-0.9
103.08099999999996,-2.5384000000000007,-1.3
129.15899999999996,0.0407999999999997,-0.1
84.07799999999999,0.2568,-0.2
165.14800000000005,0.7096999999999998,0.8
150.1810000000001,1.2271999999999998,0.1
137.18200000000007,1.3220999999999998,0.8
123.15499999999994,1.2774,0.9
219.32800000000017,3.394020000000002,3.4
169.61100000000005,2.2984,2.1
146.19300000000007,1.62428,2.2
122.17099999999994,1.1476,1.3
149.2150000000001,0.1066999999999998,-1.8
281.3119999999996,3.720340000000003,5.2
265.3539999999999,4.7608,4.9
241.41900000000027,4.562900000000003,5.2
149.06200000000004,1.1427,1.1
121.008,1.5772,1.6
101.14899999999994,0.6619,0.7
111.11899999999996,1.4079,1.1
139.12900000000005,0.9246,0.9
179.2190000000001,2.0437,1.6
199.27800000000005,3.894800000000001,4.2
151.16500000000008,0.5506999999999997,0.8
165.19200000000006,0.641,-1.5
289.33399999999966,5.023700000000003,4.8
177.24700000000013,2.414300000000001,1.3
136.15400000000005,1.1772000000000002,0.8
137.13800000000006,0.4911,0.3
166.17600000000007,1.4094,1.2
122.12699999999997,0.1804999999999999,0.2
228.12,0.9933999999999998,0.6
135.21000000000004,2.3922000000000008,2.2
151.16500000000008,0.7941,0.9
152.15300000000005,1.6364999999999998,2.0
236.3150000000001,1.7674,1.9
347.2929999999997,4.148200000000004,5.2
284.4279999999996,4.241000000000003,4.5
225.29600000000016,1.5208,3.0
241.3640000000001,2.2341,3.5
211.6920000000001,2.666800000000001,2.2
73.09499999999997,-0.1182999999999999,-0.7
102.09299999999998,-1.6528999999999998,-1.8
218.08300000000008,3.3419000000000016,3.1
229.7150000000001,2.1655999999999995,2.9
339.4789999999996,4.275500000000004,4.2
259.34900000000005,2.577500000000001,3.0
155.28500000000017,2.564700000000001,3.5
161.12600000000003,2.2876000000000003,2.4
123.11499999999998,-0.4245000000000001,-0.6
221.64700000000005,1.4680999999999995,0.8
125.13499999999998,-0.7767999999999999,-0.8
153.13700000000006,0.5111999999999999,0.9
225.29600000000016,1.5223999999999998,3.2
75.07099999999997,-1.4716000000000005,-1.8
201.6610000000001,1.3885999999999998,2.2
116.11999999999996,-1.2628,-2.1
229.7150000000001,2.1672,3.1
241.3640000000001,2.2357,3.7
164.16400000000004,-0.1155999999999998,0.7
155.2850000000002,2.707200000000001,2.6
444.4399999999997,-0.371,-2.0
227.39200000000025,4.172800000000002,4.6
101.14899999999992,0.1240999999999996,-0.3
130.23499999999996,0.7086,0.2
105.16199999999996,0.8182,0.5
261.7079999999999,4.090220000000001,5.2
85.10599999999997,0.0478000000000001,0.0
155.24100000000016,1.9983,2.6
169.6550000000001,-1.3822999999999983,-1.3822999999999983
283.3739999999996,4.738980000000004,5.1
287.40599999999955,4.889000000000004,4.7
162.40300000000002,0.8418999999999999,1.0
229.45800000000008,1.5686999999999998,1.3
213.36500000000024,3.782700000000002,4.1
113.08199999999998,0.8959000000000001,0.8
127.10899999999997,1.1103,1.1
85.028,0.4649000000000001,0.5
352.4249999999996,5.259800000000004,5.2
335.2819999999997,4.148200000000004,5.3
290.32299999999964,1.2575999999999998,0.9
111.14399999999996,1.59986,1.5
167.05200000000002,1.9562,3.1
221.022,2.8478,3.9
204.22900000000007,1.1223,-1.1
185.3110000000002,3.0025000000000004,3.0
143.10200000000003,-2.3203000000000005,-2.1
101.06499999999998,-1.6087000000000002,-1.1
60.05600000000001,-0.9762000000000002,-1.4
89.09399999999997,0.1016000000000002,-0.2
117.14799999999994,0.0543,-2.3
