Property,Model,Kernel,Anisotropic?,LML,Test_MAPD,Train_MAPD,Test_MAE,Train_MAE,Test_R2,Train_R2
Tm,1,RQ,False,-4085.5395287881624,12.5037902238173,13.10571439575645,41.90811421824339,42.33606584372972,0.7105347374875495,0.7108190178976206
Tm,2,RQ,False,-6156.285253274621,15.981377719868043,17.537861190658383,55.98286939865395,60.579759999684,0.3311615943293531,0.3259193697647699
Tm,3,RQ,False,-4094.3852829220746,12.562230144383294,13.143416354559134,42.09019584897041,42.45344116723967,0.7069561452794386,0.7096245651704093
Tm,4,RQ,False,-4080.325998826774,12.493545310949832,13.100443655468979,41.87491956637454,42.32298312511017,0.7108255186387487,0.7111008560840111
Tm,1,RBF,False,-4100.159678816515,12.632984581555643,13.272145463077795,42.30990612125652,42.839081143784774,0.706893185061559,0.7047958776497827
Tm,2,RBF,False,-6159.380656926476,16.070812737696123,17.566367590257627,56.524737751196135,60.69313579274573,0.14974264475400556,0.3203995065375975
Tm,3,RBF,False,-4110.551543604357,12.680874573201834,13.30242704554219,42.515888461942,42.99198062529794,0.7012839896693319,0.7029508215964158
Tm,4,RBF,False,-4091.815213172737,12.524920068144937,13.130732899921579,41.98086804970673,42.41327300552075,0.7099468730048784,0.7099687463824549
Tm,1,Matern12,False,-4078.1292648237877,12.447806249839331,12.61518937141442,41.7555229216391,40.7117365597059,0.7114088753182276,0.7312628933092697
Tm,2,Matern12,False,-5987.702169236774,15.840971720588707,12.303310150104007,55.13621566066874,41.294240590512004,0.24739197198141671,0.7232642591192193
Tm,3,Matern12,False,-4084.262144261771,12.469439502436416,12.567734427341131,41.840425780538,40.57164616120002,0.709875778043046,0.7330836670888683
Tm,4,Matern12,False,-4072.9462147303248,12.44673469712551,12.666355616844486,41.74710584989408,40.88956425091357,0.7115296083442721,0.7290946391813343
Tm,1,Matern32,False,-4080.19780809448,12.508400416643243,13.105355677911321,41.91636203467589,42.34207912081795,0.7103501694070185,0.7106834862372655
Tm,2,Matern32,False,-6161.022682008258,16.04095602722851,17.4766927729755,56.212871321761874,60.35086378508887,0.3043515599283181,0.33258553942447056
Tm,3,Matern32,False,-4084.1339428323317,12.543717863106988,13.147692811921111,42.01769838221177,42.47433769308896,0.7092684090066899,0.7092761200049138
Tm,4,Matern32,False,-4076.281731899854,12.487329867003059,13.085274275280145,41.847786926741996,42.28017405598517,0.7109578937980092,0.7115195690635112
Tm,1,Matern52,False,-4087.602545288867,12.548985948686104,13.159168190225861,42.03626822607911,42.50495883262699,0.7092844914669053,0.7088002274253913
Tm,2,Matern52,False,-6158.4812511197115,16.05479016807727,17.533503730777316,56.329972572408465,60.56712067158323,0.24676040048816494,0.3262047052606064
Tm,3,Matern52,False,-4094.9180863336933,12.622540360521258,13.243400195914646,42.27170076185895,42.766333262408494,0.7060127523249959,0.7058973690344839
Tm,4,Matern52,False,-4080.7824292458454,12.50334263458664,13.11481964735843,41.89929886176895,42.37025157786124,0.7106483351651234,0.7105095183080768
Tm,1,RQ,True,-4085.0378190068213,12.496847921840269,13.103275337096662,41.904194798710776,42.34010900759116,0.7106150058482632,0.7107147200978501
Tm,2,RQ,True,-6156.2852532966745,15.981377274955397,17.537862167811717,55.98286822213447,60.5797638278751,0.33116172554382917,0.3259192685959532
Tm,3,RQ,True,-4093.797675353908,12.557240668282304,13.141878857594214,42.1019281798144,42.47009596443624,0.707045845202893,0.7093100375070055
Tm,4,RQ,True,-4080.0291610910167,12.487197559983755,13.098338332162337,41.86744310809157,42.32472706834437,0.7109188819900116,0.7110433129038165
Tm,1,RBF,True,-4099.955847152658,12.627353553205195,13.263690353485359,42.30142473081531,42.81774324776851,0.7069127349758567,0.7049875939135797
Tm,2,RBF,True,-6159.380656925952,16.07081243339091,17.566367501256373,56.524736385232515,60.693135390874495,0.14974307736237702,0.3203995172883315
Tm,3,RBF,True,-4109.82021710223,12.68323592991806,13.302262840939505,42.527789468571484,42.9911368949339,0.700287727338704,0.703111429089005
Tm,4,RBF,True,-4090.6821771826867,12.555982062722974,13.192674139161792,42.09951159069648,42.6476410211588,0.7096310947754159,0.7070748417752648
Tm,1,Matern12,True,-4077.219508077214,12.448499648838228,12.633307939982027,41.784331011486685,40.781384847495644,0.7111670344575431,0.7304150979889352
Tm,2,Matern12,True,-5987.702170215619,15.840963492283237,12.303382949111965,55.136192831064825,41.29450609212754,0.24739311080287818,0.7232606705806629
Tm,3,Matern12,True,-4083.12475796771,12.47145736653824,12.584740970881864,41.8784315548178,40.636211009996586,0.7095755338792397,0.7323154424517175
Tm,4,Matern12,True,-4072.534874628628,12.445882618442768,12.67532076390386,41.76319174269093,40.925670269660785,0.7113905833390453,0.7286568155135237
Tm,1,Matern32,True,-4079.844558023833,12.504613246545293,13.102263362440894,41.92382571131441,42.346024187270665,0.7104115177211212,0.7105539464842003
Tm,2,Matern32,True,-6161.02268200818,16.04095596712319,17.47669280348013,56.212871022100764,60.350863911908085,0.30435163165358525,0.3325855369065285
Tm,3,Matern32,True,-4083.843884410646,12.53827784365046,13.141256127039405,42.01911138532192,42.46609412574472,0.709271778480786,0.7092375578831824
Tm,4,Matern32,True,-4076.0313445920096,12.483905914543032,13.084181416402831,41.85164812369906,42.28544432808673,0.7110428174303596,0.7114023145414806
Tm,1,Matern52,True,-4087.062008769419,12.54447084643149,13.156651655171729,42.04965368327999,42.52072583105962,0.7093353248895217,0.7084887118568358
Tm,2,Matern52,True,-6158.481251119714,16.05479075563817,17.53350361769893,56.32997553998994,60.567120192781765,0.24675953488760172,0.3262047146847087
Tm,3,Matern52,True,-4094.5978494527926,12.612667236739675,13.22990661255783,42.25925771046341,42.73851265206319,0.7059993065155338,0.7060871721847775
Tm,4,Matern52,True,-4080.542105920278,12.500002287649725,13.114463962639222,41.902154744208985,42.37865046986118,0.7107205640988047,0.7103468271349722
Tb,1,RQ,False,-1209.4250680810678,4.314283562879595,4.110971651194254,19.040588947112532,18.613100174510944,0.8923549288454823,0.9074699167720328
Tb,2,RQ,False,-1954.613967373819,5.064355966350393,2.6862417411456208,23.14666234970111,12.267882387246352,0.677918719428019,0.9574567386986064
Tb,3,RQ,False,-1207.4496318063939,4.379927647528868,4.091694052472559,19.478687999787695,18.53516677519057,0.859437240688293,0.9082590000130166
Tb,4,RQ,False,-950.8411223944317,3.962440198134872,1.1670156745610565,17.440948050518774,5.305753595339859,0.8915451349688959,0.9913023991235769
Tb,1,RBF,False,-1247.2777637671807,4.366276056230521,4.395226859538534,19.38644021784879,19.88189336312654,0.8882796604604344,0.8905678919891487
Tb,2,RBF,False,-2444.2603137140186,5.630889054562859,5.5006635217526085,26.186354501863697,25.299556676908217,0.5001018945782647,0.7952656843140284
Tb,3,RBF,False,-1252.691570580243,4.492425436816525,4.399824958830646,20.25689168929318,19.905061406322268,0.7825086956929168,0.890210645672451
Tb,4,RBF,False,-1211.299676867021,4.345068152173996,4.312067342437793,19.360681958219413,19.508977631141516,0.8802615826590131,0.8965053863614043
Tb,1,Matern12,False,-1122.6183753616178,4.197453039075598,2.939807074357225,18.50636805025221,13.277105883597134,0.8950420222529676,0.9530995794619692
Tb,2,Matern12,False,-2152.8107601910056,5.21443174636931,3.405636529267106,23.86408040382592,15.534130165339697,0.5751902058778864,0.934001977776494
Tb,3,Matern12,False,-1123.0997807157091,4.2266309553160974,2.9439041203828684,18.705978775578565,13.2971970680744,0.8807921163167761,0.9529609263601296
Tb,4,Matern12,False,-1113.4373851845367,4.208406592889697,2.8130493264960905,18.586414594079805,12.702051536162797,0.886160194097567,0.9571209972696616
Tb,1,Matern32,False,-1202.5031791099996,4.2786256580512765,4.189352191003178,18.930964419717846,18.96707204124131,0.8955160210633007,0.9026041175752948
Tb,2,Matern32,False,-2351.9715907994773,5.375449373631755,3.5636880187598425,24.772820277083085,16.272220458075996,0.5093270680191777,0.9255408011784847
Tb,3,Matern32,False,-1205.3186683296262,4.378584499985759,4.193252631688633,19.627297292848898,18.987767007435952,0.8390118443366619,0.902346753924755
Tb,4,Matern32,False,-1184.2240085758121,4.322768400648683,4.107858430919417,19.190092769500584,18.59515278764244,0.8821172717009299,0.9070018357309659
Tb,1,Matern52,False,-1219.6875225421154,4.3019797727395135,4.291886696993465,19.09304007273552,19.42394940658795,0.8932354062616744,0.8973063406016886
Tb,2,Matern52,False,-2385.069393086437,5.454125772154896,3.752578190587118,25.096340247093565,17.114424169554958,0.5077326269154293,0.9179535481072966
Tb,3,Matern52,False,-1223.621265952862,4.419643526209311,4.292433298276878,19.909674626613043,19.429529173050838,0.8077992766789238,0.8971875181777148
Tb,4,Matern52,False,-1197.7084655674048,4.322365737126728,4.2376810487314325,19.21570967482849,19.18034326149557,0.8823383783793519,0.9007150027149687
Tb,1,RQ,True,-1209.4250430555003,4.31433990385501,4.110802690098574,19.040768092339782,18.612334669815397,0.8923532384176783,0.9074783886594007
Tb,2,RQ,True,-1954.6139706771614,5.064374174847526,2.686292832890273,23.146729926977443,12.268122699529172,0.6779194148457117,0.9574556026875477
Tb,3,RQ,True,-1207.4123881648761,4.381059484930776,4.087826183107677,19.48210303649453,18.517339610355766,0.8596889725342778,0.9084794881592873
Tb,4,RQ,True,-949.7390116584602,3.955729829101964,1.1598937988481726,17.406614666367208,5.275066483992804,0.8928649339290365,0.9913888706635784
Tb,1,RBF,True,-1246.2606619390972,4.353424101985983,4.3272986702340575,19.393221069981614,19.573618109495257,0.8848573887945212,0.8952961193030482
Tb,2,RBF,True,-2444.260313717423,5.630889203644331,5.500663228916823,26.186355531868166,25.29955504642095,0.5001016861461125,0.7952657069344101
Tb,3,RBF,True,-1251.8822455350437,4.476930322989416,4.324440498024269,20.250434999166938,19.56318464872651,0.7648642692938913,0.8953727178708819
Tb,4,RBF,True,-1209.9567109546733,4.3455888966241165,4.311515993872556,19.353822712367567,19.504209929021883,0.8803912901997644,0.8968057244838348
Tb,1,Matern12,True,-1122.1418791499636,4.211599157722697,2.9375514918415355,18.58097182746751,13.26605537311602,0.8940806935992351,0.9531767365551732
Tb,2,Matern12,True,-2152.81147729834,5.214409290964273,3.4056435813286483,23.863893481286773,15.534156126816514,0.5752111142110256,0.9340016335479939
Tb,3,Matern12,True,-1122.6373203380535,4.242671589439746,2.941598136434755,18.793297583143254,13.28591236708207,0.8784271035824758,0.9530386906854955
Tb,4,Matern12,True,-1112.6397772387531,4.229196475839992,2.813704420703541,18.698805385850722,12.703475911618028,0.884507652429533,0.9571231408470511
Tb,1,Matern32,True,-1202.1597347381107,4.277358524134174,4.192994611495713,18.929103660885648,18.98429914381924,0.8954456159661353,0.9024504809798355
Tb,2,Matern32,True,-2351.9715907844084,5.375446817679914,3.563673473587059,24.772811111267675,16.27215569552017,0.5093268705606053,0.925541360626745
Tb,3,Matern32,True,-1205.089072488469,4.376645191107991,4.196238773641365,19.619656732931503,19.002135631590704,0.8386513831875988,0.9022202885407862
Tb,4,Matern32,True,-1183.7982004656774,4.3217988219144905,4.105344408077985,19.189044914799435,18.584101148305567,0.8818018140601092,0.9071471372438152
Tb,1,Matern52,True,-1218.7647248732878,4.306174081217572,4.295881518955504,19.111358222635406,19.4427848827592,0.8933462289784514,0.8971650620549952
Tb,2,Matern52,True,-2427.0223753814425,5.772937913673093,5.098898423621834,26.600062729698777,23.398244805634345,0.5504073146783248,0.8430246487557048
Tb,3,Matern52,True,-1222.90955957994,4.4214106892600205,4.296511733108332,19.911068378112965,19.448530633682168,0.8077010941449914,0.8970476909013088
Tb,4,Matern52,True,-1196.7468059522994,4.323170969169198,4.239274209652046,19.22345690300218,19.185922379607092,0.8821114906729723,0.9007592771306083
Tc,1,RQ,False,-22.41210939892858,4.488873413789264,3.218762322036546,23.141023864075013,17.907497106980088,0.8945716434065123,0.9507880574005388
Tc,2,RQ,False,-129.21323900037828,4.967742990552509,1.6543171234177965,27.150139408877187,9.761962545016978,0.8777891163207526,0.9865017432245153
Tc,3,RQ,False,-15.877451046780266,4.472232720683176,3.2005227213759655,23.06079488011842,17.835026411036463,0.8953677002843079,0.9512324169548309
Tc,4,RQ,False,-14.919986004958105,4.464399928714024,3.1975909816289816,23.03558652385038,17.819308932019663,0.8955390395882906,0.9512508115493823
Tc,1,RBF,False,-28.50757389376622,4.576872275051707,3.53208309372766,23.865511349926653,19.95713384352445,0.9010584982672526,0.9415107345743974
Tc,2,RBF,False,-178.4896815032606,5.2818387464070655,3.286240617670183,29.18448152215357,18.54997304626429,0.8518501488827688,0.9530627736420834
Tc,3,RBF,False,-19.17394939101473,4.487911122138682,3.241343961640591,23.130516486396804,18.024874336433175,0.8979163555302894,0.9503065280193
Tc,4,RBF,False,-17.37237999034346,4.474223224029115,3.2272773474823624,23.07697662609788,17.941270597384253,0.8970280145464745,0.9505929682626186
Tc,1,Matern12,False,-33.15050055641734,4.240020157044996,2.368551787258178,21.888822908851758,13.277301149720019,0.9082782498986863,0.971783322360642
Tc,2,Matern12,False,-156.41265823276046,5.068145275174969,2.62074995748572,27.296820251677826,15.046109330634431,0.8823517754306627,0.9695461220367385
Tc,3,Matern12,False,-21.8281177286799,4.290022236860776,2.5783826901800135,22.1563132986437,14.455187115738042,0.9065820435103363,0.9672163880125981
Tc,4,Matern12,False,-19.963911985854224,4.284143577393604,2.6085106631672486,22.14585597607055,14.62303368155954,0.9071925206133745,0.9664267457905791
Tc,1,Matern32,False,-18.21830536775326,4.467739204183111,3.207632293398086,23.121342544420976,17.94236843380596,0.8972564755947237,0.9511224748505629
Tc,2,Matern32,False,-172.40215240773853,5.091655253117042,3.172312961528545,27.54787749167939,17.932451810085237,0.8790250675127664,0.9561868656781609
Tc,3,Matern32,False,-14.714139484148063,4.459663446542666,3.1926529603115075,23.061586774307507,17.858154958555172,0.8978339588847967,0.951514406847163
Tc,4,Matern32,False,-14.226214924441592,4.454329033384232,3.1870019130578418,23.040625360157733,17.825268907233855,0.8979457979556542,0.9516262274277684
Tc,1,Matern52,False,-21.11447446571856,4.492337938113971,3.241928040908632,23.21179246605572,18.0926970497651,0.896074055344339,0.9503427910228465
Tc,2,Matern52,False,-174.80971462429557,5.1206645581067525,3.2416389978761284,27.82867058892193,18.30489813300222,0.873135608975169,0.9542928221223235
Tc,3,Matern52,False,-15.355637554107716,4.471193941772051,3.2115748790070042,23.079481909393888,17.924085436084823,0.8963653107537815,0.9510454535328564
Tc,4,Matern52,False,-14.470278613953383,4.462325085352695,3.204657354465919,23.045987716032673,17.887240010332874,0.896460406621334,0.9511561336187672
Tc,1,RQ,True,-21.633739978172684,4.4757497003886915,3.231260787108582,23.122869200797215,17.980397104311727,0.8968720147546186,0.9506775299057437
Tc,2,RQ,True,-129.21323916200527,4.967750400661597,1.6543194851647645,27.150194189020546,9.761984986835369,0.8777886647727542,0.9865016763674482
Tc,3,RQ,True,-15.758902682452117,4.469894211423507,3.2025499674101026,23.061189922346674,17.846922557039438,0.8960666472960541,0.9512233185459626
Tc,4,RQ,True,-14.736221870781264,4.463233077668238,3.198886815842899,23.042185895355928,17.82792012944526,0.8962247892077757,0.9512688826180774
Tc,1,RBF,True,-26.667931152004485,4.574575742066577,3.5410842822835984,23.805249543921125,20.001849839423546,0.9011905314466662,0.9417275610501814
Tc,2,RBF,True,-178.48968150191627,5.281836149115498,3.2862422191624336,29.184461237218372,18.54998060796041,0.8518505168884143,0.9530627272085882
Tc,3,RBF,True,-18.797079382678476,4.466736998713454,3.2498208163000806,23.047155389215668,18.06537856519125,0.8994689629280578,0.9502559420721166
Tc,4,RBF,True,-17.000728775921402,4.462680472072809,3.2370765725429,23.046205163775365,17.997414907098012,0.8985435683335756,0.9504850613250977
Tc,1,Matern12,True,-30.98495117844709,4.239157617202365,2.4423827880379094,22.004351133876312,13.704944441778085,0.9092170180613259,0.9702317719586588
Tc,2,Matern12,True,-156.41265823658046,5.068145887518571,2.6207479961652624,27.296824027966398,15.046099023396383,0.882351735709626,0.9695461616729264
Tc,3,Matern12,True,-21.7274687554484,4.285852582833393,2.581321594582478,22.153919531645837,14.474007152830993,0.9069480119241036,0.9671545709500742
Tc,4,Matern12,True,-19.81151578141464,4.280189843254667,2.6128722521643435,22.148368396938817,14.650247112995814,0.9074507064318816,0.966347888033948
Tc,1,Matern32,True,-17.508109538728377,4.454848161441211,3.2082836033244835,23.09095725252317,17.948177948540216,0.8989503037447775,0.9511924964246888
Tc,2,Matern32,True,-172.40215240777854,5.091655194470298,3.1723130448231114,27.547877103558715,17.932452247708788,0.8790250729169677,0.9561868636607971
Tc,3,Matern32,True,-14.462293666814048,4.451704017714075,3.1911786413348424,23.039220342124278,17.849086113004315,0.8987057587304462,0.951590579059837
Tc,4,Matern32,True,-13.898367853847958,4.446237863999445,3.1842676603963227,23.020620779493274,17.80906531883591,0.8988259038653168,0.9517369439441816
Tc,1,Matern52,True,-20.405095192365707,4.4754867298339915,3.2557840806497444,23.170864528136047,18.17477941795288,0.8983352912050109,0.950148314780176
Tc,2,Matern52,True,-174.8097146242826,5.1206645202804015,3.2416390421759864,27.828670342306,18.30489837124048,0.8731356114982485,0.9542928210567989
Tc,3,Matern52,True,-15.170603523859882,4.465381958723759,3.213350372152272,23.06522939978009,17.932326955215338,0.8972209161264905,0.9510573944217774
Tc,4,Matern52,True,-14.221806859354388,4.45848615828166,3.204782483436682,23.044423554195845,17.88666681911396,0.8972758458997758,0.9512080910181043
Vc,1,RQ,False,605.6377164118978,3.675435641689542,3.160888394944013,17.619722854763843,12.638892633046504,0.9817269916866563,0.9956975219988781
Vc,2,RQ,False,495.9311774153148,4.513703920071645,2.262165736521224,20.36384284962696,9.00552093729455,0.9797568675658228,0.9978534577220329
Vc,3,RQ,False,662.185090627097,3.8528458872044418,2.280553922248284,18.38422304062096,8.420508694145465,0.978312012155072,0.9984066049532173
Vc,4,RQ,False,665.0271318819666,3.8259444979995427,2.276001366415464,18.136112764851603,8.410389497724168,0.9785766998047517,0.9984116570564217
Vc,1,RBF,False,599.1290705652623,3.5602796727783734,3.2113070811734112,17.044600392042366,12.910844656468678,0.9837152601837147,0.9953636740963536
Vc,2,RBF,False,479.17393915490413,4.247664166740414,2.949648431972907,20.159131107173252,11.436796629360055,0.980762182745317,0.9967493035813704
Vc,3,RBF,False,620.0651462114981,3.608281930065787,3.1416968029782013,17.36397338592258,12.576051146284124,0.9819034427584277,0.9957696395003788
Vc,4,RBF,False,621.0833414513955,3.5758928632491798,3.1337976824308056,17.201119661597648,12.555310302564147,0.9821053324911136,0.9957892211595314
Vc,1,Matern12,False,613.4457396451902,3.734681664687641,1.219812795127363,17.384737662851784,4.7390565418208865,0.9816156621694646,0.9993769404086019
Vc,2,Matern12,False,511.0683828857648,4.433286143936017,2.1123052006075627,20.353531268996818,8.475940617876583,0.9771851359400325,0.9981296209672277
Vc,3,Matern12,False,658.0850162653337,3.629371699450321,1.4362379592871375,16.964515933340753,5.571871625059589,0.9822458453968428,0.999210923799708
Vc,4,Matern12,False,660.6831686667081,3.6215922444607496,1.4392806946512628,16.884416268478727,5.585215000936791,0.9822894840439435,0.9992080206304078
Vc,1,Matern32,False,631.1731022076581,4.161654351597273,2.427121087796105,20.98767929075486,9.03383805505678,0.9716982834004846,0.9981797137423347
Vc,2,Matern32,False,490.0172058671035,4.373281253287045,2.7714605871113047,20.369853372318012,10.858152770740592,0.9757505703066045,0.9969539814829945
Vc,3,Matern32,False,662.2751366578989,3.9465297358480873,2.219572713661234,19.13719899739812,8.227450965376718,0.9755767640630879,0.9984761228191068
Vc,4,Matern32,False,665.8211106670402,3.88420333863586,2.199218334218287,18.581950916565056,8.158933226812962,0.9759274934359445,0.9985004831446493
Vc,1,Matern52,False,606.0558562505064,3.693073603453393,3.1286914809167468,17.672149164427974,12.48608593217925,0.9814069729046736,0.9958910384885804
Vc,2,Matern52,False,484.75688186072034,4.344075156390071,2.9050761971810153,20.316044202883155,11.379361238347009,0.9775967274818801,0.9966862902464378
Vc,3,Matern52,False,657.7745638624251,4.044131248294571,2.337187887411955,19.745776353539227,8.603113813367163,0.9739768395620007,0.9983446414621908
Vc,4,Matern52,False,662.2980460909836,3.9640784971814225,2.3200398440886993,19.02728836552556,8.542085939487295,0.9745147203187465,0.9983656614132677
Vc,1,RQ,True,605.9557004981531,3.7044981724039387,3.1576987499217486,17.831727526084965,12.624319687255161,0.9813094306388412,0.995706313987197
Vc,2,RQ,True,495.9311774140235,4.513703605476642,2.26216756512028,20.363842854135175,9.005527882420736,0.9797568676072542,0.9978534550944692
Vc,3,RQ,True,664.6683434764007,3.760107815458802,2.2386578408809013,17.61222868369814,8.278720988790404,0.980814666638301,0.998466001222452
Vc,4,RQ,True,667.6037724726702,3.724568090139556,2.2311107195875595,17.29637026814209,8.257272704417236,0.9810760776953453,0.9984748719845332
Vc,1,RBF,True,600.0106566256534,3.588225108886864,3.2178253424008165,17.147965984119896,12.98305249929188,0.9836019006805655,0.9953322902350731
Vc,2,RBF,True,479.1739391557419,4.247664221382812,2.949649383997912,20.159132260642206,11.436801201834465,0.9807621798723709,0.9967493012071418
Vc,3,RBF,True,649.7043415452501,3.830805563589807,2.3025952139105548,17.87674081183457,8.400982883966131,0.9801805587136369,0.9984150511911303
Vc,4,RBF,True,622.6299854319682,3.63603057933712,3.136766917803597,17.619582859805202,12.577891193782817,0.9820908341355095,0.9957703703386299
Vc,1,Matern12,True,614.7040173279006,3.7302851684787073,1.2390153387218792,17.464319156659865,4.7968308296122215,0.9809216713008906,0.999367392622996
Vc,2,Matern12,True,511.0683876505086,4.43328422222684,2.1122991075830067,20.353512943474783,8.475918078923446,0.9771853006319797,0.9981296289189124
Vc,3,Matern12,True,659.8705637494072,3.5800690675149816,1.4251441543480778,16.580488904923552,5.562086016882526,0.9831761484382061,0.9992135819068936
Vc,4,Matern12,True,662.569664071327,3.5695798140411945,1.4276680422700794,16.478352253999216,5.575149133593393,0.983255546837155,0.9992108262900997
Vc,1,Matern32,True,631.7806988534926,4.133060537879212,2.4012136187102757,20.691492245985714,8.925546306721255,0.9732161421117681,0.9982161524261903
Vc,2,Matern32,True,490.01720586702766,4.3732814747460225,2.7714615161497638,20.369855693567445,10.858156960533977,0.975750559730768,0.9969539792733342
Vc,3,Matern32,True,665.0572225375461,3.786329483981443,2.1658324282734895,17.97228893139527,8.051526066151892,0.9795189062199111,0.9985439827613473
Vc,4,Matern32,True,668.6294155175108,3.7233417879079114,2.1427416999322544,17.395520792616196,7.9756436094675935,0.9797231451114016,0.9985711671747681
Vc,1,Matern52,True,606.0874005486476,3.7012781323303474,3.127497087923687,17.720264482569153,12.482417245046149,0.9813278428279842,0.9958911754875154
Vc,2,Matern52,True,484.7568818611494,4.3440748955998005,2.905076098264449,20.316042505386193,11.379360935104813,0.9775967387024553,0.9966862904630648
Vc,3,Matern52,True,660.2975721377067,3.902936604992674,2.2909647799776343,18.69492960676171,8.436535587458339,0.978033295378879,0.9984093723250609
Vc,4,Matern52,True,664.8720672196503,3.820475418019135,2.2719866874739996,17.925013957941086,8.364519001722133,0.9784214503864278,0.9984365746787739
Pc,1,RQ,False,-60.239504689194064,4.788423616533087,5.52550697485283,1.8624888108858242,1.9432133872625497,0.9451930556869086,0.9371308168704559
Pc,2,RQ,False,-114.54852000034384,6.369878303853323,6.7071986672191555,2.3495825446070264,2.275879969138911,0.9174975465146707,0.915237436621443
Pc,3,RQ,False,-54.133016857488656,4.806152959881691,5.458131361063546,1.8601661854588252,1.9347643666402463,0.9451728673827483,0.9371849868293392
Pc,4,RQ,False,-52.668788006416094,4.794929199972107,5.507671802234503,1.8536276695752025,1.9389877342910056,0.9455715895223661,0.937335988285503
Pc,1,RBF,False,-61.09686326213091,4.797208437784397,5.539572123507134,1.869711738887719,1.9471629805830626,0.9449805793710802,0.9371142071628205
Pc,2,RBF,False,-114.54846844654026,6.369880340921245,6.707195560781097,2.3495822171549383,2.275879634717068,0.9174975818529786,0.9152373886492586
Pc,3,RBF,False,-54.13288396633777,4.806176047929214,5.458136796135444,1.8601696254809428,1.9347664682035104,0.945172866231732,0.9371849472986619
Pc,4,RBF,False,-52.6683890471694,4.794957051350613,5.507683600092029,1.8536293562687949,1.9389914941803292,0.9455715997945675,0.9373359613526058
Pc,1,Matern12,False,-78.03702245070713,5.25687946893692,4.632134355283174,2.025535409782288,1.6025906027385066,0.9406134570560746,0.9567010732462374
Pc,2,Matern12,False,-114.07298318146945,6.315619077534497,6.462435450810536,2.3217955779734623,2.195086210298068,0.9175984955519503,0.9203018699473047
Pc,3,Matern12,False,-66.534094154478,5.191148807516067,4.838255942582353,1.9924848047127668,1.7056661248098532,0.9417755253734421,0.950451063305175
Pc,4,Matern12,False,-62.17042244736979,5.125841386890976,5.008619740893976,1.9790007833279242,1.7435290346380656,0.9420574097893958,0.9485831639925969
Pc,1,Matern32,False,-61.24944493984867,4.801073012266868,5.475747006669248,1.8711004414974235,1.921940558093977,0.9446915788360818,0.9377487489236362
Pc,2,Matern32,False,-114.71657090642054,6.37132288935785,6.715487799270132,2.35221182682349,2.276005339605985,0.9173879842794842,0.9154444369343684
Pc,3,Matern32,False,-57.26431788383832,4.823578501856575,5.401010587586868,1.8721067954873551,1.9100285969602895,0.9447621229482055,0.9381136469532898
Pc,4,Matern32,False,-56.13389954498018,4.847554746251816,5.447520719550758,1.8818213531441585,1.9132807655864366,0.9447238986199016,0.9381696450142541
Pc,1,Matern52,False,-60.28989383235955,4.76119444884849,5.514452199650857,1.8578596742870324,1.94052251523408,0.9451646935799685,0.9370454859114721
Pc,2,Matern52,False,-114.64145312305311,6.371834962104448,6.714926901744957,2.3517022227298994,2.276889880237014,0.9174043209148206,0.9153300458514219
Pc,3,Matern52,False,-55.35393204308468,4.783076952540637,5.437746454776323,1.8584450115486792,1.926571732308857,0.9451883266441468,0.9374004548208086
Pc,4,Matern52,False,-54.38731709364595,4.778707051457867,5.478962390881764,1.856629869327305,1.9290115706819702,0.9453530798380123,0.9374919132585597
Pc,1,RQ,True,-58.714073070829954,4.829754124154119,5.515541663529137,1.889332832779416,1.9554353809654033,0.944075398097706,0.9367016458441094
Pc,2,RQ,True,-114.54851985659559,6.369880017484032,6.7072023608453035,2.349583012388199,2.2758812919727855,0.917497523836456,0.9152373785031163
Pc,3,RQ,True,-54.13270203511661,4.806664637306482,5.458815858950339,1.8598155336192252,1.9345754620767648,0.9451965106255866,0.9371907629588361
Pc,4,RQ,True,-52.66352408160435,4.792561206132024,5.511041277285356,1.8508526194785797,1.9383600537294066,0.9456583600036091,0.9373724799854479
Pc,1,RBF,True,-58.98665440940499,4.853120255805229,5.518075641959183,1.8981315961016327,1.9555460028182403,0.943554953945138,0.936801810550686
Pc,2,RBF,True,-114.54846844654446,6.3698803164038695,6.707195547343724,2.3495822218151274,2.275879623731791,0.917497581898202,0.915237389519276
Pc,3,RBF,True,-54.13257310398683,4.806685579604297,5.458818551538989,1.8598236141968287,1.9345801868242023,0.9451962546973053,0.9371906324379133
Pc,4,RBF,True,-52.663150744645236,4.792597452477441,5.511046525514849,1.850859738120728,1.9383645372801694,0.945658209597623,0.9373724152731657
Pc,1,Matern12,True,-77.61983679533228,5.268364667027437,4.708113246545128,2.0308188566673886,1.6354279474540323,0.9399694625981789,0.9545847191765071
Pc,2,Matern12,True,-114.07298317981576,6.315618654179708,6.462442464146853,2.321795526543378,2.195088612677348,0.9175985091704523,0.920301666057248
Pc,3,Matern12,True,-65.35827519164013,5.115987593467836,4.804570993442356,1.9701983567668584,1.6909445301560595,0.9435965186004538,0.9516639014414697
Pc,4,Matern12,True,-61.28420888729215,5.085390447186007,4.992870111216703,1.9647919099379225,1.734573334925159,0.9436385804263132,0.9495494826815407
Pc,1,Matern32,True,-60.514708699907374,4.836084773135398,5.453252719704352,1.883869035450795,1.9219079277813953,0.9443269153630456,0.9378959005854064
Pc,2,Matern32,True,-114.7165709064218,6.371322910397559,6.715487800845408,2.35221181466248,2.276005347636917,0.917387984596397,0.9154444359726581
Pc,3,Matern32,True,-57.23655332202645,4.827887622953423,5.408963892155256,1.87251983810778,1.9114243336977506,0.9448795088627466,0.9380694392473852
Pc,4,Matern32,True,-56.13377812025101,4.8478292751136065,5.448215988591433,1.881850620312548,1.9134132488356528,0.9447308775126535,0.9381655753960391
Pc,1,Matern52,True,-59.3034720012281,4.81639581176835,5.522676238699634,1.8809365829138058,1.952454913899754,0.9444483603543677,0.9367419878631574
Pc,2,Matern52,True,-114.64145312304822,6.3718348973667185,6.714927081789816,2.351702260776825,2.276889916862369,0.9174043203707875,0.9153300458100548
Pc,3,Matern52,True,-55.285939442315794,4.778782008630297,5.442484130175209,1.8535995585282292,1.9257645524146036,0.9453949860618843,0.9374258436866698
Pc,4,Matern52,True,-54.361958830791764,4.78934513336201,5.484067120477081,1.858712021910446,1.9291657855574191,0.9454565086356015,0.9375017870058336
Hvap,1,RQ,False,-118.5556574405868,6.136191672280058,4.446134446815201,2.015444647950069,1.5848848156682958,0.8322132914827972,0.9243320092901919
Hvap,2,RQ,False,-220.09892659591077,6.337071274547289,5.38553232530131,2.072165147497012,1.9135306437004453,0.8372014972210056,0.833577044026082
Hvap,3,RQ,False,-121.68712369074387,6.168454010803768,4.423930215683783,2.0247109615469876,1.582206872883366,0.8300162152994058,0.9244735954678805
Hvap,4,RQ,False,-113.60510143053028,6.089231076055525,4.400482716914061,2.0068720933814457,1.570441794090412,0.8316071905887462,0.9251999153280258
Hvap,1,RBF,False,-122.18151482029657,6.401411725160193,4.726660539871421,2.0967184387782254,1.6916451138781876,0.8212649060356888,0.9135410428573525
Hvap,2,RBF,False,-220.09880626686487,6.337072952355574,5.385529013689537,2.0721654257119533,1.9135304273508427,0.8372014910373713,0.8335771187252172
Hvap,3,RBF,False,-125.87971228071507,6.387035411708662,4.743159504549941,2.090637524377139,1.702688589778225,0.82090340975247,0.9125668906658634
Hvap,4,RBF,False,-113.63385685998776,6.055955257183126,4.397187952192206,1.999261203011065,1.5687740870521283,0.8321474878520981,0.9252691626634398
Hvap,1,Matern12,False,-130.71183781799164,6.174962346422819,3.335274593020655,2.006435930658702,1.1961815851454307,0.8234567086095654,0.9555096694787615
Hvap,2,Matern12,False,-205.7186482264283,6.880747595113407,3.8003985734301575,2.2346668030112484,1.3625724595972368,0.7932016544888507,0.9407326492922291
Hvap,3,Matern12,False,-133.3070424008261,6.189621163323432,3.295613666932456,2.006611175590837,1.1843528559501644,0.8238367603222896,0.9562970237955747
Hvap,4,Matern12,False,-124.98214776637542,6.181968583227523,3.4754170225889065,2.0085096057768053,1.2479821239088327,0.8237651158426508,0.9517137347106044
Hvap,1,Matern32,False,-118.88073230067761,6.267256715919611,4.4073502811731045,2.0482938284927816,1.5766917516276946,0.8283296699756,0.9254416039183241
Hvap,2,Matern32,False,-221.08301829934157,6.321606749819391,5.336849739717071,2.0671377610854345,1.8972330910724446,0.8390435668048539,0.8361698708609855
Hvap,3,Matern32,False,-121.83167165910697,6.289521113646472,4.414029199551868,2.054103198414941,1.582553871009569,0.826990375569858,0.9248303283824504
Hvap,4,Matern32,False,-116.46641315243374,6.290282388225769,4.350100299464622,2.054486417752756,1.558045326051661,0.827046523890572,0.926830852250338
Hvap,1,Matern52,False,-118.48338453206043,6.206248892249591,4.480299998269083,2.0326811344806917,1.5989281312004806,0.8304667867163482,0.923369405726857
Hvap,2,Matern52,False,-220.78317608566954,6.331311937571959,5.389131583971421,2.0698280306323844,1.9137967101326359,0.8378164374005899,0.8335908797659353
Hvap,3,Matern52,False,-122.30445999182604,6.2439551942211216,4.487701530154003,2.043568061443817,1.6064918535713324,0.8281367106096893,0.9224995979558365
Hvap,4,Matern52,False,-114.78612622078094,6.236036702618523,4.398811293722381,2.0418056328468177,1.5731668920076738,0.8287255313034025,0.9253271653225761
Hvap,1,RQ,True,-102.8302693097682,5.815680640097224,4.662339950991527,1.8971841124126,1.6394726809568123,0.8472276416562208,0.9185145660805615
Hvap,2,RQ,True,-220.09892667248948,6.337069996147339,5.385532343626115,2.072164667797364,1.9135306705573156,0.8372015387518563,0.8335770350161915
Hvap,3,RQ,True,-105.16860100771345,5.797299301086613,4.633064311620425,1.8847724975590952,1.6319351433882108,0.8500883329486637,0.9191171864989606
Hvap,4,RQ,True,-99.40178980073904,5.775682019132336,4.65160057076668,1.87832389286762,1.634558407380238,0.8513418364533056,0.9188422909505568
Hvap,1,RBF,True,-103.16920921955091,5.819075068149602,4.677340540025425,1.8977295539933738,1.6438141873028456,0.8469984822241151,0.9181222877403609
Hvap,2,RBF,True,-220.098806267067,6.337072828804101,5.385529032891306,2.0721653824023116,1.913530432013866,0.8372014939836394,0.8335771177595246
Hvap,3,RBF,True,-105.23258826272024,5.796747272377819,4.635301617388794,1.8822936855162462,1.6326739117562061,0.8510158513069944,0.9190840945360117
Hvap,4,RBF,True,-99.40143875216364,5.775666984486607,4.651611509091317,1.8783166962772377,1.6345606805859618,0.851343463508019,0.9188422212493295
Hvap,1,Matern12,True,-116.10082729133143,6.014418762414707,3.665224146153858,1.9408019516780806,1.2985847423801893,0.844307882614163,0.9500873008138201
Hvap,2,Matern12,True,-205.71864827030038,6.880748547434666,3.800388603545181,2.2346672113776442,1.3625689668823093,0.7932013918652236,0.9407329144698435
Hvap,3,Matern12,True,-121.781673805568,6.011656337711078,3.4991602635750843,1.9358426365345507,1.2407280856107492,0.8455615350701293,0.9542466551868364
Hvap,4,Matern12,True,-111.26245713314552,5.93175353457517,3.794065866655125,1.9078408846515005,1.3445562104861533,0.8517305630854275,0.9464841002491421
Hvap,1,Matern32,True,-104.5145307150292,5.894283851802219,4.521046118937249,1.9163782306888846,1.598179208577564,0.8477762537410732,0.9226882908478556
Hvap,2,Matern32,True,-221.08301829932452,6.321606802329742,5.336849519289165,2.067137785565003,1.8972330192388887,0.839043563805153,0.8361698802978595
Hvap,3,Matern32,True,-106.92879509318288,5.8709728704968915,4.52130763655806,1.9059637001946454,1.598408455788711,0.8488717346096312,0.9224221004540826
Hvap,4,Matern32,True,-102.4579663325531,5.856877613048432,4.517893870021751,1.8997449192872005,1.595577243451445,0.8506362411546818,0.9224703713633361
Hvap,1,Matern52,True,-103.40979429027959,5.844615128369337,4.6064341389358425,1.9052228603204628,1.6245501640889966,0.8472018842434805,0.9196923301453981
Hvap,2,Matern52,True,-220.78317608565908,6.331311871482802,5.389131640495217,2.0698280032555303,1.9137967274857701,0.8378164406994584,0.8335908775322443
Hvap,3,Matern52,True,-105.92525661843052,5.823865803831279,4.603398274768215,1.8950966333817736,1.623709322570631,0.8482539582977102,0.9197224436472329
Hvap,4,Matern52,True,-101.08344688488887,5.823352607770647,4.601228004846765,1.8935689142727756,1.6210554406768978,0.8497355330376409,0.9197763053471609
