CAS Reg. No.,PubChem SMILES,Mol. wt.,JR Pc /Bars,CRC Pc /Bars
75-07-0,CC=O,44.05300000000001,56.02567320448922,75.0
64-19-7,CC(=O)O,60.052000000000014,57.30524383094724,57.9
108-24-7,CC(=O)OC(=O)C,102.08899999999996,40.829241903050956,40.0
67-64-1,CC(=O)C,58.08000000000001,48.02499604994407,47.0
75-05-8,CC#N,41.053,48.56195898942562,48.8
98-86-2,CC(=O)C1=CC=CC=C1,120.15099999999994,39.45607434155704,40.099999999999994
74-86-2,C#C,26.038,61.61140944724709,62.400000000000006
107-13-1,C=CC#N,53.06400000000001,45.10353742533673,46.0
463-49-0,C=C=C,40.06500000000001,52.35810430153243,65.0
107-18-6,C=CCO,58.08000000000002,53.12412345196303,57.599999999999994
107-11-9,C=CCN,57.09600000000002,50.51400526052851,48.3
90-41-5,C1=CC=C(C=C1)C2=CC=CC=C2N,169.2270000000001,36.02881729,35.2
929-06-6,C(COCCO)N,105.13699999999994,46.27701420704337,48.8
111-41-1,C(CNCCO)N,104.15299999999992,48.225308641975296,45.300000000000004
62-53-3,C1=CC=C(C=C1)N,93.12899999999996,50.58588572850757,53.0
100-66-3,COC1=CC=CC=C1,108.13999999999994,40.26127960009275,42.0
71-43-2,C1=CC=CC=C1,78.11399999999996,47.69390433747443,49.0
103-82-2,C1=CC=C(C=C1)CC(=O)O,136.15000000000006,40.777113926363064,39.0
1821-12-1,C1=CC=C(C=C1)CCCC(=O)O,164.2040000000001,32.356553690523796,32.0
3360-41-6,C1=CC=C(C=C1)CCCCO,150.22100000000012,32.46726893,31.0
60-12-8,C1=CC=C(C=C1)CCO,122.16699999999992,40.93379817754543,40.0
2270-20-4,C1=CC=C(C=C1)CCCCC(=O)O,178.2310000000001,29.09246633128871,31.0
501-52-0,C1=CC=C(C=C1)CCC(=O)O,150.17700000000008,36.20244989,35.0
122-97-4,C1=CC=C(C=C1)CCCO,136.19400000000005,36.33349937742548,34.0
100-47-0,C1=CC=C(C=C1)C#N,103.12399999999997,39.85562697683909,42.199999999999996
119-61-9,C1=CC=C(C=C1)C(=O)C2=CC=CC=C2,182.2220000000001,32.99153008,30.0
95-15-8,C1=CC=C2C(=C1)C=CS2,134.20300000000003,45.839408964996565,46.8
100-51-6,C1=CC=C(C=C1)CO,108.13999999999994,46.46647977848498,43.0
1636-39-1,C1CCC(C1)C2CCCC2,138.25400000000005,30.256050907621006,32.7
92-52-4,C1=CC=C(C=C1)C2=CC=CC=C2,154.21200000000007,34.27869401,34.300000000000004
111-40-0,C(CNCCN)N,103.16899999999994,45.96380350474002,44.3
1691-17-4,C(OC(F)F)(F)F,118.029,39.50568901674685,41.5
117-81-7,CCCCC(CC)COC(=O)C1=CC=CC=C1C(=O)OCC(CC)CCCC,390.56399999999945,9.888849333491555,11.0
105-59-9,CN(CCO)CCO,119.16399999999992,43.51125375067007,42.0
353-59-3,C(F)(F)(Cl)Br,165.364,54.62662971721432,43.099999999999994
1511-62-2,C(F)(F)Br,130.919,56.788206679542434,51.8
74-96-4,CCBr,108.96599999999997,55.60866182760092,62.0
1072-85-1,C1=CC=C(C(=C1)F)Br,175.00000000000003,47.30109416891032,43.0
1073-06-9,C1=CC(=CC(=C1)Br)F,175.0,47.30109416891032,42.0
460-00-4,C1=CC(=CC=C1F)Br,175.00000000000003,47.30109416891032,42.0
106-94-5,CCCBr,122.99299999999997,48.426877110503845,43.3
75-63-8,C(F)(F)(F)Br,148.909,53.986323104904606,39.6
392-83-6,C1=CC=C(C(=C1)C(F)(F)F)Br,225.00700000000003,38.05694917989178,33.0
401-78-5,C1=CC(=CC(=C1)Br)C(F)(F)F,225.007,38.05694917989178,32.0
402-43-7,C1=CC(=CC=C1C(F)(F)F)Br,225.00700000000003,38.05694917989178,32.0
106-99-0,C=CC=C,54.09200000000001,43.39667512033897,43.5
106-97-8,CCCC,58.12400000000002,38.96502655076909,38.0
110-60-1,C(CCN)CN,88.15399999999995,45.16418083015378,45.0
26171-83-5,CCC(CO)O,90.12199999999994,50.299280720285694,54.0
107-88-0,CC(CCO)O,90.12199999999994,50.299280720285694,47.0
110-63-4,C(CCO)CO,90.12199999999996,49.73332988515579,55.0
109-74-0,CCCC#N,69.10699999999997,37.77677627346456,38.199999999999996
109-79-5,CCCCS,90.19099999999996,42.27536141206471,40.099999999999994
107-92-6,CCCC(=O)O,88.10599999999995,43.68397440293837,40.0
71-36-3,CCCCO,74.12299999999995,43.857725538353584,44.3
78-92-2,CCC(C)O,74.12299999999995,44.326162542264996,42.0
78-93-3,CCC(=O)C,72.10699999999997,42.22044051963229,41.8
106-98-9,CCC=C,56.10800000000002,41.09138725,40.0
590-18-1,CC=CC,56.10800000000002,41.62330905306972,42.300000000000004
624-64-6,CC=CC,56.10800000000002,41.62330905306972,40.300000000000004
111-76-2,CCCCOCCO,118.17599999999992,33.841394184221045,33.0
112-07-2,CCCCOCCOC(=O)C,160.21300000000014,25.050075100125145,27.0
5131-66-8,CCCCOCC(C)O,132.20299999999995,30.625535755466124,27.0
123-86-4,CCCCOC(=O)C,116.15999999999993,31.244912937612344,31.6
105-46-4,CCC(C)OC(=O)C,116.15999999999993,31.526238815672706,30.099999999999998
540-88-5,CC(=O)OC(C)(C)C,116.15999999999994,31.919307989402792,30.0
141-32-2,CCCCOC(=O)C=C,128.17099999999994,29.440781193464492,27.599999999999998
109-73-9,CCCCN,73.13899999999995,41.893151517055735,42.0
33966-50-6,CCC(C)N,73.13899999999995,42.33038953694363,40.0
75-64-9,CC(C)(C)N,73.13899999999995,42.942856799314285,38.5
104-51-8,CCCCC1=CC=CC=C1,134.222,29.313401002342424,28.900000000000002
36383-15-0,CCC(C)C1=CC=CC=C1,134.222,29.56899348033261,29.4
98-06-6,CC(C)(C)C1=CC=CC=C1,134.222,29.92592734463655,30.0
136-60-7,CCCCOC(=O)C1=CC=CC=C1,178.2310000000001,26.625173995512053,24.0
109-21-7,CCCCOC(=O)CCC,144.21400000000014,25.48185551736957,24.0
1678-93-9,CCCCC1CCCCC1,140.27000000000007,25.688919007719257,25.7
3178-22-1,CC(C)(C)C1CCCCC1,140.27000000000007,26.190927672181775,28.2
637-92-3,CCOC(C)(C)C,102.17699999999992,31.140385841836725,30.0
628-28-4,CCCCOC,88.14999999999993,33.99943900925634,33.7
590-01-2,CCCCOC(=O)CC,130.18699999999995,28.14344715012418,28.0
111-34-2,CCCCOC=C,100.16099999999992,31.955405592387713,31.200000000000003
96-48-0,C1CC(=O)OC1,86.08999999999997,48.62971198,50.0
108-90-7,C1=CC=C(C=C1)Cl,112.55899999999995,44.44444444444444,45.0
109-69-3,CCCCCl,92.56899999999996,37.22563312426177,41.0
75-68-3,CC(F)(F)Cl,100.495,43.39667512033899,40.599999999999994
359-10-4,C(=C(F)F)Cl,98.479,45.65376186997807,45.4
75-45-6,C(F)(F)Cl,86.468,48.69760685350639,49.900000000000006
75-00-3,CCCl,64.51500000000001,47.75984820009848,52.400000000000006
75-01-4,C=CCl,62.49900000000001,50.657919732526175,55.9
348-51-6,C1=CC=C(C(=C1)F)Cl,130.549,41.09138725,43.0
625-98-9,C1=CC(=CC(=C1)Cl)F,130.549,41.09138725,42.0
352-33-0,C1=CC(=CC=C1F)Cl,130.549,41.09138725,42.0
629-06-1,CCCCCCCCl,134.65,26.930013473085747,31.0
544-10-5,CCCCCCCl,120.62299999999992,29.827943473660884,33.0
74-87-3,CCl,50.48800000000001,54.78848631,66.9
594-36-5,CCC(C)(C)Cl,106.59599999999996,33.95982416961438,32.0
507-20-0,CC(C)(C)Cl,92.56899999999996,38.103947568968145,37.0
111-85-3,CCCCCCCCCl,148.67700000000016,24.434768818986985,25.0
79-53-8,C(=O)(C(F)(F)F)C(F)(F)Cl,182.475,35.98560431884828,28.900000000000002
344-07-0,C1(=C(C(=C(C(=C1F)F)Cl)F)F)F,202.509,30.86419753,32.0
76-15-3,C(C(F)(F)Cl)(F)(F)F,154.465,37.45380073679117,31.299999999999997
543-59-9,CCCCCCl,106.59599999999996,33.22010813145197,33.0
540-54-5,CCCCl,78.54199999999997,42.00182371918589,45.599999999999994
75-29-6,CC(C)Cl,78.54199999999997,42.44076860231939,42.5
2837-89-0,C(C(F)(F)F)(F)Cl,136.47500000000002,39.0625,36.2
106-43-4,CC1=CC=C(C=C1)Cl,126.58599999999996,38.530879224573766,23.3
75-88-7,C(C(F)(F)F)Cl,118.485,40.93379817754544,40.099999999999994
79-38-9,C(=C(F)Cl)(F)F,116.469,43.28254847645428,40.9
75-72-9,C(F)(F)(F)Cl,104.458,46.466479778484995,38.8
95-48-7,CC1=CC=CC=C1O,108.13999999999994,50.299280720285694,42.0
108-39-4,CC1=CC(=CC=C1)O,108.13999999999994,50.299280720285694,44.0
106-44-5,CC1=CC=C(C=C1)O,108.13999999999994,50.299280720285694,41.0
460-19-5,C(#N)C#N,52.036,46.913116907487336,62.0
291-64-5,C1CCCCCC1,98.18899999999992,37.77677627346456,38.5
110-82-7,C1CCCCC1,84.16199999999994,41.30292556882388,40.7
108-93-0,C1CCC(CC1)O,100.16099999999992,44.62275698134189,43.0
108-94-1,C1CCC(=O)CC1,98.14499999999994,43.22565391,46.1
110-83-8,C1CCC=CC1,82.14599999999994,43.28254847645428,44.3
108-91-8,C1CCC(CC1)N,99.17699999999994,42.60714845693951,39.0
292-64-8,C1CCCCCCC1,112.21599999999992,34.683636676419695,35.5
287-92-3,C1CCCC1,70.13499999999998,45.34684669364804,45.099999999999994
96-41-3,C1CCC(C1)O,86.13399999999994,49.17687742564948,49.0
120-92-3,C1CCC(=O)C1,84.11799999999995,47.562425683709876,45.9
142-29-0,C1CC=CC1,68.11899999999999,47.628096957469516,47.800000000000004
75-19-4,C1CC1,42.08100000000002,55.44315994963543,55.8
434-90-2,C1(=C(C(=C(C(=C1F)F)F)F)F)C2=C(C(=C(C(=C2F)F)F)F)F,334.1119999999999,18.77277137167384,23.0
493-01-6,C1CCC2CCCCC2C1,138.25400000000005,30.256050907621006,32.0
493-02-7,C1CCC2CCCCC2C1,138.25400000000005,30.256050907621006,31.0
112-31-2,CCCCCCCCCC=O,156.26900000000018,22.58959938700863,26.0
124-18-5,CCCCCCCCCC,142.2860000000001,21.080662202625636,21.0
646-25-3,C(CCCCCN)CCCCN,172.31600000000023,23.473649420106955,24.0
111-20-6,C(CCCCC(=O)O)CCCC(=O)O,202.2500000000001,24.999999999999996,25.0
112-30-1,CCCCCCCCCCO,158.2850000000002,22.981130653243234,23.0
1565-81-7,CCCCCCCC(CC)O,158.2850000000002,23.15841933598327,23.0
2051-31-2,CCCCCCC(CCC)O,158.2850000000002,23.15841933598327,23.0
5205-34-5,CCCCCC(CCCC)O,158.2850000000002,23.15841933598327,23.0
693-54-9,CCCCCCCCC(=O)C,156.26900000000018,22.355235875682535,22.0
928-80-3,CCCCCCCC(=O)CC,156.26900000000018,22.355235875682535,22.0
624-16-8,CCCCCCC(=O)CCC,156.26900000000018,22.355235875682535,22.0
872-05-9,CCCCCCCCC=C,140.27000000000007,21.91782743480761,21.6
104-72-3,CCCCCCCCCCC1=CC=CC=C1,218.3840000000002,17.03307943257362,17.2
132-64-9,C1=CC=C2C(=C1)C3=CC=CC=C3O2,168.19500000000005,37.45380073679116,33.7
132-65-0,C1=CC=C2C(=C1)C3=CC=CC=C3S2,184.2630000000001,37.59170967471517,39.0
354-51-8,C(C(F)(Cl)Br)(F)(F)Br,276.277,50.58588572850757,36.1
335-48-8,C(C(C(F)(F)Br)(F)F)(C(F)(F)Br)(F)F,359.8359999999999,32.727824934937075,24.0
111-92-2,CCCCNCCCC,129.24699999999993,25.68891900771926,31.099999999999998
1012-72-2,CC(C)(C)C1=CC=C(C=C1)C(C)(C)C,190.33000000000015,20.511709724847716,22.3
142-96-1,CCCCOCCCC,130.23099999999994,24.92516841313167,24.0
84-74-2,CCCCOC(=O)C1=CC=CC=C1C(=O)OCCCC,278.3479999999996,16.962998949651105,16.0
541-73-1,C1=CC(=CC(=C1)Cl)Cl,147.00400000000002,41.516101604846426,42.0
106-46-7,C1=CC(=CC=C1Cl)Cl,147.00400000000002,41.516101604846426,35.4
75-71-8,C(F)(F)(Cl)Cl,120.913,46.97744753676103,41.4
75-34-3,CC(Cl)Cl,98.95999999999998,45.90154302627037,50.599999999999994
107-06-2,C(CCl)Cl,98.95999999999998,45.40798163337959,52.400000000000006
156-59-2,C(=CCl)Cl,96.944,48.76564401860115,54.0
156-60-5,C(=CCl)Cl,96.944,48.76564401860115,52.599999999999994
1717-00-6,CC(F)(Cl)Cl,116.95,43.857725538353584,42.1
75-43-4,C(F)(Cl)Cl,102.923,49.24592182,51.8
661-97-2,C(C(F)(F)F)(C(F)(F)Cl)(F)Cl,220.927,31.105660017002357,26.299999999999997
75-09-2,C(Cl)Cl,84.93299999999999,51.90641896,63.6
78-87-5,CC(CCl)Cl,112.98699999999998,40.46643228509087,46.3
142-28-9,C(CCl)CCl,112.98699999999998,40.05768306,47.0
374-07-2,C(C(F)(Cl)Cl)(F)(F)F,170.92,37.82325646,32.9
76-14-2,C(C(F)(F)Cl)(F)(F)Cl,170.92000000000002,37.82325646,32.599999999999994
354-23-4,C(C(F)(F)Cl)(F)Cl,152.93000000000004,39.45607434155703,37.599999999999994
306-83-2,C(C(F)(F)F)(Cl)Cl,152.93000000000004,39.45607434155703,36.6
84-77-5,CCCCCCCCCCOC(=O)C1=CC=CC=C1C(=O)OCCCCCCCCCC,446.67199999999934,7.802503042976185,9.399999999999999
105-57-7,CCOC(C)OCC,118.17599999999992,30.18959062915107,32.2
629-14-1,CCOCCOCC,118.17599999999992,29.92592734463655,21.400000000000002
462-95-3,CCOCOCC,104.14899999999992,33.33528900362154,34.0
109-89-7,CCNCC,73.13899999999995,39.60519952901496,37.5
105-05-5,CCC1=CC=C(C=C1)CC,134.222,28.843014394971615,28.0
111-46-6,C(COCCO)O,106.12099999999994,48.56195898942564,48.0
112-36-7,CCOCCOCCOCC,162.22900000000016,24.100049911203364,24.0
111-96-6,COCCOCCOC,134.175,29.376987536813036,30.0
112-34-5,CCCCOCCOCCO,162.22900000000016,26.90208501919733,28.0
124-17-4,CCCCOCCOCCOC(=O)C,204.26600000000016,20.530301801595574,21.5
111-90-0,CCOCCOCCO,134.175,33.18184714052115,32.0
112-15-2,CCOCCOCCOC(=O)C,176.21200000000013,24.62917695447912,25.0
111-77-3,COCCOCCO,120.14799999999993,37.18024985127901,37.0
6881-94-3,CCCOCCOCCO,148.20200000000014,29.795389103945386,30.5
60-29-7,CCOCC,74.12299999999995,38.15103307274905,37.2
95-92-1,CCOC(=O)C(=O)OCC,146.14200000000008,31.42029801524261,21.400000000000002
84-66-2,CCOC(=O)C1=CC=CC=C1C(=O)OCC,222.2400000000001,23.93526372830986,22.0
123-25-1,CCOC(=O)CCC(=O)OCC,174.1960000000001,25.610975429854605,22.599999999999998
352-93-2,CCSCC,90.19099999999996,39.80535182955348,40.0
367-11-3,C1=CC=C(C(=C1)F)F,114.09399999999998,40.673157017909205,42.800000000000004
372-18-9,C1=CC(=CC(=C1)F)F,114.09399999999998,40.673157017909205,42.0
540-36-3,C1=CC(=CC=C1F)F,114.09399999999998,40.673157017909205,42.800000000000004
75-37-6,CC(F)F,66.05,44.922338261613326,45.199999999999996
75-38-7,C=C(F)F,64.034,47.36622475557843,44.699999999999996
75-10-5,C(F)F,52.02300000000001,50.73010771016469,57.800000000000004
1885-48-9,C(C(F)(F)F)OC(F)F,150.04600000000002,33.76278470046164,34.300000000000004
3648-21-3,CCCCCCCOC(=O)C1=CC=CC=C1C(=O)OCCCCCCC,362.5099999999995,11.081540635566249,12.4
84-75-3,CCCCCCOC(=O)C1=CC=CC=C1C(=O)OCCCCCC,334.4559999999995,12.646471432126893,13.0
110-87-2,C1CC=COC1,84.11799999999995,48.69760685350641,46.3
110-96-3,CC(C)CNCC(C)C,129.24699999999993,26.110690003705106,32.0
108-18-9,CC(C)NC(C)C,101.19299999999993,32.10041008,30.2
100-18-5,CC(C)C1=CC=C(C=C1)C(C)C,162.27600000000015,24.076405026768143,23.0
108-20-3,CC(C)OC(C)C,102.17699999999994,31.036382399267534,28.5
110-71-4,COCCOC,90.12199999999994,37.36228262623967,39.1
109-87-5,COCOC,76.09499999999997,42.16562658121098,40.0
124-40-3,CNC,45.085000000000015,51.23977190103139,53.4
121-69-7,CN(C)C1=CC=CC=C1,121.18299999999992,36.42126142125232,36.3
75-83-2,CCC(C)(C)C,86.17799999999993,31.739734179726245,31.0
79-29-8,CC(C)C(C)C,86.17799999999993,31.632716326657146,31.299999999999997
75-97-8,CC(=O)C(C)(C)C,100.16099999999992,34.11870032317232,36.7
563-78-0,CC(C)C(=C)C,84.16199999999994,33.067459932985486,33.1
558-37-2,CC(C)(C)C=C,84.16199999999994,33.29682891,31.8
563-79-1,CC(=C(C)C)C,84.16199999999994,33.33528900362155,34.0
638-04-0,CC1CCCC(C1)C,112.21599999999992,30.389631543951296,28.799999999999997
624-29-3,CC1CCC(CC1)C,112.21599999999992,30.389631543951296,34.4
624-92-0,CSSC,94.20399999999998,52.81571119524065,51.0
115-10-6,COC,46.06900000000002,49.107978131235164,53.4
1119-40-0,COC(=O)CCCC(=O)OC,160.1690000000001,28.293345405160707,28.0
1071-26-7,CCCCCC(C)(C)C,128.2589999999999,23.496411745480287,23.5
1732-08-7,COC(=O)CCCCCC(=O)OC,188.22300000000013,23.292735647947996,24.0
590-73-8,CCCCC(C)(C)C,114.2319999999999,25.84587741455417,25.299999999999997
584-94-1,CCCC(C)C(C)C,114.2319999999999,25.767218944059366,26.299999999999997
589-43-5,CCC(C)CC(C)C,114.2319999999999,25.767218944059366,25.5
592-13-2,CC(C)CCC(C)C,114.2319999999999,25.767218944059366,24.900000000000002
563-16-6,CCCC(C)(C)CC,114.2319999999999,25.84587741455417,26.5
583-48-2,CCC(C)C(C)CC,114.2319999999999,25.767218944059366,26.9
627-93-0,COC(=O)CCCCC(=O)OC,174.1960000000001,25.610975429854605,25.0
108-59-8,COC(=O)CC(=O)OC,132.115,35.09579749,35.0
582-16-1,CC1=CC2=C(C=C1)C=CC(=C2)C,156.2280000000001,30.057325330871027,30.2
1732-09-8,COC(=O)CCCCCCC(=O)OC,202.2500000000001,21.275581759507627,23.0
553-90-2,COC(=O)C(=O)OC,118.08799999999997,39.45607434155703,40.0
558-30-5,CC1(CO1)C,72.10699999999997,48.49434749885553,44.0
590-35-2,CCCC(C)(C)C,100.20499999999991,28.566196876514905,27.7
565-59-3,CCC(C)C(C)C,100.20499999999991,28.47480947504981,29.2
108-08-7,CC(C)CC(C)C,100.20499999999991,28.47480947504981,27.400000000000002
562-49-2,CCC(C)(C)CC,100.20499999999991,28.566196876514905,29.4
3404-72-6,CCC(C)C(=C)C,98.18899999999992,29.69804512617956,29.0
762-62-9,CC(C)(C)CC=C,98.18899999999992,29.893212477068154,29.1
131-11-3,COC(=O)C1=CC=CC=C1C(=O)OC,194.1860000000001,29.15533495981228,27.599999999999998
583-61-9,CC1=C(N=CC=C1)C,107.15599999999996,40.41499735887993,40.300000000000004
108-47-4,CC1=CC(=NC=C1)C,107.15599999999996,40.41499735887993,38.3
589-93-5,CC1=CN=C(C=C1)C,107.15599999999996,40.41499735887993,41.1
108-48-5,CC1=NC(=CC=C1)C,107.15599999999992,40.41499735887993,38.0
583-58-4,CC1=C(C=NC=C1)C,107.15599999999996,40.41499735887993,40.599999999999994
591-22-0,CC1=CC(=CN=C1)C,107.15599999999996,40.41499735887993,38.4
877-43-0,CC1=CC2=C(C=C1)N=C(C=C2)C,157.2160000000001,33.52859268090939,32.7
106-79-6,COC(=O)CCCCCCCCC(=O)OC,230.30400000000017,17.954610744039066,21.0
106-65-0,COC(=O)CCC(=O)OC,146.14200000000008,31.42029801524261,35.0
75-18-3,CSC,62.137000000000015,51.534464446115294,54.0
84-76-4,CCCCCCCCCOC(=O)C1=CC=CC=C1C(=O)OCCCCCCCCC,418.61799999999937,8.711906318432021,10.0
117-84-0,CCCCCCCCOC(=O)C1=CC=CC=C1C(=O)OCCCCCCCC,390.56399999999945,9.790084915280522,11.0
123-91-1,C1COCCO1,88.10599999999995,52.35810430153243,52.0
101-84-8,C1=CC=C(C=C1)OC2=CC=CC=C2,170.21100000000007,33.606385213190514,31.0
101-81-5,C1=CC=C(C=C1)CC2=CC=CC=C2,168.2390000000001,30.727479215933055,30.2
142-84-7,CCCNCCC,101.19299999999993,31.52623882,36.0
111-43-3,CCCOCCC,102.17699999999994,30.490398421085196,29.2
131-16-8,CCCOC(=O)C1=CC=CC=C1C(=O)OCCC,250.29400000000007,20.001216073937293,19.0
3648-20-2,CCCCCCCCCCCOC(=O)C1=CC=CC=C1C(=O)OCCCCCCCCCCC,474.7259999999993,7.028402618389224,8.9
629-97-0,CCCCCCCCCCCCCCCCCCCCCC,310.6099999999991,9.018027036045053,10.0
112-85-6,CCCCCCCCCCCCCCCCCCCCCC(=O)O,340.5919999999992,9.520109374632584,11.100000000000001
112-40-3,CCCCCCCCCCCC,170.34000000000023,17.803414694938485,18.0
2783-17-7,C(CCCCCCN)CCCCCN,200.37000000000023,19.64815653,20.0
693-23-2,C(CCCCCC(=O)O)CCCCC(=O)O,230.30400000000017,20.812243593158932,21.0
112-55-0,CCCCCCCCCCCCS,202.40700000000024,18.805348842982106,18.1
143-07-7,CCCCCCCCCCCC(=O)O,200.3220000000002,19.219825018869063,19.0
112-53-8,CCCCCCCCCCCCO,186.33900000000023,19.270481245582243,20.2
112-41-4,CCCCCCCCCCC=C,168.3240000000002,18.451600713265076,18.799999999999997
112-95-8,CCCCCCCCCCCCCCCCCCCC,282.5559999999996,10.155331894525908,10.8
506-30-9,CCCCCCCCCCCCCCCCCCCC(=O)O,312.5379999999992,10.756850957698576,12.0
629-96-9,CCCCCCCCCCCCCCCCCCCCO,298.55499999999915,10.778050198984364,11.0
13838-16-9,C(C(OC(F)F)(F)F)(F)Cl,184.491,32.65306122448979,29.8
74-84-0,CC,30.069999999999997,50.299280720285694,48.7
107-15-3,C(CN)N,60.100000000000016,59.537418076512736,67.1
107-21-1,C(CO)O,62.06800000000002,66.53023533,81.0
542-10-9,CC(OC(=O)C)OC(=O)C,146.14200000000008,31.704001298595898,29.0
75-08-1,CCS,62.137000000000015,55.19628904309506,55.300000000000004
64-17-5,CCO,46.06900000000002,57.56641437226128,62.5
141-43-5,C(CO)N,61.08400000000002,62.88829592213423,80.0
103-73-1,CCOC1=CC=CC=C1,122.16699999999992,35.77070122021015,34.5
111-15-9,CCOCCOC(=O)C,132.159,30.659460467078475,30.7
919-94-8,CCC(C)(C)OCC,116.20399999999992,28.05407928756104,28.3
141-78-6,CCOC(=O)C,88.10599999999995,39.209397394692374,38.8
75-04-7,CCN,45.085000000000015,54.62662971721431,56.0
100-41-4,CCC1=CC=CC=C1,106.16799999999994,36.509341827840196,36.1
93-89-0,CCOC(=O)C1=CC=CC=C1,150.17700000000008,32.80284571247124,30.099999999999998
105-54-4,CCCC(=O)OCC,116.15999999999993,31.244912937612344,32.0
1678-91-7,CCC1CCCCC1,112.21599999999992,31.526238815672688,32.7
1640-89-7,CCC1CCCC1,98.18899999999992,34.19855682090214,34.0
3938-95-2,CCOC(=O)C(C)(C)C,130.18699999999995,28.719489849957903,28.799999999999997
74-85-1,C=C,28.053999999999995,52.662511243446154,50.4
763-69-9,CCOCCC(=O)OCC,146.18600000000012,27.642605437189907,27.0
106-30-9,CCCCCCC(=O)OCC,158.24100000000016,23.180724578452722,23.0
619-99-8,CCCC(CC)CC,114.2319999999999,25.559209954596618,26.099999999999998
123-66-0,CCCCCC(=O)OCC,144.21400000000014,25.48185551736957,26.0
149-57-5,CCCCC(CC)C(=O)O,144.21400000000014,28.024384577508577,27.5
104-76-7,CCCCC(CC)CO,130.23099999999994,28.113610473556896,30.0
103-09-3,CCCCC(CC)COC(=O)C,172.26800000000017,21.33458496231779,20.2
540-67-0,CCOC,60.09600000000002,43.11220079593744,43.9
609-26-7,CCC(CC)C(C)C,114.2319999999999,25.767218944059366,27.0
1067-08-9,CCC(C)(CC)CC,114.2319999999999,25.84587741455417,27.7
97-62-1,CCOC(=O)C(C)C,116.15999999999993,31.526238815672706,31.0
624-89-5,CCSC,76.16399999999996,45.10353742533673,46.2
123-29-5,CCCCCCCCC(=O)OCC,186.2950000000002,19.423657354253127,20.0
617-78-7,CCC(CC)CC,100.20499999999991,28.23324272344636,29.0
539-82-2,CCCCC(=O)OCC,130.18699999999995,28.14344715012418,28.0
90-00-6,CCC1=CC=CC=C1O,122.16699999999992,44.09101090106153,37.0
620-17-7,CCC1=CC(=CC=C1)O,122.16699999999992,44.09101090106153,38.0
123-07-9,CCC1=CC=C(C=C1)O,122.16699999999992,44.09101090106153,31.0
105-37-3,CCC(=O)OCC,102.13299999999995,34.88880414786014,33.7
628-32-0,CCCOCC,88.14999999999995,33.99943900925634,33.7
625-60-5,CCSC(=O)C,104.17399999999996,43.168871444827595,41.0
622-96-8,CCC1=CC=C(C=C1)C,120.19499999999992,32.06406657013244,32.3
109-92-2,CCOC=C,72.10699999999996,40.21023519368667,40.599999999999994
462-06-6,C1=CC=C(C=C1)F,96.10399999999996,43.974136172069024,45.5
353-36-6,CCF,48.06000000000001,47.23609783,50.5
593-53-3,CF,34.03300000000001,54.14534017,59.0
95-52-3,CC1=CC=CC=C1F,110.13099999999996,38.15103307274905,39.0
352-70-5,CC1=CC(=CC=C1)F,110.13099999999996,38.15103307274905,39.0
352-32-9,CC1=CC=C(C=C1)F,110.13099999999996,38.15103307274905,38.5
110-00-9,C1=COC=C1,68.07499999999997,56.87389238094588,54.3
56-81-5,C(C(CO)O)O,92.09399999999997,66.96649800038037,76.0
629-94-7,CCCCCCCCCCCCCCCCCCCCC,296.58299999999923,9.561366571703173,10.0
629-78-7,CCCCCCCCCCCCCCCCC,240.4750000000003,12.311480455524775,13.3
506-12-7,CCCCCCCCCCCCCCCCC(=O)O,270.4569999999999,13.117986714365415,14.0
1454-85-9,CCCCCCCCCCCCCCCCCO,256.4740000000003,13.146540277581312,14.0
6765-39-5,CCCCCCCCCCCCCCCC=C,238.4590000000003,12.682526927541172,13.4
375-03-1,COC(C(C(F)(F)F)(F)F)(F)F,200.053,28.383859915433124,24.8
431-89-0,C(C(F)(F)F)(C(F)(F)F)F,170.027,31.739734179726245,29.3
111-71-7,CCCCCCC=O,114.18799999999992,30.32273088940208,32.0
123-82-0,CCCCCC(C)N,115.21999999999991,30.024394820791898,29.0
142-82-5,CCCCCCC,100.20499999999991,27.994736989445983,27.400000000000002
111-16-0,C(CCC(=O)O)CCC(=O)O,160.1690000000001,34.118700323172334,33.0
111-14-8,CCCCCCC(=O)O,130.18699999999995,30.82993253485864,30.0
111-70-6,CCCCCCCO,116.20399999999992,30.932899117917447,31.0
52390-72-4,CCCCCC(C)O,116.20399999999992,31.21001217190474,30.0
26549-25-7,CCCCC(CC)O,116.20399999999992,31.21001217190474,31.0
589-55-9,CCCC(CCC)O,116.20399999999992,31.21001217190474,31.0
110-43-0,CCCCCC(=O)C,114.18799999999992,29.95869594589939,29.8
106-35-4,CCCCC(=O)CC,114.18799999999992,29.95869594589939,30.0
123-19-3,CCCC(=O)CCC,114.18799999999992,29.95869594589939,30.0
592-76-7,CCCCCC=C,98.18899999999992,29.281685125840962,28.5
6443-92-1,CCCCC=CC,98.18899999999992,29.60117741643291,30.0
14686-13-6,CCCCC=CC,98.18899999999992,29.60117741643291,30.0
14686-14-7,CCCC=CCC,98.18899999999992,29.60117741643291,30.0
1078-71-3,CCCCCCCC1=CC=CC=C1,176.30300000000017,21.938364165875967,21.0
630-01-3,CCCCCCCCCCCCCCCCCCCCCCCCCC,366.7179999999991,7.249635995776652,8.0
544-76-3,CCCCCCCCCCCCCCCC,226.4480000000003,13.18475694427963,14.0
57-10-3,CCCCCCCCCCCCCCCC(=O)O,256.43000000000023,14.080094618235833,15.0
36653-82-4,CCCCCCCCCCCCCCCCO,242.4470000000003,14.111848251344435,14.7
629-73-2,CCCCCCCCCCCCCCC=C,224.43200000000027,13.596296586350624,14.0
1522-22-1,C(C(=O)C(F)(F)F)C(=O)C(F)(F)F,208.057,30.727479215933055,29.0
392-56-3,C1(=C(C(=C(C(=C1F)F)F)F)F)F,186.054,30.59166732,32.8
76-16-4,C(C(F)(F)F)(F)(F)F,138.01000000000002,37.08973193025349,30.5
431-63-0,C(C(F)F)(C(F)(F)F)F,152.037,32.99153008448141,34.2
690-39-1,C(C(F)(F)F)C(F)(F)F,152.037,33.105523193067434,32.0
87-85-4,CC1=C(C(=C(C(=C1C)C)C)C)C,162.27600000000015,22.376390580792638,26.0
111-01-3,CC(C)CCCC(C)CCCC(C)CCCCC(C)CCCC(C)CCCC(C)C,422.826,6.096631611034904,6.0
66-25-1,CCCCCC=O,100.16099999999992,33.80205516495402,34.0
110-54-3,CCCCCC,86.17799999999993,31.070992245923172,30.299999999999997
124-09-4,C(CCCN)CCN,116.20799999999991,35.430839002267554,36.0
124-04-9,C(CCC(=O)O)CC(=O)O,146.14200000000008,38.29281442995785,38.0
629-11-8,C(CCCO)CCO,118.17599999999992,38.57875853555032,41.0
628-73-9,CCCCCC#N,97.16099999999994,30.222793365855072,29.900000000000002
111-27-3,CCCCCCO,102.17699999999992,34.520802926259414,34.0
591-78-6,CCCCC(=O)C,100.16099999999992,33.37381577186461,33.1
589-38-8,CCCC(=O)CC,100.16099999999992,33.37381577186461,33.199999999999996
630-06-8,CCCCCCCCCCCCCCCCCCCCCCCCCCCCCCCCCCCC,506.9879999999989,4.5774391937554935,4.699999999999999
592-41-6,CCCCC=C,84.16199999999994,32.57855340797732,32.0
7688-21-3,CCCC=CC,84.16199999999994,32.9536632,33.4
4050-45-7,CCCC=CC,84.16199999999994,32.9536632,31.6
13269-52-8,CCC=CCC,84.16199999999994,32.9536632,31.8
109-49-9,CC(=O)CCC=C,98.14499999999994,35.05425171266311,35.099999999999994
142-92-7,CCCCCCOC(=O)C,144.21400000000014,25.48185551736957,25.0
111-26-2,CCCCCCN,101.19299999999993,33.143652211725616,34.0
1077-16-3,CCCCCCC1=CC=CC=C1,162.27600000000015,24.05279492274362,24.0
6789-88-4,CCCCCCOC(=O)C1=CC=CC=C1,206.2850000000001,22.041482069254332,20.0
496-11-7,C1CC2=CC=CC=C2C1,118.17899999999992,38.91642658,39.5
78-84-2,CC(C)C=O,72.10699999999996,43.28254847645428,51.2
75-28-5,CC(C)C,58.12400000000002,39.357124977763235,36.3
115-11-7,CC(=C)C,56.10800000000002,41.356065383939374,40.0
110-19-0,CC(C)COC(=O)C,116.15999999999993,31.526238815672706,29.700000000000003
538-93-2,CC(C)CC1=CC=CC=C1,134.222,29.56899348033261,30.0
539-90-2,CCCC(=O)OCC(C)C,144.21400000000014,25.68891900771926,25.0
1678-98-4,CC(C)CC1CCCCC1,140.27000000000007,25.898516662458157,26.099999999999998
78-78-4,CCC(C)C,72.15099999999997,35.01277966457758,33.5
123-92-2,CC(C)CCOC(=O)C,130.18699999999995,28.383859915433135,27.599999999999998
110-46-3,CC(C)CCON=O,117.14799999999994,33.60638521,50.7
108-21-4,CC(C)OC(=O)C,102.13299999999995,35.22087893703388,33.1
75-31-0,CC(C)N,59.11200000000002,48.15839875250484,45.5
98-82-8,CC(C)C1=CC=CC=C1,120.19499999999992,32.91586146240563,32.0
696-29-7,CC(C)C1CCCCC1,126.2429999999999,28.627366445463004,31.0
99-87-6,CC1=CC=C(C=C1)C(C)C,134.222,29.092466331288705,28.0
598-53-8,CC(C)OC,74.12299999999996,38.530879224573766,37.599999999999994
119-65-3,C1=CC=C2C=NC=CC2=C1,129.16199999999998,44.14962307259302,50.7
5989-27-5,CC1=CCC(CC1)C(=C)C,136.23800000000003,27.555610666776886,28.1
2216-51-5,CC1CCC(C(C1)O)C(C)C,156.26900000000018,26.597718288138935,27.0
141-79-7,CC(=CC(=O)C)C,98.14499999999994,35.68527868061533,38.5
74-93-1,CS,48.110000000000014,64.0,72.4
67-56-1,CO,32.041999999999994,66.96649800038035,80.1
109-86-4,COCCO,76.09499999999996,48.83382387,52.800000000000004
110-49-6,CC(=O)OCCOC,118.13199999999996,34.198556820902155,36.0
994-05-8,CCC(C)(C)OC,102.17699999999992,31.140385841836725,32.3
107-98-2,CC(COC)O,90.12199999999996,43.33955544884394,41.1
116-11-0,CC(=C)OC,72.10699999999997,40.46643228509087,42.0
79-20-9,CC(=O)OC,74.07899999999998,44.38524439,47.300000000000004
74-89-5,CN,31.058,63.28917647490682,76.10000000000001
95-53-4,CC1=CC=CC=C1N,107.15599999999996,43.45390778820044,36.0
108-44-1,CC1=CC(=CC=C1)N,107.15599999999996,43.45390778820044,46.0
106-49-0,CC1=CC=C(C=C1)N,107.15599999999996,43.45390778820044,33.0
100-61-8,CNC1=CC=CC=C1,107.15599999999992,41.83897350588842,52.0
578-58-5,CC1=CC=CC=C1OC,122.16699999999992,35.13741717,36.0
100-84-5,CC1=CC(=CC=C1)OC,122.16699999999992,35.13741717,36.0
104-93-8,CC1=CC=C(C=C1)OC,122.16699999999992,35.13741717,36.0
98-85-1,CC(C1=CC=CC=C1)O,122.16699999999992,41.35606538393936,38.0
93-58-3,COC(=O)C1=CC=CC=C1,136.15000000000006,36.73094582185491,38.0
623-42-7,CCCC(=O)OC,102.13299999999994,34.88880414786014,34.900000000000006
503-74-2,CC(C)CC(=O)O,102.13299999999994,39.01371761,34.0
34713-94-5,CCC(C)CO,88.14999999999993,39.16033966112209,39.0
123-51-3,CC(C)CCO,88.14999999999993,39.16033966112209,39.0
75-85-4,CCC(C)(C)O,88.14999999999993,39.705086499516185,37.1
563-80-4,CC(C)C(=O)C,86.13399999999994,37.77677627346456,38.3
563-45-1,CC(C)C=C,70.13499999999998,36.82015270053728,35.099999999999994
513-35-9,CC=C(C)C,70.13499999999998,37.13494952060637,34.0
1634-04-4,CC(C)(C)OC,88.14999999999993,34.765485938056244,34.1
108-87-2,CC1CCCCC1,98.18899999999992,35.22087893703385,34.8
96-37-7,CC1CCCC1,84.16199999999994,38.387774875662004,37.9
1120-72-5,CC1CCCC1=O,98.14499999999994,40.10843717073481,40.0
609-72-3,CC1=CC=CC=C1N(C)C,135.21000000000004,31.991564464282067,31.200000000000003
111-82-0,CCCCCCCCCCCC(=O)OC,214.34900000000025,16.511129078888683,14.0
534-22-5,CC1=CC=CO1,82.10199999999996,48.426877110503845,47.699999999999996
592-27-8,CCCCCC(C)C,114.2319999999999,25.559209954596618,25.0
589-81-1,CCCCC(C)CC,114.2319999999999,25.559209954596618,25.4
589-53-7,CCCC(C)CCC,114.2319999999999,25.559209954596618,25.4
106-73-0,CCCCCCC(=O)OC,144.21400000000014,25.48185551736957,26.0
14979-39-6,CCCC(C)C(CC)O,130.23099999999994,28.353640210452053,28.0
18720-65-5,CCC(C)CC(CC)O,130.23099999999994,28.353640210452053,28.0
541-85-5,CCC(C)CC(=O)CC,128.21499999999992,27.268575012441286,27.0
15870-10-7,CCCCCC(=C)C,112.21599999999992,26.59771828813893,26.0
627-97-4,CCCCC=C(C)C,112.21599999999992,26.874199988659083,26.0
591-76-4,CCCCC(C)C,100.20499999999991,28.23324272344636,27.3
78918-91-9,CCCC(C)CC,100.20499999999991,28.23324272344636,28.2
110-12-3,CC(C)CCC(=O)C,114.18799999999992,30.222793365855072,29.0
3524-73-0,CC(C)CCC=C,98.18899999999992,29.53686200378071,29.0
547-63-7,CC(C)C(=O)OC,102.13299999999994,35.22087893703388,34.300000000000004
80-62-6,CC(=C)C(=O)OC,100.11699999999996,36.90968495369311,29.700000000000003
90-12-0,CC1=CC=CC2=CC=CC=C12,142.20100000000008,34.078876923795185,35.6
91-57-6,CC1=CC2=CC=CC=C2C=C1,142.20100000000008,34.078876923795185,33.7
3221-61-2,CCCCCCC(C)C,128.2589999999999,23.247833999306284,23.0
75-56-9,CC1CO1,58.08000000000002,52.13152784,54.400000000000006
22410-44-2,COC(C(F)(F)F)(F)F,150.04600000000002,34.198556820902155,28.900000000000002
107-83-5,CCCC(C)C,86.17799999999993,31.349967207934306,30.299999999999997
96-14-0,CCC(C)CC,86.17799999999993,31.349967207934306,31.200000000000003
624-24-8,CCCCC(=O)OC,116.15999999999993,31.244912937612344,32.0
105-30-6,CCCC(C)CO,102.17699999999992,34.847625273728084,34.0
626-89-1,CC(C)CCCO,102.17699999999992,34.847625273728084,34.0
590-36-3,CCCC(C)(C)O,102.17699999999992,35.30463842931074,36.0
565-67-3,CCC(C(C)C)O,102.17699999999992,35.17911092536539,35.0
77-74-7,CCC(C)(CC)O,102.17699999999992,35.30463842931074,35.0
108-10-1,CC(C)CC(=O)C,100.16099999999992,33.6844488,34.0
691-37-2,CC(C)CC=C,84.16199999999994,32.87812474,31.8
625-27-4,CCC=C(C)C,84.16199999999994,33.14365221172563,32.599999999999994
691-38-3,CC=CC(C)C,84.16199999999994,33.25843533695451,32.400000000000006
628-80-8,CCCCCOC,102.17699999999992,30.490398421085196,30.4
2163-42-0,CC(CO)CO,90.12199999999996,50.299280720285694,54.0
554-12-1,CCC(=O)OC,88.10599999999997,39.209397394692374,40.0
79-31-2,CC(C)C(=O)O,88.10599999999995,44.14962307259302,37.0
78-83-1,CC(C)CO,74.12299999999995,44.326162542264996,43.0
75-65-0,CC(C)(C)O,74.12299999999995,44.98261646786599,39.8
557-17-5,CCCOC,74.12299999999996,38.15103307274905,38.0
109-06-8,CC1=CC=CC=N1,93.12899999999996,46.78485143938274,46.2
108-99-6,CC1=CN=CC=C1,93.12899999999996,46.78485143938274,46.3
108-89-4,CC1=CC=NC=C1,93.12899999999996,46.78485143938274,46.8
872-50-4,CN1CCCC1=O,99.13299999999994,45.839408964996565,45.0
91-63-4,CC1=NC2=CC=CC=C2C=C1,143.18900000000005,38.29281442995785,39.1
611-32-5,CC1=C2C(=CC=C1)C=CC=N2,143.18900000000005,38.29281442995785,42.199999999999996
119-36-8,COC(=O)C1=CC=CC=C1O,152.14900000000006,44.38524439,44.0
96-47-9,CC1CCCO1,86.13399999999994,42.88663047892787,37.400000000000006
100-68-5,CSC1=CC=CC=C1,124.20799999999994,42.05631845717237,41.0
421-14-7,COC(F)(F)F,100.039,42.00182371918588,36.4
91-20-3,C1=CC=C2C=CC=CC2=C1,128.17399999999995,38.96502655076909,40.599999999999994
463-82-1,CC(C)(C)C,72.15099999999997,35.47305626275035,32.0
75-52-5,C[N+](=O)[O-],61.04000000000001,58.989950472037606,60.0
629-92-5,CCCCCCCCCCCCCCCCCCC,268.529,10.80641347672147,11.6
18435-45-5,CCCCCCCCCCCCCCCCCC=C,266.51300000000003,11.11111111111111,12.0
124-19-6,CCCCCCCCC=O,142.2420000000001,24.80119363184711,27.0
111-84-2,CCCCCCCCC,128.2589999999999,23.069519535730528,22.9
123-99-9,C(CCCC(=O)O)CCCC(=O)O,188.22300000000013,27.584563237059527,27.0
143-08-8,CCCCCCCCCO,144.25800000000012,25.25188758,25.4
52708-03-9,CCCCCC(CCC)O,144.25800000000012,25.456148729076315,25.0
821-55-6,CCCCCCCC(=O)C,142.2420000000001,24.53168401915336,25.0
925-78-0,CCCCCCC(=O)CC,142.2420000000001,24.53168401915336,24.0
4485-09-0,CCCCCC(=O)CCC,142.2420000000001,24.53168401915336,24.0
502-56-7,CCCCC(=O)CCCC,142.2420000000001,24.53168401915336,23.5
124-11-8,CCCCCCCC=C,126.2429999999999,24.029219530949632,23.799999999999997
630-02-4,CCCCCCCCCCCCCCCCCCCCCCCCCCCC,394.772,6.554438941337509,8.0
593-45-3,CCCCCCCCCCCCCCCCCC,254.50200000000032,11.522176271783248,13.0
57-11-4,CCCCCCCCCCCCCCCCCC(=O)O,284.48399999999947,12.251225091881125,13.0
112-92-5,CCCCCCCCCCCCCCCCCCO,270.5009999999999,12.276994532808795,12.8
112-88-9,CCCCCCCCCCCCCCCCC=C,252.4860000000003,11.857872488976923,13.0
124-13-0,CCCCCCCC=O,128.21499999999992,27.35421298646732,30.0
111-65-9,CCCCCCCC,114.2319999999999,25.353709602666797,24.8
373-44-4,C(CCCCN)CCCN,144.26200000000014,28.535685586967627,28.0
505-48-6,C(CCCC(=O)O)CCC(=O)O,174.1960000000001,30.59166732,30.0
124-12-9,CCCCCCCC#N,125.21499999999992,24.72725222613269,28.5
124-07-2,CCCCCCCC(=O)O,144.21400000000014,27.788514951193637,29.0
111-87-5,CCCCCCCCO,130.23099999999994,27.876615868038787,28.0
4128-31-8,CCCCCCC(C)O,130.23099999999994,28.113610473556896,27.5
589-98-0,CCCCCC(CC)O,130.23099999999994,28.113610473556896,28.0
111-13-7,CCCCCCC(=O)C,128.21499999999992,27.042163329798925,27.0
106-68-3,CCCCCC(=O)CC,128.21499999999992,27.042163329798925,27.0
589-63-9,CCCCC(=O)CCC,128.21499999999992,27.042163329798925,27.0
111-66-0,CCCCCCC=C,112.21599999999992,26.461074700672317,26.8
13389-42-9,CCCCCC=CC,112.21599999999992,26.735423045293008,25.8
14850-23-8,CCCC=CCCC,112.21599999999992,26.735423045293008,25.5
111-86-4,CCCCCCCCN,129.24699999999993,26.874199988659083,28.2
2189-60-8,CCCCCCCCC1=CC=CC=C1,190.33000000000015,20.090967884386924,20.0
288-42-6,C1=COC=N1,69.06299999999999,66.20582995297399,68.0
75-21-8,C1CO1,44.05300000000001,63.38999553734432,72.0
375-83-7,C(C(C(C(C(C(C(F)(F)F)(F)F)(F)F)(F)F)(F)F)(F)F)(F)F,370.0549999999999,16.755333096859733,17.0
629-62-9,CCCCCCCCCCCCCCC,212.42100000000028,14.154353794301002,15.4
1002-84-2,CCCCCCCCCCCCCCC(=O)O,242.40300000000025,15.152063839887532,16.0
629-76-5,CCCCCCCCCCCCCCCO,228.42000000000027,15.187514162356958,16.0
13360-61-7,CCCCCCCCCCCCCC=C,210.40500000000023,14.61249988,15.600000000000001
363-72-4,C1=C(C(=C(C(=C1F)F)F)F)F,168.064,32.727824934937075,35.3
354-33-6,C(C(F)(F)F)(F)F,120.02,38.674785277592136,36.2
1814-88-6,CC(C(F)(F)F)(F)F,134.04700000000005,34.88880414786014,31.400000000000002
110-62-3,CCCCC=O,86.13399999999994,37.916474556528904,31.0
109-66-0,CCCCC,72.15099999999997,34.68363668,33.7
110-94-1,C(CC(=O)O)CC(=O)O,132.115,43.282548476454295,43.0
110-59-8,CCCCC#N,83.13399999999996,33.6844488,35.8
109-52-4,CCCCC(=O)O,102.13299999999994,38.62672714582092,36.0
71-41-0,CCCCCO,88.14999999999993,38.77117099792342,39.0
6032-29-7,CCCC(C)O,88.14999999999993,39.16033966112209,42.0
584-02-1,CCC(CC)O,88.14999999999993,39.16033966112209,49.0
107-87-9,CCCC(=O)C,86.13399999999994,37.4079997,37.0
96-22-0,CCC(=O)CC,86.13399999999996,37.4079997,37.3
109-67-1,CCCC=C,70.13499999999998,36.46526173306261,35.5
627-20-3,CCC=CC,70.13499999999998,36.90968495369311,36.9
628-63-7,CCCCCOC(=O)C,130.18699999999995,28.14344715012418,27.9
538-68-1,CCCCCC1=CC=CC=C1,148.24900000000014,26.488319048624334,26.0
2049-96-9,CCCCCOC(=O)C1=CC=CC=C1,192.25800000000007,24.17119393128999,22.0
684-16-2,C(=O)(C(F)(F)F)C(F)(F)F,166.01999999999998,35.64268211182891,28.5
355-25-9,C(C(C(F)(F)F)(F)F)(C(F)(F)F)(F)F,238.024,25.610975429854612,23.3
115-25-3,C1(C(C(C1(F)F)(F)F)(F)F)(F)F,200.028,33.56745514380969,27.799999999999997
355-68-0,C1(C(C(C(C(C1(F)F)(F)F)(F)F)(F)F)(F)F)(F)F,300.0419999999999,24.41062975519068,22.400000000000002
355-75-9,C1(=C(C(C(C(C1(F)F)(F)F)(F)F)(F)F)F)F,262.04599999999994,26.244625100779356,26.0
307-45-9,C(C(C(C(C(C(F)(F)F)(F)F)(F)F)(F)F)(F)F)(C(C(C(C(F)(F)F)(F)F)(F)F)(F)F)(F)F,538.066,11.275884356334183,14.5
354-96-1,C(C(C(F)(F)F)(C(F)(F)F)F)(C(F)(F)F)(C(F)(F)F)F,338.03799999999995,18.740278480538223,19.5
22052-81-9,CCOC(C(F)(F)F)(F)F,164.07300000000004,30.659460467078482,25.299999999999997
156053-88-2,C(C(F)(F)F)OC(C(F)(F)F)(F)F,218.043,27.070310258239928,23.3
335-57-9,C(C(C(C(F)(F)F)(F)F)(F)F)(C(C(C(F)(F)F)(F)F)(F)F)(F)F,388.0449999999999,16.298513135542187,16.299999999999997
355-63-5,C(=C(F)F)(C(C(C(C(C(F)(F)F)(F)F)(F)F)(F)F)(F)F)F,350.04899999999986,17.909050320670495,17.0
355-42-0,C(C(C(C(F)(F)F)(F)F)(F)F)(C(C(F)(F)F)(F)F)(F)F,338.03799999999995,18.740278480538223,18.799999999999997
22052-84-2,COC(C(F)(F)F)(C(F)(F)F)F,200.053,28.383859915433124,25.4
355-02-2,C1(C(C(C(C(C1(F)F)(F)F)(F)F)(F)F)(F)F)(C(F)(F)F)F,350.0489999999999,20.831245868903544,20.2
355-04-4,C(C(C(C(F)(F)F)(F)F)(F)F)(C(F)(F)F)(C(F)(F)F)F,338.03799999999995,18.740278480538223,18.700000000000003
865-71-4,C(C(C(F)(F)F)(F)F)(C(C(F)(F)F)(F)F)(C(F)(F)F)F,338.03799999999995,18.740278480538223,16.9
313-72-4,C12=C(C(=C(C(=C1F)F)F)F)C(=C(C(=C2F)F)F)F,272.09399999999994,23.069519535730535,29.0
375-96-2,C(C(C(C(C(F)(F)F)(F)F)(F)F)(F)F)(C(C(C(C(F)(F)F)(F)F)(F)F)(F)F)(F)F,488.0589999999999,12.655470877799912,15.600000000000001
307-34-6,C(C(C(C(C(F)(F)F)(F)F)(F)F)(F)F)(C(C(C(F)(F)F)(F)F)(F)F)(F)F,438.0519999999999,14.304645462223144,16.599999999999998
425-82-1,C1(C(OC1(F)F)(F)F)(F)F,166.01999999999998,41.03875659133729,31.0
678-26-2,C(C(C(F)(F)F)(F)F)(C(C(F)(F)F)(F)F)(F)F,288.03099999999995,21.774874364418636,20.4
2706-90-3,C(=O)(C(C(C(C(F)(F)F)(F)F)(F)F)(F)F)O,264.04299999999995,26.62517399551206,21.0
76-19-7,C(C(F)(F)F)(C(F)(F)F)(F)F,188.017,30.557855034146876,26.400000000000002
434-64-0,C1(=C(C(=C(C(=C1F)F)F)F)F)C(F)(F)F,236.06099999999995,25.63691716071142,27.0
108-95-2,C1=CC=C(C=C1)O,94.11299999999996,59.26273600643829,55.0
122-79-2,CC(=O)OC1=CC=CC=C1,136.15000000000006,36.73094582185491,36.0
103-71-9,C1=CC=C(C=C1)N=C=O,119.12299999999996,45.34684669364804,36.0
110-85-0,C1CNCCN1,86.13799999999995,57.91742828084855,54.0
110-89-4,C1CCNCC1,85.14999999999995,48.56195898942564,47.0
123-38-6,CCC=O,58.08000000000002,48.76564401860115,50.4
74-98-6,CCC,44.09700000000002,44.09101090106153,42.5
109-76-2,C(CN)CN,74.12699999999995,51.608534813053254,57.0
57-55-6,CC(CO)O,76.09499999999997,57.91742828084855,59.0
504-63-2,C(CO)CO,76.09499999999996,57.218581848892576,67.0
107-12-0,CCC#N,55.08000000000001,42.66282587466259,42.599999999999994
107-03-9,CCCS,76.16399999999996,48.091628017028285,47.0
79-09-4,CCC(=O)O,74.07899999999998,49.80354989742959,45.0
71-23-8,CCCO,60.096000000000025,50.01510456,51.0
67-63-0,CC(C)O,60.096000000000025,50.58588572850757,47.0
115-07-1,CC=C,42.08100000000002,46.657111290274415,45.599999999999994
2807-30-9,CCCOCCO,104.14899999999994,37.96321289,36.5
1569-01-3,CCCOCC(C)O,118.17599999999992,34.15859356773188,31.0
109-60-4,CCCOC(=O)C,102.13299999999995,34.88880414786014,33.7
107-10-8,CCCN,59.11200000000002,47.628096957469516,47.699999999999996
103-65-1,CCCC1=CC=CC=C1,120.19499999999992,32.61577540255204,32.0
2315-68-6,CCCOC(=O)C1=CC=CC=C1,164.2040000000001,29.47275597,26.0
105-66-8,CCCC(=O)OCCC,130.18699999999995,28.14344715012418,27.200000000000003
1678-92-8,CCCC1CCCCC1,126.2429999999999,28.383859915433117,28.700000000000003
108-65-6,CC(COC)OC(=O)C,132.159,30.932899117917447,31.0
106-36-5,CCCOC(=O)CC,116.15999999999994,31.244912937612344,31.0
74-99-7,CC#C,40.06500000000001,54.22511230020757,56.3
290-37-9,C1=CN=CC=N1,80.08999999999997,63.59235772481806,64.9
110-86-1,C1=CC=NC=C1,79.10199999999998,54.78848631,56.3
109-97-7,C1=CNC=C1,67.09099999999998,59.90664148990213,80.0
123-75-1,C1CCNC1,71.12299999999998,53.749107764811114,56.900000000000006
91-22-5,C1=CC=C2C(=C1)C=CC=N2,129.16199999999998,44.14962307259302,47.5
108-46-3,C1=CC(=CC(=C1)O)O,110.11199999999997,75.61436672967865,63.0
100-42-5,C=CC1=CC=CC=C1,104.15199999999994,38.43538761511879,39.0
84-15-1,C1=CC=C(C=C1)C2=CC=CC=C2C3=CC=CC=C3,230.3100000000001,25.819617952277085,29.0
92-06-8,C1=CC=C(C=C1)C2=CC(=CC=C2)C3=CC=CC=C3,230.3100000000001,25.819617952277085,22.0
92-94-4,C1=CC=C(C=C1)C2=CC=C(C=C2)C3=CC=CC=C3,230.3100000000001,25.819617952277085,25.0
56-23-5,C(Cl)(Cl)(Cl)Cl,153.823,48.02499604994407,45.7
646-31-1,CCCCCCCCCCCCCCCCCCCCCCCC,338.6639999999991,8.06160095,9.0
629-59-4,CCCCCCCCCCCCCC,198.39400000000023,15.234975115191641,15.600000000000001
821-38-5,C(CCCCCCC(=O)O)CCCCCC(=O)O,258.3580000000001,17.594928156389347,19.0
544-63-8,CCCCCCCCCCCCCC(=O)O,228.37600000000023,16.351280444244665,16.0
112-72-1,CCCCCCCCCCCCCCO,214.39300000000023,16.39102427510695,17.0
1120-36-1,CCCCCCCCCCCCC=C,196.37800000000024,15.747039556563365,15.8
112-60-7,C(COCCOCCOCCO)O,194.22700000000012,29.12387519953495,28.0
551-62-2,C1=CC(=C(C(=C1F)F)F)F,150.074,35.09579749,37.91
2367-82-0,C1=C(C=C(C(=C1F)F)F)F,150.074,35.09579749,37.5
327-54-8,C1=C(C(=CC(=C1F)F)F)F,150.074,35.09579749,38.0
811-97-2,C(C(F)(F)F)F,102.03,40.51796546329659,40.599999999999994
359-35-3,C(C(F)F)(F)F,102.03,40.36366043505567,46.1
116-14-3,C(=C(F)F)(F)F,100.014,42.83051451440475,39.6
57041-67-5,C(C(F)(F)F)(OC(F)F)F,168.036,32.356553690523796,30.5
75-73-0,C(F)(F)(F)F,88.00300000000001,45.96380350474001,37.5
109-99-9,C1CCOC1,72.10699999999997,51.166493723917874,52.9
119-64-2,C1CCC2=CC=CC=C2C1,132.206,35.68527868061533,36.0
142-68-7,C1CCOCC1,86.13399999999996,46.34004043631928,48.0
110-01-0,C1CCSC1,88.17499999999995,51.386801300086056,54.0
95-93-2,CC1=CC(=C(C=C1C)C)C,134.222,27.935582780953734,29.0
13475-81-5,CCCC(C)(C)C(C)(C)C,142.2860000000001,21.83596820683029,25.099999999999998
1071-81-4,CC(C)(C)CCC(C)(C)C,142.2860000000001,21.83596820683029,21.9
7154-79-2,CCC(C)(C)C(C)(C)C,128.2589999999999,23.935263728309863,27.400000000000002
1186-53-4,CC(C)C(C)C(C)(C)C,128.2589999999999,23.86515804,26.0
1070-87-7,CC(C)(C)CC(C)(C)C,128.2589999999999,23.935263728309863,24.900000000000002
16747-38-9,CC(C)C(C)(C)C(C)C,128.2589999999999,23.86515804,27.200000000000003
1613-51-0,C1CCSCC1,102.20199999999994,46.52989359543932,65.0
110-02-1,C1=CSC=C1,84.14299999999997,57.1321163,57.0
108-88-3,CC1=CC=CC=C1,92.14099999999996,41.144119209325225,41.3
638-68-6,CCCCCCCCCCCCCCCCCCCCCCCCCCCCCC,422.826,5.954647971930266,6.0
75-25-2,C(Br)(Br)Br,252.731,82.79509621204156,58.0
76-02-8,C(=O)(C(Cl)(Cl)Cl)Cl,181.833,45.90154302627038,42.1
75-69-4,C(F)(Cl)(Cl)Cl,137.368,47.49689014111801,44.1
67-66-3,C(Cl)(Cl)Cl,119.378,49.80354989742959,54.5
319-88-0,C1(=C(C(=C(C(=C1Cl)F)Cl)F)Cl)F,235.419,31.42029801524261,33.0
76-13-1,C(C(F)(Cl)Cl)(F)(F)Cl,187.375,38.198205906664974,33.9
638-67-5,CCCCCCCCCCCCCCCCCCCCCCC,324.6369999999991,8.519719231,9.0
629-50-5,CCCCCCCCCCCCC,184.36700000000025,16.44424185138483,16.8
112-70-9,CCCCCCCCCCCCCO,200.36600000000024,17.74347058026117,18.0
593-08-8,CCCCCCCCCCCC(=O)C,198.35000000000025,17.317789578119598,18.0
462-18-0,CCCCCCC(=O)CCCCCC,198.35000000000025,17.317789578119598,17.0
2437-56-1,CCCCCCCCCCCC=C,182.35100000000023,17.01902863553682,17.4
123-02-4,CCCCCCCCCCCCCC1=CC=CC=C1,260.46500000000015,13.606328902250908,15.0
121-44-8,CCN(CC)CC,101.19299999999993,31.001830348063745,31.0
102-25-0,CCC1=CC(=CC(=C1)CC)CC,162.27600000000015,23.360332426874564,23.2
112-27-6,C(COCCOCCO)O,150.17400000000012,36.99954416561587,33.0
353-85-5,C(#N)C(F)(F)F,95.023,41.56965348783941,36.1
367-23-7,C1=CC(=C(C=C1F)F)F,132.08400000000003,37.73038171072569,41.0
372-38-3,C1=C(C=C(C=C1F)F)F,132.08400000000003,37.73038171072569,38.0
420-46-2,CC(F)(F)F,84.03999999999999,42.942856799314285,37.599999999999994
75-89-8,C(C(F)(F)F)O,100.039,48.62971198,48.099999999999994
460-43-5,COCC(F)(F)F,114.066,37.22563312426176,35.099999999999994
2314-97-8,C(F)(F)(F)I,195.909,47.43148995590769,39.5
75-46-7,C(F)(F)F,70.013,48.15839875250484,48.3
3822-68-2,C(OC(F)(F)F)(F)F,136.01900000000003,37.869822485207095,33.6
2356-61-8,C(C(OC(F)(F)F)(F)F)(F)F,186.026,31.140385841836725,26.5
677-21-4,C=CC(F)(F)F,96.051,40.05768306,35.2
75-50-3,CN(C)C,59.112000000000016,43.974136172069024,40.8
526-73-8,CC1=C(C(=CC=C1)C)C,120.19499999999992,31.526238815672688,34.5
95-63-6,CC1=CC(=C(C=C1)C)C,120.19499999999992,31.526238815672688,33.0
108-67-8,CC1=CC(=CC(=C1)C)C,120.19499999999992,31.526238815672688,31.299999999999997
464-06-2,CC(C)C(C)(C)C,100.20499999999991,28.81205865328404,29.6
1795-26-2,CC1CC(CC(C1)C)C,126.2429999999999,26.488319048624334,26.0
7154-80-5,CCC(C)CC(C)(C)CC,142.2860000000001,21.613205322640844,23.2
3522-94-9,CC(C)CCC(C)(C)C,128.2589999999999,23.67970826599416,24.6
564-02-3,CCC(C)C(C)(C)C,114.2319999999999,26.0574029,27.3
540-84-1,CC(C)CC(C)(C)C,114.2319999999999,26.0574029,25.7
560-21-4,CCC(C)(C)C(C)C,114.2319999999999,26.0574029,28.2
565-75-3,CC(C)C(C)C(C)C,114.2319999999999,25.977777569955553,27.200000000000003
311-89-7,C(C(C(F)(F)F)(F)F)(C(N(C(C(C(C(F)(F)F)(F)F)(F)F)(F)F)C(C(C(C(F)(F)F)(F)F)(F)F)(F)F)(F)F)(F)F,671.0850000000004,8.862984551552039,12.4
1120-21-4,CCCCCCCCCCC,156.31300000000022,19.338335000297807,20.099999999999998
112-37-8,CCCCCCCCCCC(=O)O,186.2950000000002,20.945807958359733,21.0
112-42-5,CCCCCCCCCCCO,172.3120000000002,21.00344372463309,21.5
112-12-9,CCCCCCCCCC(=O)C,170.2960000000002,20.45608477492477,20.8
927-49-1,CCCCCC(=O)CCCCC,170.2960000000002,20.45608477492477,20.2
6742-54-7,CCCCCCCCCCCC1=CC=CC=C1,232.41100000000023,15.759544650020699,16.0
108-05-4,CC(=O)OC=C,86.08999999999997,41.356065383939374,41.7
95-47-6,CC1=CC=CC=C1C,106.16799999999994,35.856430850873096,37.400000000000006
108-38-3,CC1=CC(=CC=C1)C,106.16799999999994,35.856430850873096,35.4
106-42-3,CC1=CC=C(C=C1)C,106.16799999999994,35.856430850873096,35.5
526-75-0,CC1=C(C(=CC=C1)O)C,122.16699999999992,43.22565390688588,41.0
105-67-9,CC1=CC(=C(C=C1)O)C,122.16699999999992,43.22565390688588,35.0
95-87-4,CC1=CC(=C(C=C1)C)O,122.16699999999992,43.22565390688588,39.0
576-26-1,CC1=C(C(=CC=C1)C)O,122.16699999999992,43.22565390688588,38.0
95-65-8,CC1=C(C=C(C=C1)O)C,122.16699999999992,43.22565390688588,49.0
108-68-9,CC1=CC(=CC(=C1)O)C,122.16699999999992,43.22565390688588,38.0
