Mol. wt.,CRC Tb /K
302.4579999999994,712.65
152.19600000000003,553.15
59.06800000000001,388.39
135.16600000000005,565.15
170.21100000000007,570.15
58.08000000000001,329.23
112.17599999999992,406.15
120.15099999999994,475.25
150.17700000000008,527.15
78.49799999999999,324.15
169.94900000000004,382.15
168.14800000000005,543.15
116.11599999999994,444.15
56.064000000000014,325.45
72.06299999999999,415.15
232.3230000000001,548.15
100.11699999999996,377.15
112.12799999999996,394.15
57.09600000000002,327.15
118.17899999999992,431.15
128.17099999999994,415.15
140.22600000000008,463.15
110.19999999999992,400.15
178.2310000000001,527.8499999999999
86.13399999999994,338.15
114.14399999999996,427.15
83.08999999999997,361.15
206.2410000000001,554.15
102.13299999999995,431.65
134.17800000000005,511.15
114.14399999999996,396.15
84.11799999999997,339.15
122.17099999999996,542.15
125.19599999999996,507.15
118.13899999999995,562.15
169.2270000000001,575.15
89.13799999999996,476.15
104.15299999999992,515.15
171.2840000000002,538.15
109.12799999999996,540.15
135.16600000000005,524.15
135.16600000000005,567.15
75.11099999999996,447.65
75.11099999999996,414.15
132.159,538.15
108.13999999999994,426.75
208.21600000000004,650.15
57.09600000000001,331.15
114.19199999999992,387.15
128.17399999999995,522.15
121.13899999999995,579.15
78.11399999999996,353.23
136.15000000000006,541.15
164.2040000000001,569.15
108.14399999999996,530.15
108.14399999999996,540.15
203.02400000000003,549.15
136.19800000000006,520.15
142.24800000000005,518.15
122.16699999999992,493.15
178.2310000000001,583.15
131.178,534.15
136.19400000000005,514.15
126.11099999999996,580.15
184.2420000000001,674.15
118.13899999999995,633.15
252.3160000000001,753.15
216.28300000000007,674.15
162.14400000000003,585.65
122.12299999999996,523.3499999999999
103.12399999999997,464.15
212.25200000000007,587.15
146.14500000000004,574.8499999999999
179.2220000000001,625.15
136.17900000000003,479.15
151.19000000000003,633.15
119.12299999999996,458.45
211.22000000000008,611.15
185.02,493.15
124.11399999999996,427.65
162.18800000000007,501.15
107.15599999999996,458.15
183.2540000000001,573.15
212.24800000000008,594.45
312.36499999999967,643.15
211.3080000000001,561.15
208.21300000000008,493.15
182.2660000000001,554.15
192.25800000000007,518.15
178.2310000000001,501.15
184.23800000000008,585.15
184.23800000000008,558.15
164.2040000000001,497.15
169.22700000000006,561.15
149.21800000000005,505.15
96.17299999999992,386.95
94.15699999999994,368.84
138.25400000000005,463.61
152.23700000000014,505.65
254.33200000000008,725.15
154.21200000000007,528.3499999999999
186.2100000000001,593.15
156.18800000000007,546.15
156.18800000000007,556.15
156.18800000000005,578.15
103.16899999999994,479.65
263.95999999999987,518.15
366.4539999999996,682.15
173.0390000000001,489.15
159.08100000000007,471.15
175.05800000000008,524.65
114.959,377.15
118.029,278.85
310.3459999999996,618.15
242.4470000000003,552.15
390.56399999999945,656.15
161.24500000000018,552.15
119.16399999999992,518.15
158.2440000000001,504.15
214.33300000000008,573.15
225.3350000000001,569.65
214.108,388.15
166.27000000000004,533.15
196.29000000000016,496.65
238.3710000000002,530.65
136.97600000000003,411.15
104.93399999999998,277.85
172.02500000000003,523.15
187.03600000000003,489.15
187.03600000000003,488.15
196.04700000000005,528.15
201.01900000000003,568.15
182.02000000000004,525.15
182.02000000000004,509.15
219.46500000000003,518.15
233.1080000000001,582.15
135.00400000000005,359.15
135.00400000000005,354.15
135.00400000000005,371.15
135.00400000000005,359.15
233.49200000000005,670.65
191.455,469.15
171.4650000000001,434.15
143.41100000000003,374.15
147.374,312.15
205.48200000000003,509.15
157.43800000000005,416.15
157.43800000000005,368.15
197.381,323.15
149.0310000000001,410.65
225.90000000000003,505.15
181.819,325.95
197.0720000000001,443.15
217.06200000000007,535.15
169.01800000000006,422.15
185.06400000000008,477.15
185.06400000000005,477.15
185.06400000000008,488.15
249.23600000000025,548.15
124.96499999999996,415.15
201.06300000000007,496.15
153.0190000000001,400.15
185.06400000000005,474.15
185.06400000000005,475.15
185.06400000000005,477.15
175.00000000000003,427.15
175.00000000000003,423.15
112.929,296.15
146.97100000000003,379.15
179.10100000000014,452.15
305.3439999999993,609.15
165.0740000000001,412.15
282.9059999999999,530.15
282.9059999999999,525.15
199.0910000000001,492.15
94.93899999999998,276.54999999999995
124.96499999999996,360.15
186.05200000000008,513.15
151.0470000000001,394.15
149.0310000000001,394.15
185.06400000000005,490.15
185.06400000000005,493.15
165.0740000000001,418.15
165.0740000000001,403.15
137.02000000000007,364.45
229.8990000000001,436.15
135.00400000000005,365.15
207.07,553.15
223.069,403.15
202.007,538.15
139.93600000000004,422.15
333.3979999999993,630.15
193.12800000000013,461.65
246.96,406.15
151.0470000000001,399.15
151.0470000000001,391.15
257.13,633.15
173.009,509.65
199.04700000000005,530.15
213.07400000000007,520.65
122.99299999999997,332.49
138.99200000000008,419.65
171.42100000000005,405.15
120.97699999999998,334.15
120.97699999999998,343.25
118.96099999999998,346.15
157.99800000000005,445.15
208.058,554.15
164.02700000000002,444.15
163.03900000000002,422.15
171.03700000000006,457.15
198.274,376.15
162.93600000000004,299.15
148.909,215.32
225.007,424.65
199.0910000000001,498.15
183.04800000000003,488.15
54.09200000000001,284.15
50.06,283.15
87.12199999999996,425.15
58.12400000000002,272.66
90.12199999999994,469.57
90.12199999999996,502.65
174.1960000000001,506.15
226.27200000000013,563.15
101.10499999999996,458.65
122.25799999999995,468.65
122.11999999999992,603.65
88.10599999999995,436.85
74.12299999999995,372.55
140.23000000000008,443.15
106.55199999999996,374.15
70.09099999999997,375.35
56.10800000000002,276.87
78.074,459.15
152.96400000000003,432.15
67.09099999999998,393.15
86.08999999999996,442.15
86.08999999999996,442.15
72.10699999999996,394.35
72.10699999999996,370.15
104.53599999999996,394.15
132.206,455.15
52.07600000000001,279.15
118.17599999999992,444.15
176.25600000000017,507.15
164.24800000000013,502.65
115.17599999999992,502.15
116.15999999999993,381.15
116.15999999999993,457.15
128.17099999999994,393.15
73.13899999999995,335.86
117.19199999999992,472.15
149.2370000000001,534.15
149.2370000000001,514.15
149.23700000000014,488.15
134.222,446.45
166.2200000000001,559.15
178.2310000000001,522.15
210.3200000000001,565.15
150.6050000000001,454.15
136.57800000000006,415.15
141.17000000000007,504.15
140.27000000000007,444.75
185.0500000000001,466.65
162.27600000000015,480.15
178.27500000000015,535.15
101.19299999999993,377.95
102.17699999999992,362.15
102.17699999999992,345.85
160.25700000000018,542.15
118.24499999999992,393.55
172.26800000000017,477.15
194.2300000000001,544.15
130.23099999999994,408.15
99.13299999999995,398.15
142.19800000000012,436.85
164.24800000000013,496.15
148.24900000000014,473.15
148.24900000000014,466.15
88.14999999999993,343.25
164.24800000000013,506.15
104.21799999999992,396.55
184.28200000000007,561.15
103.12099999999997,351.15
103.12099999999997,337.15
200.3220000000002,513.15
158.24100000000016,459.15
150.22100000000012,502.15
150.22100000000012,522.15
150.22100000000012,524.15
150.22100000000012,517.15
176.25900000000013,536.15
130.18699999999995,418.25
116.20399999999992,390.15
340.5919999999992,616.15
140.2510000000001,452.15
170.13000000000005,377.65
100.16099999999992,348.15
54.09200000000001,300.25
86.08999999999996,511.15
70.09099999999997,413.15
70.09099999999997,379.65
130.18999999999997,450.15
152.23700000000014,482.15
167.21100000000007,627.75
187.818,337.15
82.461,225.95
66.006,188.65
136.23800000000003,444.15
150.22100000000012,504.15
204.3570000000002,535.65
93.51299999999998,498.15
92.52499999999998,389.15
154.59600000000003,520.15
60.483,243.15
127.57399999999996,503.15
142.58500000000006,474.95
142.58500000000006,470.65
151.59600000000006,524.15
151.59600000000006,538.15
144.55700000000004,536.15
142.58500000000006,508.15
144.62600000000003,479.15
156.56800000000004,556.15
137.56900000000002,496.15
153.56800000000004,474.65
175.01400000000004,498.15
202.68400000000008,572.15
188.65700000000007,546.15
188.65700000000007,566.15
88.53699999999998,361.15
88.53699999999998,332.15
103.55199999999998,448.15
106.55199999999998,402.15
90.55299999999995,331.15
90.55299999999995,347.15
90.55299999999995,358.15
90.55299999999995,336.15
88.53699999999998,341.65
161.03100000000006,490.15
161.03100000000006,496.15
189.04100000000005,543.15
116.59099999999997,413.15
176.7310000000002,498.15
152.62100000000012,430.15
100.495,264.03
98.479,254.35
124.56699999999996,400.65
155.62800000000007,505.15
140.61300000000008,458.15
168.66700000000012,500.15
106.59599999999996,357.15
202.55300000000005,588.15
64.51500000000001,285.45
62.49900000000001,259.44
156.61200000000005,491.65
124.56699999999996,467.15
164.58800000000005,471.15
140.61300000000008,450.15
140.61300000000008,457.55
108.56799999999996,371.15
106.55199999999996,381.15
130.549,410.75
130.549,403.15
82.50499999999998,326.17
144.57600000000005,427.15
216.483,298.15
134.65,429.15
120.62299999999992,408.15
120.62299999999992,394.15
238.455,503.15
218.4650000000001,389.15
204.43800000000005,436.15
154.64000000000007,464.15
50.48800000000001,249.17
94.54099999999995,356.15
108.56799999999996,382.15
141.60100000000006,513.15
141.60100000000006,488.15
141.60100000000006,506.15
141.60100000000006,512.15
106.59599999999996,372.15
106.59599999999996,365.15
102.56399999999996,349.15
154.6400000000001,506.15
144.57600000000005,445.15
184.6660000000001,531.65
140.61300000000008,475.15
140.61300000000008,474.15
106.55199999999998,395.15
171.58300000000003,511.15
171.58300000000003,534.15
171.58300000000003,515.15
120.62299999999992,399.15
142.58500000000006,471.15
142.58500000000006,501.15
142.58500000000006,505.15
92.56899999999996,342.15
90.55299999999995,341.15
110.60899999999997,413.15
162.61900000000006,532.15
207.05600000000007,541.15
157.55600000000004,509.65
109.512,397.65
123.53899999999996,415.15
225.553,505.15
288.9469999999994,610.15
148.67700000000016,445.15
202.509,391.11
106.59599999999996,381.05
136.57800000000006,507.15
128.55799999999996,446.55
128.55799999999996,492.15
169.61100000000005,606.15
154.59600000000003,517.15
216.6670000000001,605.15
78.54199999999997,319.35
110.53999999999996,494.15
108.524,458.15
94.54099999999995,422.15
126.96999999999998,417.15
76.52599999999998,310.15
76.52599999999998,317.95
154.64000000000007,489.15
74.50999999999999,329.15
113.54699999999998,424.15
163.60700000000003,539.15
163.60700000000006,535.15
138.5970000000001,461.75
232.83900000000023,569.15
136.47500000000002,261.19
118.58799999999998,399.15
126.58599999999996,435.25
229.92100000000005,536.15
118.485,289.5
118.485,279.19
104.458,191.67
180.556,399.15
132.51200000000006,318.25
185.479,429.15
183.68200000000013,504.15
228.29400000000007,721.15
148.16100000000006,573.15
204.3570000000002,521.65
108.13999999999994,464.15
108.13999999999994,475.05
51.048,334.15
105.922,334.65
45.016000000000005,227.15
71.12299999999996,356.15
100.11699999999996,465.15
70.09099999999998,371.95
140.27000000000007,475.45
184.3230000000002,559.15
250.42600000000024,616.15
98.18899999999992,391.95
112.17199999999993,453.55
96.17299999999992,388.15
80.12999999999995,362.65
142.19800000000012,518.15
146.6170000000001,456.15
128.17099999999994,506.15
144.21400000000014,556.15
128.21499999999992,481.15
156.22500000000014,549.65
100.16099999999992,434.05
113.15999999999994,481.15
110.15599999999992,437.15
126.15499999999992,510.15
96.12899999999996,445.45
124.18299999999992,475.15
142.19800000000012,447.15
99.17699999999994,406.75
160.26000000000013,512.15
170.25200000000015,486.15
155.28500000000017,465.15
126.19899999999993,453.65
125.17099999999994,445.15
113.20399999999992,420.15
176.25900000000013,567.15
126.2429999999999,446.15
108.18399999999993,422.15
112.21599999999992,424.25
104.15199999999994,413.15
110.19999999999992,418.15
108.18399999999993,431.15
70.13499999999998,322.35
98.14499999999994,406.65
102.13299999999994,499.15
102.20199999999994,405.35
84.11799999999995,403.65
68.11899999999999,317.35
82.10199999999998,409.15
146.23300000000012,496.15
42.08100000000002,242.15
104.53599999999996,392.15
86.08999999999996,455.35
40.06500000000001,237.15
118.17899999999992,445.15
84.11799999999995,384.15
138.25400000000005,437.15
138.25400000000005,468.95
156.26900000000018,485.15
172.31600000000023,535.15
153.26900000000015,514.15
172.26800000000017,543.15
158.2850000000002,490.15
158.2850000000002,489.15
156.26900000000018,485.15
190.71400000000017,492.15
140.27000000000007,444.15
140.27000000000007,446.55
140.27000000000007,444.45
200.3220000000002,522.15
218.3840000000002,571.15
210.40500000000023,552.15
138.25400000000005,447.15
116.15999999999993,441.05
98.14499999999995,367.15
137.22600000000006,423.15
200.2410000000001,573.15
168.19500000000005,558.3499999999999
198.2650000000001,571.15
198.845,442.15
235.906,487.15
312.0039999999998,630.65
215.91600000000005,431.15
215.91600000000005,449.55
215.91600000000005,431.15
226.27,353.45
276.277,365.95
256.752,468.15
223.842,365.65
229.9430000000001,458.15
187.862,404.45
185.846,380.15
257.99700000000007,501.15
309.82899999999995,345.95
173.835,370.15
215.91600000000005,412.15
286.05099999999965,542.15
272.0239999999997,544.15
229.9430000000001,495.45
251.905,528.15
201.88900000000004,437.15
217.8880000000001,492.15
199.87300000000005,404.65
236.89400000000003,495.15
241.935,491.65
241.935,490.15
174.2840000000002,471.15
129.24699999999993,435.15
205.3450000000002,547.95
178.36600000000016,509.15
130.23099999999994,414.75
130.23099999999994,380.25
234.3830000000002,545.15
142.2420000000001,425.15
216.27700000000016,526.15
220.3560000000002,542.15
202.2500000000001,517.15
206.3290000000001,530.65
278.3479999999996,611.15
230.30400000000017,542.15
146.29900000000015,440.15
262.302,593.15
127.95799999999998,507.15
126.96999999999998,393.15
109.943,385.65
94.928,306.15
162.01900000000003,518.15
162.01900000000003,546.15
147.00400000000002,453.35
147.00400000000002,447.05
191.01300000000003,574.15
251.11200000000005,626.15
209.45900000000003,515.15
223.1020000000001,590.15
127.01399999999995,388.15
127.01399999999995,406.85
127.01399999999995,375.15
124.99799999999998,389.15
124.99799999999998,405.15
124.99799999999998,428.55
195.47600000000008,514.15
153.05200000000008,464.15
134.94000000000003,319.74
132.924,289.2
132.924,295.15
164.96600000000004,378.15
175.05800000000008,495.15
98.95999999999998,330.29999999999995
114.95899999999996,420.15
96.944,333.15
143.0130000000001,417.15
116.95,346.92
102.923,282.01
128.961,351.15
244.949,363.85
220.927,319.4
155.0680000000001,478.15
177.03000000000006,505.15
141.0410000000001,402.15
127.01399999999995,381.15
163.00700000000006,492.15
197.06400000000005,564.15
197.06400000000005,558.65
213.06300000000005,453.15
192.00100000000003,528.65
192.001,531.65
157.9840000000001,418.15
183.12200000000016,519.15
202.93700000000004,323.15
141.0410000000001,456.05
163.003,483.15
163.00300000000004,499.15
163.003,506.15
112.98699999999998,361.55
112.98699999999998,393.95
142.96900000000005,460.65
128.986,444.15
110.971,378.15
110.971,377.15
110.971,366.15
148.98000000000002,471.15
170.92,276.32
153.03300000000002,438.15
161.03100000000006,473.15
161.03100000000006,467.15
264.366,556.25
152.93000000000004,300.97
181.3230000000002,524.15
110.15599999999992,434.15
446.67199999999934,736.15
166.2200000000001,492.15
147.21800000000016,402.15
118.17599999999992,375.15
104.14899999999992,359.15
132.20299999999995,374.15
128.17099999999994,412.15
216.2330000000001,528.15
73.13899999999995,328.54999999999995
161.24500000000015,494.65
131.21899999999994,462.65
149.2370000000001,524.15
134.222,456.55
134.222,457.15
250.29400000000007,573.15
143.23000000000013,479.15
135.59400000000005,459.15
98.14899999999994,460.15
140.27000000000007,451.15
251.2820000000001,574.15
106.12099999999994,518.65
218.33700000000024,528.15
242.27100000000013,473.15
162.22900000000016,505.15
288.4279999999994,543.15
176.21200000000013,491.15
120.14799999999993,467.15
116.20799999999991,417.15
74.12299999999995,307.6
172.1800000000001,487.15
142.2860000000001,433.15
88.15399999999994,358.65
200.2340000000001,449.65
174.15200000000007,483.15
160.1690000000001,473.15
163.26400000000012,482.15
148.24900000000014,478.15
186.2070000000001,501.15
199.2970000000001,558.15
146.14200000000008,459.15
128.2589999999999,419.35
186.2070000000001,510.15
236.2670000000001,564.15
129.20299999999995,464.15
132.20299999999995,517.15
258.3580000000001,578.15
90.19099999999996,365.25
222.2400000000001,576.15
96.032,406.15
114.09399999999998,367.05
114.09399999999998,362.05
120.14199999999995,372.65
66.05,249.13
64.034,187.58
64.034,220.05
150.04600000000002,302.4
80.07699999999998,273.15
134.08700000000005,542.15
214.39300000000023,531.15
230.46100000000024,568.15
186.33900000000023,493.15
334.4559999999995,652.15
180.25000000000009,578.15
120.15099999999994,460.15
148.16100000000006,545.15
86.08999999999996,367.25
133.19400000000002,521.15
132.162,516.15
133.15000000000003,611.15
100.11699999999996,473.15
84.12199999999996,469.65
98.14499999999994,391.15
130.18999999999997,483.35
146.18900000000008,510.15
84.11799999999995,368.15
69.10699999999997,363.15
86.15899999999996,395.55
173.25900000000013,533.15
277.83,520.15
329.9059999999999,558.15
281.8619999999999,473.15
295.8889999999999,495.15
130.23099999999994,395.85
278.3479999999996,569.65
390.56399999999945,643.15
158.2850000000002,445.15
174.35300000000018,484.15
101.19299999999993,357.15
162.27600000000015,477.85
162.27600000000015,483.45
150.31200000000013,450.15
102.17699999999994,341.54999999999995
118.24499999999992,393.15
84.07399999999997,400.15
138.16600000000008,479.15
138.16600000000008,486.15
90.12199999999994,358.15
76.09499999999997,315.45
152.1930000000001,517.15
119.16399999999992,377.15
154.16500000000008,534.15
104.14899999999994,350.54999999999995
178.2310000000001,543.65
90.12199999999994,336.15
45.085000000000015,280.45
137.18200000000004,539.65
103.16499999999994,423.45
103.16499999999994,397.65
121.18299999999994,496.15
121.18299999999994,487.15
121.18299999999994,501.15
121.18299999999994,480.65
121.18299999999994,488.15
136.19400000000005,456.15
206.2880000000001,633.15
136.19800000000004,537.15
149.23700000000014,480.65
135.21000000000004,469.65
136.19400000000005,475.15
150.17700000000008,550.15
210.2760000000001,612.15
135.21,452.15
166.26400000000015,508.15
182.2660000000001,562.75
82.14599999999994,342.15
101.19299999999993,374.15
86.17799999999993,331.15
118.24499999999992,399.25
102.17699999999992,410.15
102.17699999999992,391.85
134.60600000000002,402.15
84.16199999999994,314.39
82.14599999999994,311.15
107.53999999999996,427.15
112.21599999999992,392.65
112.21599999999992,397.55
155.2850000000002,478.15
126.19899999999993,445.15
126.19899999999993,453.15
110.19999999999992,399.15
98.18899999999992,360.95
98.18899999999992,365.05
98.18899999999992,363.85
96.17299999999992,378.15
70.13499999999998,294.15
185.35500000000025,507.15
240.3060000000001,623.15
108.18399999999993,398.15
88.15399999999994,393.15
46.06900000000002,248.37
130.18699999999995,425.15
96.12899999999996,369.15
124.2269999999999,416.15
128.2589999999999,413.75
128.2589999999999,408.15
128.2589999999999,410.15
128.2589999999999,408.15
188.22300000000013,518.15
144.25800000000012,466.15
142.2420000000001,430.15
110.19999999999992,387.15
114.2319999999999,379.95
114.2319999999999,382.55
114.2319999999999,385.05
144.26200000000014,457.15
146.23000000000016,506.15
112.21599999999992,375.15
112.21599999999992,386.15
112.21599999999992,374.05
142.19800000000012,479.15
60.10000000000002,355.15
146.23300000000012,467.15
194.1860000000001,558.25
142.2860000000001,430.15
144.12600000000006,475.15
158.15300000000008,483.65
146.14200000000008,450.15
160.1690000000001,469.15
156.2280000000001,540.15
156.2280000000001,537.15
156.2280000000001,536.15
156.2280000000001,549.15
156.2280000000001,526.15
171.24300000000008,523.15
166.18000000000006,555.65
151.16500000000008,524.15
151.16500000000008,547.15
151.16500000000008,516.15
152.23700000000014,502.15
142.2860000000001,437.15
142.2860000000001,430.15
142.2860000000001,433.15
142.2860000000001,433.95
174.2840000000002,538.15
158.2850000000002,497.15
158.2850000000002,478.25
154.25300000000016,478.15
156.26900000000018,497.15
118.08799999999997,436.55
72.10699999999997,324.15
72.10699999999997,329.15
96.17299999999992,367.15
100.20499999999991,362.95
100.20499999999991,359.15
116.20399999999992,409.15
116.20399999999992,415.15
114.18799999999992,398.15
98.18899999999992,357.15
98.18899999999992,350.15
98.18899999999992,345.65
98.18899999999992,356.45
98.18899999999992,364.15
98.18899999999992,349.85
96.17299999999992,356.15
148.2050000000001,501.15
162.2320000000001,493.15
114.19199999999994,437.15
113.20399999999992,417.15
101.14899999999994,449.15
102.18099999999993,402.15
83.13399999999996,378.35
102.13299999999994,437.35
120.57899999999997,377.15
148.24900000000014,464.15
172.26800000000017,461.15
124.13899999999994,518.15
108.14399999999996,434.15
108.14399999999996,428.75
122.17099999999996,508.15
107.15599999999996,434.25
107.15599999999996,430.15
107.15599999999992,417.15
107.15599999999996,452.25
107.15599999999996,445.05
108.14399999999996,432.15
95.14499999999995,438.15
95.14499999999995,440.58
157.2160000000001,540.15
157.2160000000001,541.25
157.2160000000001,533.15
230.30400000000017,562.15
146.14200000000008,470.15
62.137000000000015,310.47
178.14000000000007,553.15
194.1860000000001,561.15
114.17299999999996,475.65
113.18499999999996,418.75
113.18499999999996,431.15
112.19699999999996,414.15
112.19699999999996,410.15
112.19699999999996,412.15
112.19699999999996,418.15
88.10999999999996,542.15
168.108,592.15
168.108,569.15
168.108,570.15
244.20600000000005,578.15
120.06399999999998,458.65
106.037,442.15
218.16800000000003,644.15
134.0910000000001,467.15
134.0910000000001,459.15
270.5009999999999,591.15
418.61799999999937,686.15
241.4630000000003,580.8499999999999
242.4470000000003,562.15
390.56399999999945,688.15
390.56399999999945,698.15
88.10599999999995,378.15
88.10599999999995,374.35
74.07899999999997,348.45
136.23800000000003,449.15
157.30100000000022,477.15
158.2850000000002,460.15
306.40199999999953,614.15
178.2340000000001,573.15
169.2270000000001,578.25
206.2880000000001,625.15
210.3200000000001,560.15
210.3200000000001,564.15
210.3200000000001,589.15
208.3040000000001,584.15
222.2870000000001,615.65
194.23700000000008,604.15
218.3460000000001,583.15
182.2660000000001,558.95
182.2660000000001,553.15
240.26200000000009,633.15
214.2640000000001,573.15
180.25000000000009,550.15
170.21100000000007,531.15
220.27100000000007,617.15
194.2330000000001,540.65
168.2390000000001,537.3499999999999
196.2530000000001,523.15
184.23800000000008,575.15
221.25900000000007,633.15
196.2930000000001,573.15
196.2930000000001,554.15
210.2760000000001,633.15
210.2760000000001,580.15
210.2760000000001,602.15
194.2770000000001,562.15
270.2839999999997,603.15
186.27900000000005,567.3499999999999
197.832,401.15
210.3650000000002,602.15
214.2170000000001,473.15
146.23000000000016,434.15
132.20299999999995,413.65
143.23000000000013,500.15
101.19299999999993,380.65
150.31200000000013,469.15
102.17699999999994,363.25
174.1960000000001,485.15
250.29400000000007,592.15
202.2500000000001,521.15
118.24499999999992,415.95
120.24199999999996,472.65
474.7259999999993,711.15
108.18399999999993,385.65
70.09099999999997,301.15
86.15899999999996,357.15
310.6099999999991,642.15
340.5919999999992,693.15
326.6089999999991,680.15
308.59399999999914,640.15
170.34000000000023,489.45
200.37000000000023,572.15
230.30400000000017,621.15
181.3230000000002,549.25
202.40700000000024,550.15
200.3220000000002,572.15
186.33900000000023,537.25
186.33900000000023,522.15
184.3230000000002,520.15
168.3240000000002,486.55
228.37600000000023,538.15
185.35500000000025,528.15
246.43800000000024,602.15
252.4860000000003,604.15
166.3080000000002,488.15
166.3080000000002,486.15
450.88,743.15
282.5559999999996,617.25
312.5379999999992,673.15
298.55499999999915,629.15
184.491,329.95
165.2360000000001,498.15
165.2360000000001,498.15
92.52499999999998,385.14
72.10699999999996,336.54999999999995
140.1820000000001,500.15
142.15400000000008,462.15
30.07,184.57
60.100000000000016,390.05
62.06800000000002,470.65
146.14200000000008,441.15
146.14200000000008,457.15
198.2180000000001,533.15
104.10499999999996,461.15
94.20399999999998,417.15
62.137000000000015,308.15
46.06900000000002,351.39
61.08400000000002,443.45
144.60100000000008,454.15
104.10499999999996,479.65
164.2040000000001,541.15
70.09099999999997,323.15
137.18200000000007,506.15
137.18200000000007,521.15
137.18200000000007,527.15
122.16699999999992,442.95
152.1970000000001,568.15
193.29000000000013,559.15
128.17099999999994,405.15
89.13799999999995,381.15
90.12199999999994,407.85
132.159,429.75
144.1700000000001,447.15
104.14899999999992,361.15
136.19400000000005,465.15
136.19400000000005,468.15
116.20399999999992,374.65
172.2270000000001,555.15
167.16400000000007,540.15
167.16400000000007,556.15
138.16600000000008,490.15
138.16600000000008,524.15
138.16600000000008,521.15
179.2190000000001,572.15
102.13299999999994,408.35
99.13299999999995,444.15
87.12199999999994,478.15
88.10599999999995,350.25
130.14299999999997,453.15
186.2510000000001,494.65
172.22400000000013,493.15
172.22400000000013,497.15
170.2080000000001,481.15
100.11699999999996,372.05
45.085000000000015,289.75
103.12099999999997,422.15
165.1920000000001,544.15
165.1920000000001,567.15
165.1920000000001,583.15
89.13799999999993,451.15
121.18299999999994,486.15
121.18299999999994,487.15
121.18299999999994,490.35
121.18299999999992,477.15
106.16799999999994,409.35
164.2040000000001,544.15
145.2050000000001,514.15
136.19400000000005,492.15
150.17700000000008,485.65
218.2520000000001,569.15
167.00200000000004,432.15
229.0730000000001,536.15
195.05600000000007,450.15
195.05600000000007,465.15
209.0830000000001,459.15
195.05600000000007,451.15
209.0830000000001,464.15
181.02900000000008,425.15
181.02900000000008,436.15
116.15999999999993,394.25
116.15999999999993,466.15
102.17699999999992,428.15
134.60600000000002,413.15
84.16199999999994,337.85
114.14399999999992,409.15
114.14399999999992,413.15
114.14399999999992,392.15
144.21400000000014,434.15
145.20200000000014,494.15
112.12799999999994,436.15
89.09399999999997,458.15
122.55099999999996,417.15
184.62200000000007,510.65
150.6050000000001,457.15
140.54100000000005,402.15
108.52399999999996,364.15
136.53400000000002,410.15
136.57800000000006,420.15
136.57800000000006,435.15
124.59199999999996,409.15
176.2150000000001,543.15
113.11599999999996,489.15
169.1800000000001,463.65
99.08899999999996,388.65
84.16199999999994,343.15
112.21599999999992,404.95
156.22500000000014,469.15
110.19999999999992,409.15
154.20900000000012,467.65
170.25200000000015,484.15
98.18899999999992,376.65
156.1810000000001,494.15
96.17299999999992,379.35
70.13499999999998,309.15
200.3220000000002,515.15
245.898,467.15
259.92499999999995,487.65
156.99600000000004,428.15
171.02300000000008,456.15
176.21200000000013,472.15
216.27700000000016,503.15
124.08599999999996,373.15
114.14399999999992,491.15
73.13899999999995,309.65
134.222,461.15
134.222,457.15
134.222,459.15
134.222,467.15
134.222,462.15
116.20799999999991,407.65
128.2589999999999,407.15
128.2589999999999,415.15
128.2589999999999,396.15
130.18699999999995,391.45
136.19800000000006,453.65
123.19899999999993,470.15
167.2080000000001,564.15
167.2080000000001,564.15
158.15300000000008,487.15
228.37600000000023,549.15
28.053999999999995,169.38
43.06900000000001,327.15
88.15399999999994,402.15
132.159,431.15
146.18600000000012,441.15
158.19700000000012,470.15
117.14799999999993,449.15
106.09599999999996,393.15
168.16700000000006,483.15
96.12899999999996,365.15
140.13800000000006,469.95
242.09,368.15
128.2589999999999,416.25
128.2589999999999,414.15
158.24100000000016,461.15
144.25800000000012,452.15
284.48399999999947,607.15
140.1820000000001,468.65
128.21499999999992,434.15
114.2319999999999,391.65
146.23000000000016,516.15
144.21400000000014,438.15
144.21400000000014,500.65
130.23099999999994,459.35
126.19899999999993,448.15
142.19800000000012,439.65
172.26800000000017,473.15
129.24699999999993,445.15
130.23099999999994,415.15
174.2840000000002,504.15
549.9230000000007,652.15
60.100000000000016,374.15
174.1960000000001,558.15
62.06800000000002,368.15
104.10499999999996,429.15
166.17600000000007,570.65
132.159,458.15
89.13799999999993,404.15
196.20200000000008,565.15
110.19999999999992,410.15
120.19499999999992,419.15
214.00200000000004,452.15
71.07899999999997,329.15
116.20399999999992,385.15
87.16599999999993,341.15
148.24900000000014,466.15
88.14999999999993,327.15
129.2469999999999,387.15
104.21799999999992,380.45
144.1700000000001,478.95
120.17299999999994,430.15
114.14399999999992,389.15
136.19400000000005,469.15
180.2030000000001,535.15
180.2030000000001,539.15
152.1930000000001,509.65
144.1700000000001,460.15
99.17699999999992,377.85
59.112000000000016,307.35
135.21000000000004,504.15
135.21,489.15
135.21,494.15
135.21,490.15
135.21,477.15
164.2040000000001,500.15
164.2040000000001,509.15
130.18699999999995,408.15
130.18699999999995,480.15
98.18899999999992,359.45
128.17099999999994,429.15
128.17099999999994,426.65
103.12099999999997,442.15
126.2429999999999,420.15
112.21599999999992,394.65
112.21599999999992,401.15
112.21599999999992,394.15
112.21599999999992,394.15
84.16199999999994,330.15
116.15999999999994,392.15
60.09600000000002,279.15
128.2589999999999,411.15
128.2589999999999,413.15
128.2589999999999,413.15
128.2589999999999,407.15
158.24100000000016,453.15
158.19700000000012,446.15
114.2319999999999,388.75
114.2319999999999,391.35
144.21400000000014,436.15
112.21599999999992,382.35
206.2410000000001,546.65
116.15999999999993,384.15
121.18299999999994,471.15
121.18299999999994,453.15
76.16399999999996,339.75
171.24300000000008,578.15
156.2280000000001,531.15
156.2280000000001,532.15
75.06699999999998,290.65
151.16500000000008,505.65
151.16500000000008,518.65
195.1740000000001,570.15
195.1740000000001,459.45
147.13000000000008,463.65
186.2950000000002,497.15
122.21099999999991,416.75
308.5059999999993,624.15
312.5379999999992,629.15
306.4899999999993,630.15
310.52199999999925,630.15
142.2860000000001,438.15
142.2860000000001,436.15
172.26800000000017,479.15
158.19700000000012,494.65
144.1700000000001,464.15
178.18700000000007,529.65
116.11599999999994,428.15
100.20499999999991,366.55
128.17099999999994,452.15
130.18699999999995,415.15
116.20399999999992,415.15
98.18899999999992,367.15
98.18899999999992,368.15
116.20399999999992,391.15
122.16699999999992,477.65
122.16699999999992,491.55
122.16699999999992,491.12
180.2030000000001,520.15
163.22000000000008,533.15
164.2040000000001,501.15
149.1930000000001,487.15
179.2190000000001,546.65
210.3200000000001,567.15
178.2310000000001,520.15
174.19900000000007,538.15
121.18299999999994,451.15
87.16599999999994,358.15
102.13299999999995,372.05
88.14999999999995,336.15
149.2370000000001,468.55
149.23700000000014,490.15
104.21799999999992,391.65
98.10099999999996,392.15
107.15599999999996,422.15
107.15599999999996,439.15
107.15599999999996,441.15
151.16500000000008,516.15
151.16500000000008,494.15
151.16500000000008,494.15
132.206,462.15
132.206,463.15
256.43000000000023,581.15
100.16099999999992,380.15
104.17399999999996,387.15
138.23500000000007,480.15
87.14699999999998,417.15
106.18999999999994,448.15
152.26200000000009,493.15
112.19699999999996,409.15
156.20600000000005,491.15
120.19499999999992,438.25
120.19499999999992,434.45
120.19499999999992,435.15
191.44100000000003,440.15
142.07600000000005,334.15
184.11300000000003,405.15
148.24900000000014,485.15
148.24900000000014,484.15
137.22600000000006,487.15
212.3330000000002,537.65
72.10699999999996,309.15
124.18299999999992,447.15
110.15599999999992,430.65
146.18900000000008,490.65
154.25300000000016,449.15
202.25600000000009,653.15
166.22300000000007,567.15
180.20600000000005,616.25
78.04199999999999,441.15
96.488,345.15
111.11899999999996,448.15
111.11899999999996,461.15
111.11899999999996,455.15
96.10399999999996,357.85
135.14100000000005,505.15
135.14100000000005,501.15
125.14599999999996,456.15
126.12999999999997,483.15
121.11399999999998,461.95
158.55900000000003,462.15
172.20200000000006,521.15
172.20200000000006,526.15
76.11399999999996,304.15
76.11399999999996,296.15
102.15199999999994,376.15
100.13599999999995,369.65
160.27600000000018,462.15
186.098,569.15
48.06000000000001,235.61
64.05900000000001,358.15
46.044,200.95
118.19499999999992,395.15
104.16799999999994,361.15
222.00000000000003,461.75
222.00000000000003,456.15
34.03300000000001,194.84
126.12999999999997,427.65
126.12999999999997,432.15
126.12999999999997,430.15
110.13099999999996,415.15
76.11399999999996,285.25
146.16400000000004,486.15
146.16400000000004,485.15
141.10100000000003,470.15
141.10100000000003,478.15
132.22199999999998,419.15
90.14099999999996,336.15
112.10299999999997,424.15
112.10299999999997,451.15
112.10299999999997,458.65
138.14100000000005,469.15
62.087000000000025,270.15
62.087000000000025,263.15
76.06999999999998,350.15
60.07100000000002,258.15
60.07100000000002,249.15
60.07100000000002,266.15
97.09199999999998,398.15
97.09199999999998,380.15
110.13099999999996,387.15
110.13099999999996,389.15
110.13099999999996,389.75
164.10100000000003,387.65
164.10100000000003,373.75
164.10100000000003,376.65
130.07800000000003,642.15
502.9199999999997,723.15
68.07499999999997,304.45
93.08499999999998,420.15
130.53,446.15
112.08399999999996,504.15
97.11699999999996,418.65
198.1740000000001,493.15
114.16899999999995,430.15
140.13800000000006,455.15
138.16600000000008,476.15
110.11199999999997,448.15
182.2190000000001,501.15
198.2210000000001,590.15
124.13899999999994,452.65
138.12200000000004,559.15
98.10099999999996,441.15
154.16500000000008,468.15
154.25300000000016,502.15
92.09399999999997,562.15
162.18500000000012,553.15
176.1680000000001,533.15
218.2050000000001,532.15
386.5289999999994,646.25
344.44799999999947,605.65
470.69099999999935,720.15
807.3390000000037,897.15
723.1770000000033,858.15
76.05099999999999,373.15
58.03600000000001,323.54999999999995
296.58299999999923,632.15
436.853,731.15
285.212,522.15
983.906,920.15
380.74499999999904,715.15
255.49000000000032,609.15
240.4750000000003,576.15
251.45800000000028,622.15
270.4569999999999,635.15
256.4740000000003,597.15
254.45800000000028,593.15
254.45800000000028,524.65
238.4590000000003,574.15
316.57299999999924,675.15
464.0709999999999,491.15
96.17299999999992,362.15
92.14099999999996,384.15
214.036,394.65
200.05300000000005,368.15
232.482,312.15
295.923,311.15
200.053,307.33
170.027,256.81
114.18799999999992,426.15
129.20299999999995,468.15
115.21999999999991,414.15
115.21999999999991,413.15
100.20499999999991,371.53
130.23499999999996,497.15
160.1690000000001,615.15
132.20299999999995,535.15
128.17099999999994,417.15
128.17099999999994,443.15
111.18799999999992,456.15
132.27199999999996,450.05
130.18699999999995,495.15
116.20399999999992,451.15
116.20399999999992,432.15
116.20399999999992,436.15
116.20399999999992,434.15
114.18799999999992,424.15
114.18799999999992,419.15
114.18799999999992,417.15
148.63300000000012,398.35
112.17199999999993,439.15
98.18899999999992,367.15
98.18899999999992,370.15
98.18899999999992,371.15
98.18899999999992,369.15
128.17099999999994,499.15
114.18799999999992,425.25
114.18799999999992,451.15
158.24100000000016,465.35
115.21999999999991,426.15
176.30300000000017,515.15
186.2950000000002,498.35
182.35100000000023,517.15
168.3240000000002,497.15
184.27900000000017,559.15
200.3220000000002,514.15
96.17299999999992,372.95
96.17299999999992,386.75
96.17299999999992,382.35
264.75,476.15
284.784,598.15
260.762,489.15
290.8319999999999,584.15
272.773,512.15
236.74,464.7
248.751,487.35
366.7179999999991,688.15
226.4480000000003,560.05
237.43100000000027,606.15
256.43000000000023,624.15
242.4470000000003,598.15
224.43200000000027,558.15
241.4630000000003,594.15
302.54599999999925,658.15
269.51699999999994,603.15
222.41600000000025,557.15
96.12899999999996,447.15
82.14599999999994,349.15
82.14599999999994,346.15
82.14599999999994,344.65
82.14599999999994,343.15
82.14599999999994,338.15
82.14599999999994,332.35
82.14599999999994,358.15
82.14599999999994,356.15
82.14599999999994,355.54999999999995
78.11399999999996,358.15
78.11399999999996,361.15
78.11399999999996,402.65
246.43800000000024,571.15
208.057,342.15
186.054,353.35
162.03199999999998,278.54999999999995
162.032,248.55
162.032,275.15
138.01000000000002,195.06
152.037,279.32
152.037,271.66
168.036,332.15
150.021,242.81
99.17699999999994,409.15
100.16499999999994,442.15
204.2690000000001,580.15
204.3570000000002,547.15
162.27600000000015,541.15
422.826,693.15
258.40500000000014,598.15
100.16099999999992,402.75
115.17599999999992,531.15
86.17799999999993,341.87
116.20799999999991,470.15
108.14399999999996,568.15
146.14200000000008,610.65
118.17599999999992,507.15
118.17599999999992,481.15
118.17599999999992,502.15
114.14399999999992,401.15
114.14399999999996,433.15
114.14399999999992,467.15
114.14399999999996,403.15
150.31200000000013,510.15
97.16099999999994,436.65
118.24499999999992,425.85
118.24499999999992,412.15
116.15999999999993,478.05
102.17699999999992,430.05
100.16099999999992,400.75
100.16099999999992,396.65
134.60600000000002,426.15
506.9879999999989,777.15
80.12999999999995,355.35
80.12999999999995,352.15
98.14499999999994,419.65
98.14499999999994,394.15
84.16199999999994,336.54999999999995
84.16199999999994,342.04999999999995
84.16199999999994,341.0
84.16199999999994,340.21
114.14399999999992,489.65
114.14399999999992,481.15
114.14399999999992,476.15
100.16099999999992,407.15
100.16099999999992,430.15
100.16099999999992,445.15
100.16099999999992,430.15
100.16099999999992,426.15
100.16099999999992,432.15
100.16099999999992,412.15
142.19800000000012,438.15
98.14499999999994,402.25
98.14499999999995,411.15
144.21400000000014,444.25
144.21400000000014,420.65
101.19299999999993,405.15
162.27600000000015,499.15
194.2740000000001,607.15
206.2850000000001,545.15
172.26800000000017,480.15
168.3240000000002,498.15
154.2970000000002,479.15
200.3220000000002,514.15
170.25200000000015,435.15
212.33600000000013,595.15
228.37600000000023,550.15
146.23000000000016,481.15
186.2950000000002,498.15
158.24100000000016,461.15
216.3680000000002,578.15
82.14599999999994,344.35
82.14599999999994,357.45
82.14599999999994,354.65
98.14499999999994,435.15
98.14499999999994,415.15
96.12899999999996,422.15
76.09899999999996,492.15
110.11199999999997,561.15
152.14900000000006,513.15
138.16600000000008,583.15
124.13899999999994,525.15
170.21100000000007,554.15
170.21100000000007,573.15
170.21100000000007,578.15
88.10599999999997,433.15
88.10599999999995,455.15
142.19800000000012,398.65
170.25200000000015,574.15
102.13299999999994,446.15
116.11599999999996,464.15
166.17600000000007,570.15
102.13299999999994,421.55
150.17700000000008,518.15
150.17700000000008,483.15
104.10499999999996,485.15
144.21400000000014,458.15
102.13299999999994,482.15
136.15000000000006,491.15
136.15000000000006,569.15
150.17700000000008,524.15
71.07899999999998,457.15
71.07899999999998,491.15
74.07899999999997,418.65
157.25700000000018,486.65
297.5709999999992,662.15
68.07899999999998,530.15
226.27200000000013,536.15
118.17899999999992,450.95
133.19400000000002,494.15
118.13899999999995,542.15
116.16299999999994,455.65
117.15099999999995,527.15
166.949,458.15
151.934,305.15
204.01,461.65
248.019,602.15
248.01900000000003,589.15
280.1079999999998,593.15
184.02000000000007,403.15
210.05800000000008,451.15
196.0310000000001,439.65
268.1819999999998,536.8499999999999
232.06400000000008,504.15
232.06400000000005,501.15
232.06400000000005,505.15
198.0470000000001,403.15
296.2359999999995,558.15
155.96600000000004,345.15
171.96500000000003,428.15
153.95000000000002,330.15
226.1010000000001,474.15
352.3439999999993,630.15
212.0740000000001,455.15
141.93900000000002,315.54999999999995
234.03600000000003,514.15
234.03600000000003,517.65
234.03600000000003,520.15
218.0370000000001,484.65
218.0370000000001,491.15
198.0470000000001,418.15
198.0470000000001,397.65
184.02000000000007,394.15
184.02000000000007,371.15
254.07,576.15
254.07,581.15
249.007,563.15
249.007,553.15
249.007,561.15
254.15500000000017,518.15
380.3979999999993,652.15
240.12800000000013,499.15
198.0470000000001,429.15
198.0470000000001,414.15
169.99300000000008,375.15
169.99300000000008,362.15
185.99200000000005,499.15
167.97700000000006,375.15
210.039,440.15
218.0370000000001,487.15
134.13400000000004,565.15
72.10699999999996,337.25
58.12400000000002,261.4
56.10800000000002,266.15
116.15999999999993,390.05
128.17099999999994,410.15
73.13899999999995,341.95
134.222,445.85
178.2310000000001,513.15
144.21400000000014,430.15
117.14799999999994,480.15
136.57800000000006,401.95
164.6320000000001,464.45
140.27000000000007,444.45
126.2429999999999,421.15
101.19299999999993,353.15
186.2950000000002,481.15
194.2300000000001,534.15
144.21400000000014,421.15
99.13299999999995,379.15
142.19800000000012,426.15
158.24100000000016,442.15
88.14999999999993,331.75
103.12099999999997,341.15
158.24100000000016,456.15
192.25800000000007,520.15
130.18699999999995,409.15
115.20099999999996,448.15
219.4950000000001,461.15
100.16099999999992,356.15
133.15000000000003,458.15
133.15000000000003,469.65
133.15000000000003,460.15
169.18300000000002,542.15
85.10599999999997,347.65
164.2040000000001,537.15
72.15099999999997,300.98
130.18699999999995,414.75
148.24900000000014,469.15
158.24100000000016,457.95
186.2950000000002,498.65
172.26800000000017,463.15
160.21300000000014,475.55
117.14799999999994,372.15
144.21400000000014,446.15
208.2570000000001,551.15
233.52200000000008,490.15
138.21000000000006,487.95
100.11699999999996,370.55
118.17899999999992,438.55
160.26000000000013,495.15
144.2170000000001,515.15
104.14899999999994,414.75
102.13299999999995,361.75
59.11200000000002,304.95
103.16499999999994,442.15
135.21000000000004,494.15
135.21000000000004,501.15
135.21000000000004,476.15
120.19499999999992,425.55
150.22100000000012,522.15
150.22100000000012,496.15
164.2040000000001,491.15
164.2040000000001,574.15
130.18699999999995,402.15
103.12099999999997,456.15
136.5780000000001,423.15
122.55099999999996,378.15
150.6050000000001,424.65
126.2429999999999,427.55
140.22600000000008,487.15
112.21599999999992,399.55
84.16199999999994,331.15
154.16500000000008,471.65
116.15999999999994,411.15
142.2860000000001,434.15
74.12699999999995,380.15
180.2030000000001,511.15
130.18699999999995,396.15
132.159,440.15
128.17099999999994,403.15
73.13899999999997,326.45
149.2370000000001,514.15
134.222,451.15
134.222,448.15
134.222,450.15
190.2860000000001,543.15
144.21400000000014,420.15
136.23800000000003,446.15
164.2040000000001,505.15
140.27000000000007,445.15
140.27000000000007,444.15
156.26900000000018,481.65
156.26900000000018,484.85
156.26900000000018,489.15
198.30600000000013,496.15
154.25300000000016,478.15
154.25300000000016,480.15
138.25400000000005,443.15
154.25300000000016,482.15
152.23700000000014,517.15
74.12299999999996,303.95
154.25300000000016,446.65
234.34200000000013,664.15
150.22100000000012,504.15
150.22100000000012,514.65
192.25800000000007,518.15
90.19099999999996,357.85
170.2550000000001,544.15
170.2550000000001,541.15
89.09399999999997,307.15
130.19099999999997,467.65
144.1700000000001,459.15
136.19400000000005,486.99
136.19400000000005,503.15
136.19400000000005,501.15
162.2320000000001,523.15
116.15999999999994,383.15
101.19299999999993,369.35
118.24499999999992,405.15
121.18299999999994,455.15
146.23300000000012,480.15
152.26200000000009,481.15
205.46800000000007,447.15
86.13399999999996,329.15
129.16199999999998,516.3499999999999
69.06299999999999,368.55
42.037000000000006,223.45
222.3720000000002,565.15
136.23800000000003,450.75
136.23800000000003,451.15
154.25300000000016,471.15
196.29000000000016,494.15
204.3570000000002,531.15
66.06299999999999,492.15
172.26800000000017,532.15
152.23700000000014,496.15
156.26900000000018,489.15
156.26900000000018,487.15
204.3350000000001,406.65
78.13599999999997,423.15
126.17999999999996,490.15
98.14499999999994,402.85
208.3040000000001,563.15
86.08999999999996,433.15
149.23700000000014,485.15
48.110000000000014,279.15
32.041999999999994,337.65
74.07899999999997,365.15
90.07799999999996,477.15
71.07899999999998,394.15
108.52399999999996,385.15
123.15499999999994,494.15
123.15499999999994,524.15
123.15499999999994,516.15
151.16500000000008,568.15
150.17700000000008,528.65
147.17700000000005,559.65
152.1930000000001,608.15
137.18200000000007,501.15
137.18200000000007,509.65
138.16600000000008,522.15
138.16600000000008,525.15
138.16600000000008,527.15
140.20700000000005,497.65
140.20700000000005,501.15
152.14900000000006,473.15
152.14900000000006,549.65
133.15000000000003,528.65
133.15000000000003,529.65
170.59500000000006,527.15
170.59500000000006,535.65
180.2030000000001,543.15
184.23800000000008,547.15
84.11799999999995,365.15
84.11799999999995,347.15
104.14899999999992,432.15
114.18799999999992,405.15
76.09499999999996,397.45
102.13299999999994,380.15
164.20100000000014,516.15
118.13199999999996,415.15
75.11099999999996,368.15
137.18200000000007,476.15
98.10099999999996,383.65
89.13799999999996,370.15
61.08400000000002,315.54999999999995
137.18200000000007,508.15
137.18200000000007,521.65
152.1930000000001,530.15
102.17699999999992,359.54999999999995
112.12799999999994,405.15
88.10599999999995,384.15
130.18699999999995,433.15
138.16600000000008,490.15
158.20000000000007,545.15
158.20000000000007,543.15
386.3639999999998,604.15
124.13899999999994,477.15
124.13899999999994,526.15
165.1920000000001,577.15
150.17700000000008,514.15
150.17700000000008,513.15
208.2570000000001,538.15
212.25200000000007,613.15
212.24800000000008,628.15
164.2040000000001,539.15
164.2040000000001,541.15
70.09099999999997,323.15
89.13799999999995,386.15
106.12099999999994,493.15
85.10599999999997,438.55
90.12199999999996,403.15
90.12199999999996,393.15
88.10599999999995,383.15
72.10699999999997,308.85
72.10699999999996,319.15
148.2050000000001,509.15
148.2050000000001,489.15
150.22100000000012,484.65
70.09099999999997,336.15
109.12799999999996,415.15
109.12799999999996,451.65
109.12799999999996,466.15
159.18800000000007,579.15
134.17800000000005,484.65
73.09499999999997,481.15
149.1930000000001,580.15
74.07899999999998,329.85
116.11599999999994,441.15
134.17800000000005,498.15
86.08999999999997,353.25
67.09099999999998,363.15
31.058,266.75
151.16500000000008,529.15
116.11999999999996,584.15
107.15599999999996,473.15
107.15599999999996,476.45
107.15599999999996,474.15
107.15599999999992,470.15
122.16699999999992,446.15
122.16699999999992,450.15
122.16699999999992,448.15
192.26100000000008,615.15
192.26100000000008,613.15
132.11900000000003,464.15
135.16600000000005,567.15
134.17800000000005,494.15
134.17800000000005,494.65
134.17800000000005,479.55
150.17700000000008,538.15
150.17700000000008,536.15
131.178,515.65
131.178,504.15
122.17099999999996,565.15
122.17099999999996,557.15
122.17099999999996,528.15
122.17099999999996,538.15
122.17099999999996,546.65
124.13899999999994,521.15
124.13899999999994,531.15
124.13899999999994,538.15
124.13899999999994,543.15
124.13899999999994,560.15
124.13899999999994,556.15
135.21000000000004,483.15
135.21,479.15
136.19400000000005,516.65
136.19400000000005,513.15
121.18299999999994,479.15
121.18299999999994,476.65
121.18299999999994,468.15
121.18299999999992,453.65
122.16699999999992,478.15
122.16699999999992,497.15
122.16699999999992,488.65
122.16699999999992,490.15
149.2370000000001,496.15
150.22100000000012,512.15
124.20799999999994,465.15
124.20799999999994,469.15
124.20799999999994,472.15
136.15000000000006,472.15
132.162,467.15
117.15099999999995,478.15
117.15099999999995,488.15
117.15099999999995,491.15
160.17200000000005,577.15
149.21800000000005,511.15
240.33100000000007,707.15
133.15,473.65
240.25800000000007,624.15
154.59600000000003,486.65
154.59600000000003,492.65
154.59600000000003,499.15
256.25700000000006,658.15
121.18299999999994,466.15
96.17299999999992,361.15
168.2390000000001,531.15
168.2390000000001,547.15
168.2390000000001,546.15
152.97500000000005,414.15
215.04600000000005,517.15
181.02900000000008,441.15
181.02900000000008,459.65
68.11899999999999,313.95
68.11899999999999,307.15
86.13399999999994,365.65
101.14899999999994,499.15
87.16599999999994,369.15
87.16599999999994,350.15
87.16599999999994,354.15
104.14899999999992,481.15
83.13399999999996,396.15
83.13399999999996,402.15
104.21799999999992,392.15
104.21799999999992,391.45
104.21799999999992,372.25
104.21799999999992,382.95
102.13299999999994,375.05
102.13299999999994,450.15
102.13299999999994,449.65
88.14999999999993,402.15
88.14999999999993,403.95
88.14999999999993,375.55
130.18699999999995,412.15
86.13399999999994,367.35
120.57899999999997,389.15
120.57899999999997,387.15
84.11799999999995,387.15
84.11799999999995,407.15
70.13499999999998,304.25
70.13499999999998,293.25
70.13499999999998,311.65
81.11799999999997,414.15
100.11699999999996,391.15
100.11699999999996,392.15
100.11699999999996,458.15
100.11699999999996,471.65
100.11699999999996,470.15
86.13399999999994,417.15
86.13399999999994,405.15
86.13399999999994,372.45
86.13399999999994,387.15
84.11799999999995,370.15
118.56299999999996,419.15
66.103,306.15
178.27500000000015,509.15
142.19800000000012,431.15
192.25800000000007,532.15
178.65900000000013,481.15
178.65900000000013,481.15
88.14999999999993,328.25
83.13399999999996,352.65
68.11899999999999,301.15
84.11799999999995,378.85
75.06699999999998,464.15
181.23800000000008,638.15
108.524,403.15
170.59500000000006,507.15
170.59500000000006,502.15
136.5780000000001,434.15
94.497,343.65
122.507,392.15
122.55099999999996,405.65
162.18800000000007,535.05
99.08899999999998,476.15
70.13499999999998,310.15
114.14399999999996,408.65
94.15699999999994,383.15
98.18899999999992,374.05
142.19800000000012,456.15
128.21499999999992,462.15
114.18799999999992,428.15
114.18799999999992,441.55
114.18799999999992,441.15
114.18799999999992,440.15
114.18799999999992,447.15
114.18799999999992,448.15
112.17199999999993,442.45
112.17199999999993,444.05
96.17299999999992,383.45
96.17299999999992,376.15
140.1820000000001,454.15
110.15599999999992,451.65
110.15599999999992,474.15
238.41500000000025,602.15
80.12999999999995,338.15
84.16199999999994,344.95
100.16099999999992,409.15
100.16099999999992,421.65
98.14499999999994,413.15
82.14599999999994,348.15
82.14599999999994,338.15
82.14599999999994,341.15
96.12899999999996,432.15
96.12899999999996,430.65
56.10800000000002,274.15
100.11699999999996,385.15
86.13399999999994,396.15
156.31300000000022,462.35
156.31300000000022,465.15
156.31300000000022,461.15
186.2950000000002,506.15
245.89800000000005,479.15
142.96900000000005,400.15
196.20200000000008,556.15
135.21000000000004,458.15
135.21000000000004,467.15
135.21000000000004,484.15
116.15999999999993,375.15
182.13500000000005,598.15
182.13500000000005,558.15
102.13299999999994,388.15
88.10599999999995,354.15
88.10599999999997,357.15
248.41000000000025,556.15
183.25400000000008,567.15
354.6189999999992,675.15
352.6029999999992,673.15
214.34900000000025,541.15
326.5649999999992,644.15
68.11899999999999,315.15
96.17299999999992,376.15
82.14599999999994,348.15
112.21599999999992,393.15
152.23700000000014,481.15
136.23800000000003,446.65
74.12699999999995,388.65
75.11099999999995,432.39
116.20399999999992,380.15
102.17699999999994,355.15
118.17599999999992,410.65
144.1700000000001,455.15
106.16799999999994,428.15
82.10199999999996,337.04999999999995
82.10199999999998,339.15
126.11099999999996,454.45
111.14399999999992,422.15
112.12799999999994,435.65
98.10099999999996,482.15
228.063,353.15
129.24699999999993,428.15
114.2319999999999,390.75
114.2319999999999,392.05
114.2319999999999,390.85
144.21400000000014,442.85
130.23099999999994,459.15
130.23099999999994,457.15
130.23099999999994,464.15
130.23099999999994,446.15
130.23099999999994,439.15
130.23099999999994,444.15
130.23099999999994,445.15
130.23099999999994,446.15
130.23099999999994,439.15
130.23099999999994,430.15
130.23099999999994,427.15
130.23099999999994,440.15
130.23099999999994,438.15
130.23099999999994,439.15
172.26800000000017,460.15
128.21499999999992,439.15
128.21499999999992,432.15
128.21499999999992,440.15
128.21499999999992,428.15
112.21599999999992,392.15
112.21599999999992,386.15
112.21599999999992,395.15
128.21499999999992,459.15
270.4569999999999,597.15
96.17299999999992,361.15
126.15499999999992,453.15
114.18799999999992,414.15
114.18799999999992,418.15
115.21999999999991,422.15
115.21999999999991,405.65
100.20499999999991,363.15
100.20499999999991,365.15
128.17099999999994,411.15
130.18699999999995,424.15
130.18699999999995,487.15
116.20399999999992,443.15
116.20399999999992,415.15
116.20399999999992,426.15
116.20399999999992,424.15
116.20399999999992,420.15
114.18799999999992,412.15
129.20299999999995,468.65
98.18899999999992,357.15
98.18899999999992,360.15
98.18899999999992,358.15
98.18899999999992,368.15
98.18899999999992,370.15
98.18899999999992,359.15
98.18899999999992,361.15
98.18899999999992,362.15
98.18899999999992,360.15
98.18899999999992,359.15
98.18899999999992,361.15
98.18899999999992,368.45
98.18899999999992,367.15
96.17299999999992,364.15
96.17299999999992,375.15
96.17299999999992,367.15
46.073000000000015,356.15
48.04100000000001,359.15
90.07799999999996,422.15
152.14900000000006,554.15
47.05700000000001,322.15
182.17500000000007,559.15
166.17600000000007,508.15
166.17600000000007,517.65
118.13199999999992,404.15
202.2090000000001,479.15
82.10599999999997,540.15
82.10599999999998,536.15
130.18999999999997,472.15
130.18999999999997,482.15
130.18999999999997,471.15
131.178,546.15
131.178,539.15
131.178,540.15
131.178,539.15
262.0459999999999,553.15
262.0459999999999,550.15
102.13299999999994,365.15
57.05200000000001,311.45
116.15999999999993,389.15
143.18900000000005,525.15
143.18900000000005,526.15
83.08999999999997,400.15
83.08999999999997,396.15
104.10499999999996,417.95
100.11699999999996,373.75
104.10499999999996,404.15
166.17600000000007,519.65
166.17600000000007,521.15
166.17600000000007,532.15
195.21800000000007,544.15
130.14299999999997,450.55
165.19200000000006,528.15
150.17700000000008,488.15
150.17700000000008,493.15
150.17700000000008,495.15
114.14399999999992,412.15
114.14399999999992,409.65
112.21599999999992,386.15
152.23700000000014,494.65
163.2200000000001,533.15
197.2810000000001,603.65
132.206,459.15
154.25300000000016,483.15
142.20100000000008,517.55
142.20100000000008,514.25
186.2100000000001,563.15
157.2160000000001,567.65
61.040000000000006,261.15
152.15300000000008,578.15
181.14700000000005,548.15
90.08199999999997,460.15
103.12099999999997,406.55
142.2860000000001,440.15
142.2860000000001,439.15
142.2860000000001,437.15
172.26800000000017,485.15
140.27000000000007,440.15
108.18399999999993,391.15
294.4789999999993,620.15
298.5109999999992,626.15
292.46299999999934,621.15
296.49499999999927,620.15
128.2589999999999,416.15
128.2589999999999,417.15
128.2589999999999,415.15
158.24100000000016,467.25
144.25800000000012,451.15
126.2429999999999,417.15
126.2429999999999,412.15
154.20900000000012,490.15
140.22600000000008,447.15
83.08999999999996,360.65
83.08999999999999,361.15
83.08999999999997,361.15
85.10599999999995,384.15
72.10699999999996,332.15
58.08000000000002,308.15
116.11599999999994,443.65
130.14299999999997,469.15
102.08899999999996,411.15
256.43000000000023,581.15
82.14599999999994,353.15
82.14599999999994,350.15
82.14599999999994,349.15
150.04600000000002,278.76
178.056,332.65
100.16099999999992,391.15
86.17799999999993,333.36
86.17799999999993,336.45
108.14399999999996,543.15
118.17599999999992,471.05
97.16099999999994,428.15
118.24499999999992,398.15
116.15999999999993,400.51
116.15999999999993,468.15
116.15999999999993,473.15
102.17699999999992,430.15
102.17699999999992,426.15
102.17699999999992,424.15
102.17699999999992,394.15
102.17699999999992,415.15
102.17699999999992,405.15
102.17699999999992,401.05
102.17699999999992,402.15
144.21400000000014,436.15
100.16099999999992,388.85
100.16099999999994,391.15
134.60600000000002,416.15
98.14499999999994,409.15
84.16199999999994,335.25
84.16199999999994,327.15
84.16199999999994,327.15
84.16199999999994,340.45
84.16199999999994,343.54999999999995
84.16199999999994,340.82
84.16199999999994,329.54999999999995
84.16199999999994,331.73
114.14399999999992,487.15
114.14399999999992,490.15
114.14399999999992,472.15
100.16099999999992,407.15
98.14499999999994,411.15
164.24800000000013,531.15
150.22100000000012,458.65
80.12999999999995,342.15
102.17699999999992,372.15
118.24499999999992,421.15
118.24499999999992,423.15
82.14599999999994,334.15
82.14599999999994,346.15
98.14499999999994,393.15
428.0909999999998,431.15
192.26100000000008,617.15
192.26100000000008,623.15
166.17600000000007,518.15
184.23800000000008,545.15
149.1930000000001,569.15
149.1930000000001,576.15
149.1930000000001,529.15
150.17700000000008,481.15
150.17700000000008,487.15
150.17700000000008,486.15
150.17700000000008,488.15
151.20900000000012,558.65
183.2540000000001,589.15
198.2650000000001,558.15
212.24800000000008,589.15
178.2310000000001,501.15
162.2320000000001,509.65
169.61100000000005,553.15
134.17800000000005,485.15
134.17800000000005,497.15
212.2920000000001,614.3499999999999
122.17099999999994,502.15
195.2650000000001,591.15
196.24900000000008,581.15
196.24900000000008,590.15
164.2040000000001,511.65
148.2050000000001,493.15
148.2050000000001,509.15
146.18900000000008,524.75
100.16499999999996,426.15
99.17699999999994,399.15
87.12199999999996,490.15
87.12199999999996,480.15
88.15399999999994,404.15
90.12199999999994,450.15
90.12199999999996,494.15
69.10699999999997,375.15
90.19099999999996,361.65
90.19099999999996,337.35
88.10599999999997,351.75
88.10599999999995,427.55
74.12299999999995,380.99
74.12299999999995,355.45
106.55199999999996,365.15
70.09099999999997,340.15
71.12299999999996,337.15
172.1800000000001,464.15
72.10699999999996,387.65
104.53599999999996,370.15
132.206,448.15
132.206,469.15
132.206,462.15
118.17599999999992,428.15
73.13899999999997,336.15
134.222,458.15
134.222,455.15
134.222,456.15
126.2429999999999,420.15
74.12299999999996,311.65
132.20299999999995,507.15
90.19099999999996,368.65
69.10699999999997,356.15
94.11699999999996,402.15
82.10599999999997,477.15
82.10599999999997,479.15
216.28300000000007,683.15
216.28300000000007,682.95
94.11699999999996,487.15
108.14399999999996,495.95
108.14399999999996,500.15
108.14399999999996,481.65
108.14399999999996,475.15
93.12899999999996,402.55
93.12899999999996,417.25
93.12899999999996,418.45
137.13800000000006,477.15
94.11699999999996,411.15
94.11699999999996,415.15
94.11699999999998,426.15
81.11799999999997,421.15
81.11799999999997,416.15
99.13299999999995,521.15
143.18900000000005,520.55
143.18900000000008,524.15
143.18900000000008,539.15
143.18900000000008,530.15
143.18900000000008,538.15
143.18900000000008,531.15
143.18900000000005,520.55
159.18800000000005,540.15
144.17700000000005,517.15
152.14900000000006,495.75
118.17899999999992,443.15
118.17899999999992,443.15
118.17899999999992,445.15
242.40300000000025,568.15
86.13399999999994,353.15
99.15799999999996,401.92
99.15799999999996,406.35
74.14799999999997,345.65
139.22300000000007,507.15
139.22300000000007,545.65
124.20799999999994,467.45
73.11999999999999,406.05
74.14799999999997,342.15
138.23500000000007,487.15
98.16999999999996,385.65
98.16999999999996,388.55
88.17499999999995,367.15
177.41400000000004,425.15
128.049,316.15
100.039,248.92
226.2280000000001,547.65
170.34000000000023,484.15
170.34000000000023,485.15
198.30600000000013,519.15
122.21099999999991,425.15
152.23700000000014,517.15
82.14599999999994,343.15
58.08000000000001,279.15
87.12199999999996,401.35
136.23800000000003,444.15
192.21400000000008,549.65
128.17399999999995,491.15
153.18400000000003,572.15
153.18400000000003,580.15
190.62900000000005,570.65
190.62900000000005,578.15
172.18300000000005,573.15
172.18300000000005,573.15
157.2160000000001,565.15
158.20000000000007,577.15
160.24100000000004,561.15
144.17300000000006,561.15
144.17300000000006,559.15
143.18900000000005,573.8499999999999
143.18900000000005,579.3499999999999
269.3469999999997,744.15
72.15099999999997,282.65
154.25300000000016,498.15
222.3720000000002,549.15
233.2740000000001,573.15
138.12600000000006,558.15
138.12600000000003,585.15
138.12600000000006,601.15
153.13700000000006,545.15
153.13700000000006,531.15
153.13700000000006,532.15
166.13600000000005,585.65
123.11099999999996,483.85
167.16400000000007,540.15
153.13700000000006,543.15
167.12,593.15
185.56600000000003,549.65
199.2090000000001,593.15
199.2090000000001,613.15
103.12099999999997,425.95
129.15899999999996,478.15
118.13599999999994,479.65
75.06699999999998,387.25
91.06599999999996,468.15
73.05099999999999,371.65
151.16500000000008,523.15
131.17499999999998,466.15
61.04000000000001,374.34
137.13800000000006,509.15
173.17100000000002,587.15
159.22900000000016,481.65
117.14799999999994,445.65
117.14799999999994,427.15
139.11000000000004,489.15
215.20800000000008,593.15
165.14800000000005,475.15
89.09399999999997,404.35
89.09399999999997,393.35
102.13699999999994,445.15
74.08299999999997,419.15
130.19099999999997,479.15
86.09399999999997,320.15
129.14,497.65
137.13800000000006,494.05
137.13800000000006,505.25
137.13800000000006,511.81
191.10800000000003,490.15
191.108,475.95
149.14900000000006,528.15
408.799,716.15
514.0779999999999,492.15
268.529,603.15
284.5279999999995,618.15
282.51199999999955,607.15
266.51300000000003,604.15
344.6269999999992,692.15
124.2269999999999,414.15
120.19499999999992,438.15
142.2420000000001,468.15
128.2589999999999,423.95
188.22300000000013,630.25
139.24200000000008,498.15
160.32600000000016,493.15
158.24100000000016,529.15
144.25800000000012,486.85
144.25800000000012,465.65
144.25800000000012,468.15
142.2420000000001,467.15
142.2420000000001,460.15
142.2420000000001,461.15
142.2420000000001,461.55
176.68700000000015,491.15
126.2429999999999,420.05
142.2420000000001,466.65
186.2950000000002,498.15
143.27400000000011,471.15
204.3570000000002,553.15
196.37800000000024,535.15
254.4170000000002,639.15
220.3560000000002,590.15
440.62099999999936,663.15
616.8330000000026,523.15
92.14099999999996,363.15
178.2310000000001,377.15
343.679,556.15
1124.1760000000054,945.15
394.772,705.15
246.43800000000024,626.15
254.50200000000032,589.15
265.485,635.15
284.48399999999947,644.15
270.5009999999999,624.15
252.4860000000003,588.65
282.4679999999995,633.15
269.51699999999994,623.15
110.19999999999992,390.25
106.16799999999994,408.65
232.07,413.15
186.2980000000001,580.15
124.2269999999999,437.15
186.2980000000001,568.15
128.21499999999992,447.15
143.23000000000013,512.15
114.2319999999999,398.77
144.26200000000014,498.75
174.1960000000001,618.65
125.21499999999992,475.15
146.29900000000015,472.15
144.21400000000014,513.15
130.23099999999994,467.85
130.23099999999994,452.15
130.23099999999994,457.15
128.21499999999992,446.15
128.21499999999992,439.15
128.21499999999992,439.15
162.6600000000001,468.15
106.16799999999994,400.15
112.21599999999992,394.45
112.21599999999992,398.05
112.21599999999992,396.15
112.21599999999992,396.35
112.21599999999992,395.75
112.21599999999992,395.55
128.21499999999992,447.15
108.18399999999993,407.15
172.26800000000017,483.15
184.27900000000017,500.15
129.24699999999993,451.75
205.3450000000002,583.15
190.33000000000013,536.15
200.3220000000002,512.15
196.37800000000024,536.15
182.35100000000023,515.15
157.30100000000022,465.15
159.22900000000016,447.65
256.43000000000023,579.95
206.3290000000001,557.15
186.2950000000002,499.15
110.19999999999992,399.35
110.19999999999992,411.15
110.19999999999992,408.75
110.19999999999992,406.65
98.14499999999994,405.15
84.11799999999995,374.15
70.05099999999999,423.15
126.92600000000002,336.65
104.17399999999996,422.15
69.06299999999999,342.65
100.16099999999992,391.15
114.14399999999992,488.15
58.08000000000001,320.75
72.06299999999997,434.15
72.06299999999997,379.15
44.05300000000001,283.54999999999995
72.06299999999997,385.65
164.16000000000005,520.15
131.134,479.15
116.11599999999994,452.15
132.159,397.15
250.339,552.15
202.295,434.06
220.285,406.8
214.306,458.15
251.32700000000003,553.15
264.366,574.15
703.3660000000041,848.15
352.69099999999906,675.05
370.0549999999999,368.15
414.0639999999999,465.15
400.0809999999999,437.15
212.42100000000028,543.75
242.40300000000025,612.15
228.42000000000027,591.15
226.40400000000025,567.15
226.40400000000025,568.15
210.40500000000023,541.55
227.4360000000003,585.15
288.5189999999994,646.15
294.56699999999927,644.15
208.38900000000024,553.15
68.11899999999999,317.15
68.11899999999999,317.15
68.11899999999999,315.15
68.11899999999999,299.04999999999995
68.11899999999999,321.35
84.11799999999995,388.65
64.087,328.15
218.3840000000002,550.15
183.079,426.65
198.09,411.65
168.064,358.15
200.131,416.15
212.073,493.15
193.074,435.15
120.02,225.06
293.96,434.15
184.063,418.25
134.04700000000005,255.11
182.091,390.15
212.039,312.15
148.24900000000014,505.15
170.34000000000023,451.15
168.3240000000002,453.15
142.2860000000001,439.15
142.2860000000001,432.15
164.24800000000013,540.15
86.13399999999994,376.15
101.14899999999994,498.15
87.16599999999994,362.15
72.15099999999997,309.21
100.11699999999996,449.15
102.18099999999994,451.15
94.11699999999998,559.15
132.115,546.15
104.14899999999992,475.15
104.14899999999994,514.15
104.14899999999992,460.65
104.14899999999992,491.15
188.22300000000013,517.15
100.11699999999996,383.05
100.11699999999996,413.85
169.00700000000006,490.15
83.13399999999996,413.15
104.21799999999992,399.75
104.21799999999992,386.15
104.21799999999992,389.15
102.13299999999994,459.25
88.14999999999993,410.75
88.14999999999993,392.25
88.14999999999993,396.15
86.13399999999994,375.35
86.13399999999996,375.05
101.14899999999994,442.15
120.57899999999997,397.15
492.9609999999989,762.15
84.11799999999995,377.15
70.13499999999998,303.15
70.13499999999998,310.04999999999995
70.13499999999998,309.45
81.11799999999997,417.15
81.11799999999997,413.15
100.11699999999996,466.35
100.11699999999996,461.65
86.13399999999994,391.15
86.13399999999994,411.15
86.13399999999994,411.15
86.13399999999994,409.15
86.13399999999994,389.15
84.11799999999997,376.15
84.11799999999995,395.15
147.2210000000001,489.15
66.103,332.15
66.103,315.15
66.103,317.15
66.103,324.15
130.18699999999995,422.55
87.16599999999994,377.85
163.26400000000015,533.65
148.24900000000014,476.15
192.25800000000007,533.15
158.24100000000016,453.15
154.2970000000002,477.15
140.27000000000007,453.15
200.3220000000002,512.15
186.2950000000002,498.15
117.14799999999994,377.65
214.34900000000025,518.15
172.26800000000017,477.15
164.24800000000013,523.65
144.21400000000014,439.15
208.2570000000001,543.15
68.11899999999999,313.04999999999995
68.11899999999999,329.15
84.11799999999995,423.15
84.11799999999995,427.15
166.01999999999998,245.75
238.024,271.04999999999995
200.028,267.25
416.05499999999984,378.35
200.028,267.17
262.04599999999994,324.85
462.0739999999999,416.15
538.066,408.15
338.03799999999995,332.95
164.07300000000004,301.15
218.043,301.04
388.0449999999999,355.65
350.04899999999986,354.15
814.1200000000006,483.15
338.03799999999995,330.35
314.04999999999995,430.15
300.0419999999999,330.15
238.024,273.15
200.028,280.15
200.053,303.56
350.0489999999999,349.45
338.03799999999995,330.75
338.03799999999995,331.15
272.09399999999994,473.15
488.0589999999999,390.15
914.1340000000008,523.15
438.0519999999999,378.15
166.01999999999998,244.55
288.03099999999995,302.35
264.04299999999995,415.35
188.017,236.36
169.052,356.15
714.1060000000003,543.15
236.06099999999995,377.75
664.0990000000003,497.15
564.0849999999999,511.15
76.05099999999999,383.15
390.3539999999999,547.15
136.23800000000003,448.05
136.23800000000003,450.15
178.2340000000001,611.55
179.2220000000001,623.45
180.2100000000001,633.15
180.2100000000001,682.3499999999999
94.11299999999996,454.95
199.27800000000008,644.15
170.59500000000006,498.65
185.22600000000008,581.15
214.22000000000008,628.15
138.16600000000008,519.15
208.2570000000001,524.15
166.17600000000007,539.15
152.1930000000001,506.15
150.17700000000008,502.65
184.62200000000007,420.15
136.15000000000006,468.15
196.24900000000008,593.15
102.13599999999995,416.15
255.32000000000008,677.15
185.22600000000008,613.15
185.22600000000008,603.15
254.33200000000008,690.15
184.2420000000001,586.15
184.2420000000001,627.15
197.2810000000001,584.15
183.2540000000001,577.15
181.23800000000008,555.15
198.2210000000001,587.15
198.2210000000001,616.65
211.28900000000007,644.15
162.18800000000007,530.15
164.2040000000001,501.15
148.2050000000001,501.65
148.2050000000001,501.15
148.2050000000001,508.15
132.206,463.15
146.18900000000008,534.15
170.59500000000006,505.65
158.20000000000007,507.35
164.2040000000001,526.15
164.2040000000001,520.15
138.16600000000008,546.15
137.18200000000007,553.15
135.16600000000005,518.15
164.2040000000001,506.15
192.25800000000007,523.15
178.2310000000001,504.15
183.2540000000001,562.15
150.17700000000008,517.3499999999999
190.2860000000001,557.15
176.25900000000013,538.15
108.14399999999996,517.15
144.17700000000005,613.15
174.03000000000003,483.15
119.12299999999996,439.45
136.19400000000005,453.15
181.23800000000008,583.15
160.2160000000001,516.15
133.194,468.15
119.16699999999992,458.15
216.32400000000013,525.15
150.22100000000012,488.15
219.2870000000001,668.65
204.27200000000008,607.15
204.27200000000008,618.65
204.31300000000016,573.15
120.15099999999994,467.25
162.2320000000001,520.15
161.2480000000001,530.15
149.1930000000001,495.35
148.16100000000006,495.15
150.17700000000008,480.15
134.17800000000005,490.55
134.17800000000005,487.15
129.16199999999998,522.15
129.16199999999998,536.95
134.17800000000005,530.65
134.17800000000005,532.15
176.2150000000001,538.15
166.60700000000006,530.65
135.21000000000004,471.15
135.21000000000004,476.65
136.19400000000005,463.45
197.2810000000001,595.15
155.20000000000007,544.15
155.20000000000007,547.15
155.20000000000007,554.15
183.2100000000001,590.15
183.2100000000001,588.15
143.18900000000005,543.15
205.26000000000008,636.15
306.4079999999997,735.15
188.2510000000001,573.15
135.19100000000003,505.65
136.15400000000005,511.15
120.15099999999994,428.65
138.21000000000006,470.15
130.15,589.15
278.3539999999997,792.15
138.25400000000005,440.15
136.23800000000003,429.45
136.23800000000003,438.95
86.13799999999995,421.78
85.14999999999995,379.34
129.20299999999995,477.15
129.20299999999992,500.65
114.19199999999992,473.15
99.13299999999995,533.15
162.23600000000013,549.15
58.08000000000002,321.15
73.09499999999997,405.15
73.09499999999997,486.15
44.09700000000002,231.04
74.12699999999995,391.15
74.12699999999995,412.35
76.09499999999997,460.45
76.09499999999996,487.85
160.1690000000001,460.15
160.1690000000001,482.65
72.06299999999997,345.15
108.23099999999997,437.15
108.23099999999997,446.05
55.08000000000001,370.45
76.16399999999996,340.85
76.16399999999996,325.75
89.14199999999995,463.15
74.07899999999998,414.65
60.096000000000025,370.19
60.096000000000025,355.36
73.09499999999997,406.15
92.525,353.15
76.06999999999998,317.15
98.10099999999996,397.15
56.064000000000014,386.15
42.08100000000002,225.53
74.14799999999997,338.15
56.064000000000014,250.15
90.509,348.65
118.17899999999992,442.15
118.17899999999992,452.15
162.18800000000007,526.15
125.21499999999992,441.15
178.27500000000015,520.15
104.14899999999994,425.15
118.17599999999992,423.35
100.16099999999994,364.15
102.13299999999995,374.15
114.14399999999996,394.15
59.11200000000002,320.36
103.16499999999994,456.15
135.21000000000004,502.15
135.21000000000004,493.15
120.19499999999992,432.35
150.22100000000012,505.15
164.2040000000001,504.15
164.2040000000001,501.15
130.18699999999995,417.15
103.12099999999997,469.15
136.5780000000001,433.15
164.63200000000012,456.15
122.55099999999996,384.15
150.6050000000001,453.15
190.2420000000001,558.15
126.2429999999999,429.85
140.22600000000008,470.15
112.21599999999992,404.05
128.21499999999992,444.15
132.20299999999995,425.15
132.159,419.15
57.09600000000002,340.15
142.2860000000001,440.15
158.24100000000016,458.15
180.2030000000001,512.15
130.18699999999995,407.15
85.10599999999997,358.54999999999995
128.17099999999994,413.15
144.21400000000014,428.15
170.2550000000001,546.15
89.09399999999997,317.15
186.2950000000002,495.15
144.21400000000014,440.15
144.21400000000014,496.15
136.19400000000005,494.15
136.19400000000005,505.15
127.23099999999992,439.65
143.23000000000013,509.15
115.17599999999992,488.15
116.15999999999994,395.35
121.18299999999994,443.15
121.18299999999994,462.15
118.20099999999994,411.15
152.26200000000009,492.15
205.46800000000007,460.15
86.13399999999996,337.85
54.04800000000001,333.15
55.08000000000001,357.15
40.06500000000001,249.95
116.16299999999994,459.15
152.23700000000014,497.15
82.10199999999998,353.15
96.08499999999998,480.65
96.08499999999997,485.65
80.08999999999997,389.45
68.07899999999998,460.15
202.25600000000009,667.15
80.08999999999997,481.15
94.11699999999998,525.15
94.11699999999996,546.15
79.10199999999998,388.35
104.11199999999998,497.65
104.11199999999998,476.15
104.11199999999997,459.15
109.13199999999998,558.15
122.17099999999996,486.15
108.14399999999996,476.15
108.14399999999996,499.15
108.14399999999996,503.15
109.12799999999996,539.15
137.18200000000007,533.3499999999999
137.18200000000007,557.15
95.10099999999996,623.15
95.10099999999996,553.15
121.13899999999995,482.15
121.13899999999995,498.15
121.13899999999995,497.15
171.2030000000001,580.65
95.10499999999998,468.15
80.08999999999997,396.95
110.11199999999997,519.15
67.09099999999998,402.89
71.12299999999998,359.75
148.20900000000012,543.15
85.10599999999997,524.3499999999999
109.12799999999996,493.15
69.06299999999999,365.45
130.15,510.15
144.17700000000005,583.15
129.16199999999998,510.25
145.16100000000006,633.15
145.16100000000006,540.15
130.15,500.15
146.14900000000003,634.15
110.11199999999997,553.15
162.18800000000007,508.15
220.3560000000002,574.65
416.5829999999996,407.15
68.11899999999999,312.15
152.28100000000018,487.15
410.7299999999992,694.45
268.485,534.15
180.25000000000009,580.15
104.15199999999994,418.45
116.11999999999996,705.15
118.08799999999997,507.15
99.08899999999996,569.15
80.08999999999999,539.15
139.17900000000003,473.15
230.3100000000001,610.15
230.3100000000001,648.15
230.3100000000001,649.15
136.23800000000003,447.15
136.23800000000003,456.15
136.23800000000003,460.15
233.2740000000001,643.15
345.65399999999994,521.15
343.638,499.15
331.62699999999995,462.65
215.894,527.15
215.894,518.15
215.894,520.15
203.83,369.57
203.83,365.99
263.9349999999999,382.15
167.85000000000002,403.35
167.85000000000002,419.13
165.834,394.35
185.84,390.5
185.84000000000003,389.1
153.823,349.86
260.891,577.15
181.87700000000004,424.15
181.87700000000004,432.15
181.87700000000004,454.15
181.87700000000004,438.15
179.86100000000002,440.35
216.88200000000003,523.65
221.923,506.55
563.0960000000017,795.15
338.6639999999991,664.15
128.094,496.15
192.3460000000002,557.15
198.39400000000023,526.65
258.3580000000001,639.15
230.46100000000027,572.15
228.37600000000023,599.15
214.39300000000023,568.95
212.37700000000024,562.15
196.37800000000024,524.25
213.40900000000028,562.15
274.49199999999973,620.15
280.5399999999996,631.15
192.25500000000017,432.65
190.33000000000013,523.15
194.2270000000001,588.15
222.2810000000001,547.15
460.6959999999992,601.15
189.30700000000024,614.65
172.3160000000002,465.15
158.2890000000002,425.15
172.27200000000016,481.15
150.074,367.45
150.074,357.45
150.074,363.35
192.024,331.65
102.03,247.08
102.03,253.46
100.014,197.57
168.036,296.15
88.00300000000001,145.09999999999997
132.05600000000007,379.15
171.2430000000001,600.65
132.159,418.85
160.26000000000013,512.15
116.22899999999991,415.65
72.10699999999997,339.15
101.14899999999996,426.15
88.10599999999995,454.15
144.1700000000001,466.15
102.13299999999995,449.45
170.2080000000001,538.15
158.19700000000012,478.65
133.194,505.65
163.2200000000001,557.15
146.23300000000012,494.15
146.23300000000012,507.15
146.23300000000012,502.15
116.22899999999991,431.25
147.2210000000001,551.15
132.206,480.35
148.2050000000001,528.15
148.2050000000001,539.15
148.2050000000001,548.65
125.21499999999992,447.15
86.13399999999996,361.15
116.15999999999994,462.15
100.11699999999996,501.15
100.11699999999996,439.65
83.13399999999994,390.15
133.19400000000002,523.65
133.19400000000002,496.65
134.18200000000002,562.15
88.17499999999995,394.25
174.28700000000015,513.15
136.14700000000005,405.15
164.20100000000014,456.15
149.23700000000014,469.15
134.222,478.15
134.222,471.15
134.222,470.15
164.25200000000012,488.65
164.25200000000012,533.15
114.2319999999999,379.47
144.2620000000001,441.15
206.3290000000001,552.15
126.2429999999999,391.15
98.18899999999992,349.15
116.20799999999991,394.15
142.2860000000001,433.15
142.2860000000001,410.15
142.2860000000001,443.15
172.3160000000002,482.65
102.18099999999993,356.65
100.16099999999994,363.55
268.529,579.15
128.2589999999999,413.35
128.2589999999999,406.15
128.2589999999999,395.35
128.2589999999999,414.65
144.25800000000012,439.15
150.22100000000012,535.15
150.22100000000012,523.15
150.22100000000012,521.15
156.2730000000002,461.65
141.2580000000001,426.15
155.24100000000016,478.15
130.23499999999993,417.15
136.19800000000006,466.15
116.16399999999992,450.25
196.031,398.75
334.46199999999965,633.15
332.4459999999997,693.15
320.43499999999966,704.15
82.066,391.15
102.20199999999994,414.88
86.11899999999999,367.15
86.119,477.15
216.33000000000004,639.45
85.13099999999999,391.35
89.16299999999997,437.65
126.17999999999996,488.15
116.22899999999991,428.15
74.14799999999997,368.15
60.12100000000001,328.04999999999995
180.3630000000001,519.65
76.11999999999998,366.15
120.22099999999996,505.15
206.3320000000001,435.15
103.18999999999996,448.15
84.14299999999997,357.25
109.15299999999998,466.15
109.15299999999998,477.15
146.598,553.15
128.15199999999996,535.15
172.161,682.15
114.16899999999995,480.15
198.29000000000005,614.15
212.27300000000005,646.15
152.23700000000014,494.15
150.22100000000012,506.15
92.14099999999996,383.75
174.15900000000002,524.15
136.15000000000006,532.65
422.826,724.15
81.07799999999999,430.15
81.07799999999999,386.15
69.06699999999998,477.15
69.06699999999998,477.15
287.40599999999955,658.15
280.741,446.15
329.8169999999999,573.15
314.8019999999999,548.15
314.8019999999999,546.15
294.81199999999984,492.15
294.81199999999984,486.95
294.81199999999984,492.15
294.81199999999984,488.15
294.81199999999984,482.15
287.176,431.65
266.7579999999999,462.08
264.742,437.15
270.721,381.15
252.731,422.35
344.82799999999986,571.15
330.8009999999999,559.15
280.7849999999999,472.15
280.7849999999999,463.65
280.7849999999999,495.25
320.831,533.15
185.35500000000025,480.15
262.43700000000007,550.15
302.3669999999995,580.65
147.388,371.15
162.40300000000002,513.15
163.387,471.35
144.388,358.85
181.833,391.35
196.46400000000003,565.15
196.46400000000003,543.15
196.46400000000003,535.15
181.449,492.15
181.449,486.65
181.449,482.15
354.4909999999998,533.15
175.44200000000006,439.15
229.921,546.15
169.385,347.7
169.38500000000002,345.01
169.38500000000002,346.34
133.40500000000003,347.22
133.40500000000003,386.75
149.40400000000002,424.15
131.389,359.86
193.45700000000008,388.65
151.395,359.65
151.39500000000004,361.15
151.39500000000004,382.7
137.368,296.86
287.389,370.15
119.378,334.30999999999995
185.89,422.15
211.47500000000005,527.15
211.47500000000005,514.15
195.47600000000008,502.15
195.47600000000008,494.15
161.41500000000005,422.15
211.47500000000005,538.15
177.45800000000008,442.15
226.446,561.15
164.37500000000003,385.15
237.382,346.85
197.448,535.15
197.44800000000004,522.15
197.448,548.15
147.43200000000004,406.15
147.43200000000004,419.15
147.43200000000004,396.15
147.43200000000004,431.15
163.43100000000004,432.15
161.41500000000005,422.15
145.41600000000005,415.15
145.41600000000005,385.15
193.844,431.15
183.425,485.65
184.413,465.15
235.419,472.15
187.375,318.45
187.375,320.74
614.0920000000001,519.15
324.6369999999991,654.15
136.23800000000003,425.65
364.0569999999999,450.15
184.36700000000025,508.55
195.35000000000025,575.15
200.36600000000024,560.15
198.35000000000025,541.15
198.35000000000025,539.15
182.35100000000023,505.95
437.841,679.15
199.38200000000023,546.15
260.46500000000015,613.15
266.51300000000003,605.15
180.3350000000002,507.15
149.19000000000014,623.15
162.22900000000016,418.15
148.20200000000014,418.15
176.25600000000017,444.15
101.19299999999993,361.95
162.27600000000015,445.15
162.27600000000015,490.15
162.27600000000015,488.95
276.2849999999996,567.15
150.17400000000012,561.75
234.24800000000013,550.15
178.22800000000015,491.15
178.22800000000015,529.15
113.038,435.65
114.022,345.15
112.05,295.15
95.023,204.35
132.46800000000002,246.15
132.08400000000003,363.15
132.08400000000003,350.15
84.03999999999999,225.91
84.03999999999999,276.81
100.039,346.95
82.024,214.06
99.055,309.15
114.066,304.95
209.93600000000004,327.65
195.909,251.29
70.013,191.13
136.525,272.45
161.12600000000003,460.15
146.11100000000005,375.15
171.12100000000004,462.15
208.56600000000003,459.15
136.01900000000003,238.11
162.11000000000004,420.65
162.11,451.15
186.026,271.17
154.08700000000002,380.15
216.158,497.15
174.121,426.15
98.067,260.15
114.066,349.35
96.051,247.73
94.035,224.85
166.01999999999998,245.75
269.51699999999994,534.8499999999999
393.731,491.15
185.35500000000025,467.15
227.4360000000003,508.15
190.2830000000002,440.15
204.3570000000002,517.15
204.3570000000002,522.15
168.1920000000001,508.15
168.1920000000001,528.65
212.20100000000008,573.15
120.14799999999993,382.15
106.12099999999997,373.15
59.112000000000016,275.95
135.21000000000004,507.65
135.21000000000004,505.65
120.19499999999992,449.15
120.19499999999992,442.55
120.19499999999992,437.85
138.25400000000005,434.15
196.29000000000016,501.15
136.23800000000003,419.15
100.20499999999991,353.95
116.20399999999992,401.45
98.18899999999992,350.95
514.6999999999995,673.15
234.2040000000001,558.15
150.22100000000012,483.15
126.2429999999999,419.15
126.2429999999999,409.75
126.2429999999999,417.15
126.2429999999999,414.15
142.2420000000001,475.15
142.2420000000001,462.35
140.22600000000008,451.65
140.22600000000008,463.15
140.22600000000008,462.15
112.21599999999992,386.85
112.21599999999992,378.05
112.21599999999992,389.85
112.21599999999992,383.15
126.19899999999993,431.15
84.16199999999994,326.15
142.2860000000001,422.15
142.2860000000001,426.15
142.2860000000001,430.15
142.2860000000001,435.65
128.2589999999999,407.15
128.2589999999999,400.15
128.2589999999999,397.15
128.2589999999999,410.15
128.2589999999999,412.15
128.2589999999999,404.15
128.2589999999999,403.75
128.2589999999999,412.15
144.25800000000012,466.15
165.1920000000001,528.15
186.33900000000023,498.55
156.31300000000022,443.15
114.2319999999999,382.95
114.2319999999999,372.35
114.2319999999999,387.85
114.2319999999999,386.55
146.23000000000016,503.25
130.23099999999994,419.15
130.23099999999994,424.15
128.21499999999992,419.15
250.3820000000002,523.15
294.4349999999994,550.15
112.21599999999992,381.15
112.21599999999992,374.45
112.21599999999992,389.15
112.21599999999992,378.05
136.19400000000005,509.15
136.19400000000005,508.15
136.19400000000005,506.15
136.19400000000005,494.15
136.19400000000005,522.15
162.2320000000001,514.15
127.23099999999992,421.15
121.18299999999994,443.15
121.18299999999994,443.15
186.2580000000001,592.15
102.13699999999994,505.65
213.105,588.15
169.024,359.45
227.13200000000003,623.15
353.67899999999906,652.15
90.07799999999996,389.15
227.4360000000003,515.65
245.3250000000001,635.15
228.29400000000007,698.15
244.3370000000001,632.15
260.336,653.15
143.27400000000011,426.15
192.25500000000017,535.15
206.28200000000007,514.45
671.0850000000004,451.15
521.0639999999999,402.85
282.0519999999999,335.15
156.31300000000022,469.05
188.38000000000025,530.55
186.2950000000002,553.15
172.3120000000002,519.15
172.3120000000002,504.15
170.2960000000002,506.25
170.2960000000002,500.55
154.2970000000002,465.85
154.2970000000002,469.25
154.2970000000002,465.65
154.2970000000002,465.75
154.2970000000002,466.15
154.2970000000002,465.45
154.2970000000002,465.15
184.27900000000017,548.15
170.2960000000002,523.15
171.32800000000023,502.15
232.41100000000023,585.15
152.28100000000018,469.15
152.28100000000018,479.15
150.22100000000012,500.65
86.08999999999997,345.75
114.14399999999992,389.85
110.19999999999992,400.15
108.18399999999993,417.15
108.18399999999993,403.15
96.17299999999992,372.15
94.11299999999996,374.15
134.17800000000005,488.15
134.17800000000005,481.15
120.19499999999992,413.85
124.18299999999992,442.15
70.09099999999997,341.15
88.10599999999995,412.15
100.11699999999996,367.95
105.13999999999996,432.65
105.13999999999996,435.15
182.2220000000001,584.15
196.20500000000004,624.15
106.16799999999994,417.55
106.16799999999994,412.25
106.16799999999994,411.45
122.16699999999992,490.03
122.16699999999992,484.09
122.16699999999992,484.29
122.16699999999992,474.18
122.16699999999992,500.46
122.16699999999992,494.86
152.1460000000001,653.15
